-04.819 -05.148 -08.000
-09.297 -01.405 +09.331
+07.195 +05.467 +00.030
+02.315 +04.748 +00.198
+08.100 +04.657 -03.568
-08.350 +00.681 +07.408
-02.946 +00.404 -04.168
+06.200 +00.279 +02.200
+02.054 +05.910 +04.115
+08.004 +07.387 +01.629
+00.412 -03.457 +03.877
-06.244 +02.640 +00.704
-07.033 -00.161 +08.566
+07.935 -01.970 +01.874
+06.812 -03.465 -08.966
+04.535 -05.706 -07.499
-06.539 +05.944 -01.838
-01.964 +04.599 +06.872
+01.500 -02.323 -02.674
+05.594 +06.051 -09.768
-00.502 -06.040 -06.915
-02.471 +05.161 -05.339
+04.475 +00.684 -00.359
+06.386 +01.364 +06.873
-00.028 -05.616 +09.841
+05.365 +07.444 -00.364
-00.640 +08.748 -09.895
+08.064 +07.733 -07.883
+07.835 +06.177 -01.464
-01.032 +01.360 +06.741
-09.956 +03.942 -08.411
+08.551 +06.946 -09.231
-06.045 -05.753 +05.537
-09.762 -05.995 +09.550
+07.708 +03.407 -06.249
-03.181 -06.975 +09.362
+00.381 -02.785 -01.526
-02.205 -08.863 -01.076
+06.503 +05.430 +04.815
-01.570 +01.901 -07.976
+08.519 +02.881 +00.812
-06.949 +04.008 +09.383
-07.156 +01.150 +05.926
-00.426 +02.963 -06.656
+02.226 +07.445 -09.228
-01.280 +08.679 -07.048
-02.012 +02.678 +09.691
-03.201 +08.931 -06.313
-03.655 -05.102 -08.872
+06.711 -03.348 +06.855
-09.954 +09.303 +09.950
+02.756 -03.353 +04.686
+05.478 -03.662 +06.388
-01.465 +06.214 -07.707
-02.371 -06.161 +02.394
+08.273 -08.407 -05.470
+03.212 -05.756 -05.967
-05.210 +08.419 +07.525
+03.401 -09.004 +02.035
+08.724 +06.117 -02.602
-07.469 +05.617 +08.746
+06.205 +08.668 -00.667
-08.366 -00.991 -01.195
-00.457 -03.047 +05.377
+00.583 -06.659 -07.236
+05.391 -04.053 -07.339
+06.540 -08.776 -01.112
+05.564 -00.820 +02.651
+06.865 -05.322 -01.114
-08.776 -02.022 +02.581
+08.390 +08.906 +08.716
+01.844 +07.126 -09.094
+05.130 -04.177 +02.933
-04.066 -06.382 -00.656
+09.877 +09.628 +08.835
+06.338 -02.734 -06.877
-02.076 +05.533 -01.210
+01.947 -08.163 +03.265
-09.427 +01.046 +01.563
+08.136 +02.720 -02.746
-00.024 -09.722 +07.411
+05.437 -03.790 -08.194
-01.998 +04.201 -07.046
+01.152 +00.952 +01.448
-08.390 +01.765 -08.154
+06.549 +05.846 +01.556
+01.295 -08.492 -03.838
-05.773 -05.505 +09.312
-07.167 +09.791 +03.502
+07.864 -03.930 +08.137
+07.919 -08.784 -05.561
+04.502 +03.602 -08.921
+06.604 +02.406 -02.043
-02.976 -07.667 -09.000
+00.916 +02.477 +09.550
-00.555 -08.901 +02.681
+01.722 +08.621 -05.551
+09.447 -08.805 +08.807
-07.756 +03.336 +03.662
-05.054 -00.812 +07.673
-08.550 -09.949 -03.205
+01.134 +07.424 +08.497
+08.052 +07.580 -06.790
-01.751 -08.607 -01.817
-01.953 +07.848 -02.138
-04.621 +01.874 -02.413
-04.250 -08.354 -06.548
+09.390 -03.061 -09.055
-01.707 -09.435 +06.381
-06.602 +01.541 -06.575
-00.205 +00.641 +08.552
+06.568 +02.167 +00.977
-07.506 -02.234 +03.615
-04.436 +05.599 -02.811
-09.351 -08.108 +03.399
-09.215 +01.889 -00.671
-06.547 -07.187 +01.680
-09.291 -08.886 +03.157
-05.153 -06.959 +04.631
-08.040 -05.758 +05.351
+07.068 +02.011 -03.117
-06.051 -09.336 -06.723
+07.880 -00.251 +05.769
-03.807 -04.832 -03.164
-04.979 -07.122 -02.186
+07.325 -06.455 -01.578
+02.924 +04.720 +02.663
-06.474 +07.391 -04.761
+07.768 +09.210 +01.235
-00.255 +01.438 -05.267
+06.759 -00.801 -08.531
-04.182 +04.461 +00.314
+08.893 -05.198 -03.744
-03.334 -07.029 +06.195
+03.792 -03.774 -08.738
-04.260 -09.005 -00.590
+04.290 +09.674 +06.232
-09.177 +07.456 +00.440
-02.129 +09.289 -00.140
+00.472 -05.851 +09.524
+02.135 -06.965 -00.243
-07.563 +04.030 -06.586
-00.926 +01.310 +04.716
+09.487 -06.653 -06.707
+06.422 +01.610 -08.588
+09.534 +08.824 +08.098
+01.170 -08.023 -07.813
-03.376 +01.895 +00.669
+06.684 -06.932 -05.819
+02.981 +00.758 +02.723
+02.013 -01.760 -06.504
+05.793 +05.901 -00.066
+01.297 +05.201 +02.117
+09.321 -06.308 -05.061
+06.852 -04.217 -05.683
+00.812 -02.218 -01.183
-01.889 +05.405 +02.745
+01.859 -08.925 -04.330
+07.889 +01.400 -07.431
+09.417 -09.575 -04.719
+09.378 -07.341 +07.048
-06.681 +06.526 +06.634
+04.411 +05.338 +05.771
-08.591 +07.186 -09.448
+07.162 +08.163 -09.832
+03.067 -01.084 +09.461
-02.208 +07.436 +03.472
-01.054 +09.047 -02.106
+02.188 +09.920 +08.702
+00.593 -08.870 +09.294
+09.360 -04.361 -09.607
+07.116 -07.031 +03.951
-03.326 +04.323 +06.411
-04.008 +06.604 -07.525
+01.347 -03.199 -00.668
-05.560 -09.058 -01.527
+00.348 +05.372 -00.117
+06.919 +05.862 +06.230
+09.900 -03.571 +03.699
-06.399 +00.052 +01.903
+02.525 +03.949 -05.489
-03.591 +03.500 -01.295
-08.126 -07.692 -05.694
+04.037 -03.075 +01.409
-09.440 +05.048 +09.813
+05.514 +00.487 -05.418
+04.273 +09.628 -05.059
-00.742 -00.890 +08.763
-01.508 -07.444 +05.953
+07.583 -00.807 -05.638
-03.965 +01.386 +03.430
+01.467 -01.574 +08.297
+00.743 -05.555 -09.542
+08.473 -02.590 +04.792
-09.651 -06.454 +08.077
+09.520 -08.599 +03.044
-08.445 -03.185 -03.926
+05.486 -01.232 -02.807
+00.076 +08.891 +01.129
+01.887 +06.970 +05.320
-03.114 -02.841 +09.237
-09.897 +01.502 +03.843
+03.679 +03.322 +05.355
-04.165 +03.463 -04.478
+09.810 -01.777 -08.467
-08.410 +05.877 -04.809
-01.835 -08.011 +09.716
+01.309 +01.807 -01.812
+03.650 +03.680 -09.084
+00.812 -06.170 +03.426
+08.869 -03.202 -08.895
+06.754 +09.469 +07.208
+08.439 +06.011 +07.952
+06.203 -05.386 +00.973
+03.707 +03.944 +08.530
-07.619 +08.871 -07.786
+07.970 +06.361 +04.988
-01.345 -02.454 -01.944
+08.884 -08.180 +04.304
+06.900 -07.413 +03.766
+03.619 +06.462 -05.128
+09.724 -07.808 -06.011
+08.713 +02.277 +00.672
+00.002 +06.784 -06.019
-08.974 -03.542 -03.310
-06.088 -04.878 -07.803
+00.327 -08.412 -08.115
-09.745 -05.308 +07.295
+00.226 -03.060 -00.218
+08.761 -06.885 -05.409
+05.590 -05.896 +05.765
+06.799 -00.444 +08.975
+05.144 +03.560 +01.689
+07.892 -05.734 +08.540
+03.533 +07.105 -02.868
+01.814 -05.104 +08.900
-01.515 +04.779 -08.677
-01.706 +02.452 -01.364
+01.753 +08.734 -04.742
-05.628 +00.203 +01.487
-04.136 +09.799 +06.189
+08.650 -09.345 +09.873
-07.139 -08.525 -03.232
-05.758 +00.111 -06.187
+00.343 -05.230 -04.578
-05.058 -00.964 +04.046
-09.813 +00.266 +04.223
+08.976 +04.907 +00.356
-03.666 -09.563 -05.060
-02.444 +08.072 -02.747
-00.003 +02.541 -06.144
+01.623 +07.176 -08.994
+07.854 +02.329 -00.707
+01.989 +08.568 -08.118
-03.200 -01.211 +04.388
-07.754 -00.942 -06.373
-01.246 +03.247 -06.235
+07.782 +08.763 +06.591
-07.898 +06.513 -01.343
-00.583 +09.784 +03.904
-09.202 +00.341 -08.871
+07.886 -04.840 -03.647
-02.204 +05.730 -05.839
+05.789 -08.001 +09.021
-05.094 +09.001 +07.315
+03.447 +00.887 +05.334
-07.669 +05.976 -09.613
-06.624 -02.089 +07.117
+06.054 -03.724 -07.684
+02.289 -09.663 -03.055
-03.311 -01.208 -02.994
-01.145 +07.870 +08.380
+07.379 +06.980 +01.076
-06.238 +00.221 +05.744
+07.639 +02.225 +00.527
-06.361 +07.966 +08.751
+01.202 -03.084 -08.927
-08.292 +01.449 +01.136
+01.105 -05.008 -04.222
+02.484 +04.602 +09.800
+08.489 -09.147 +00.378
-06.566 -09.042 +00.894
+02.740 +00.849 +00.267
-02.580 +09.417 -05.140
+01.334 +06.408 -03.521
-01.891 +07.947 -01.203
-07.946 +02.835 -06.151
+08.969 -09.876 +01.194
+02.631 +05.732 +06.427
+00.069 -05.838 +04.152
-09.711 -00.444 +04.079
-06.140 +01.659 -05.993
-07.200 -02.995 -03.065
+05.496 -01.766 -03.979
+04.322 +03.333 +00.648
-04.652 +06.610 -01.601
-00.484 +09.897 +01.190
+01.258 -05.579 -03.586
+02.232 +04.852 -01.086
-02.511 -01.692 +04.137
+06.588 +01.782 +04.213
-09.770 -09.846 -06.918
-06.022 +04.161 +00.087
+06.320 +04.698 +04.874
-04.616 +08.320 +05.065
-00.819 -04.550 -07.696
-07.397 -05.433 -05.014
+02.943 -03.478 +05.017
+09.060 -08.332 +03.938
-05.407 +00.215 -00.436
+06.419 +01.907 +04.692
-05.820 -04.421 +09.377
-01.620 +09.333 +00.253
+02.986 -06.695 -00.982
+08.872 -04.888 +02.533
+09.983 +07.525 +02.756
-08.604 -02.704 -02.731
-01.198 -09.747 -02.559
-01.287 -03.478 +02.678
-09.969 +05.001 +04.205
+09.307 +01.070 +08.324
+05.453 -02.933 -05.770
+09.587 -07.906 -06.335
-09.335 +06.893 +08.167
+07.305 +01.993 -04.786
-01.198 -06.925 -01.492
-01.507 +06.734 -08.467
+05.037 +00.832 -05.654
-08.796 +09.495 +00.120
-05.380 +04.715 +06.013
-05.677 +01.749 -08.717
-05.291 -06.946 +01.319
-07.657 -00.829 -07.437
+00.039 +04.022 +01.406
-00.847 -00.761 -08.801
-02.974 -08.002 +06.894
-03.068 -04.009 -05.017
+07.835 +03.165 -07.014
+09.720 +04.680 -07.613
+09.832 +05.691 -01.530
-08.407 -05.193 +04.857
-06.399 -09.516 -05.253
+06.396 -04.485 +09.034
-06.870 -06.280 -07.759
+01.024 -01.777 +06.706
+07.567 -09.328 -07.697
+03.752 -00.963 +09.368
-09.676 +00.717 +00.821
-00.452 +08.775 -07.653
+09.252 +01.244 +08.066
-07.543 -01.300 +09.189
-04.350 +06.751 -01.034
+09.442 -01.569 -05.011
-06.429 +05.287 -09.892
-02.880 +01.237 +07.764
-04.352 +08.711 +05.029
-04.835 -03.239 -05.843
-08.892 -07.492 -05.852
-07.491 -01.711 +06.914
+05.606 -03.036 +02.529
-00.151 -00.239 -03.252
-02.996 +04.504 +02.053
+06.163 +08.463 +09.570
-05.768 +09.783 +07.021
-00.389 -05.617 -08.856
+03.586 +02.000 -08.002
+03.924 -04.842 -05.534
-00.970 +07.729 -06.457
-05.830 +01.285 +06.206
+04.864 -09.644 -01.282
-09.979 -06.075 -05.706
-08.262 +07.235 +04.138
-08.587 -06.737 +04.618
-03.420 -04.899 +09.021
+05.616 -07.559 -03.149
+07.922 -08.931 +07.624
-06.611 -05.154 -01.898
+02.627 +05.245 -07.510
-01.609 +07.193 +07.928
-00.822 +00.536 +08.999
-09.636 +04.358 -07.508
-07.507 +02.945 +08.333
+08.408 -03.340 +00.739
+00.244 +00.989 -04.034
+09.171 -05.304 +02.187
-07.431 -04.615 -04.492
+06.990 +03.067 -05.041
-04.227 -05.525 -00.040
-06.037 +09.783 -03.272
-03.140 -03.553 -07.827
-04.618 -00.992 +01.008
-04.921 +03.320 +09.994
+03.941 +05.653 +03.521
-06.915 -08.936 +06.629
-06.106 -08.860 -03.524
-05.811 -08.185 +04.020
-09.999 +06.625 -08.135
-09.443 +00.425 -09.043
+04.231 +03.840 -02.271
+01.902 +03.998 +06.670
-03.752 -01.065 +06.771
+05.216 -09.761 +07.582
+00.137 -06.508 -02.514
-01.478 +06.936 -08.711
+00.595 -05.196 -07.470
-03.691 +09.525 -02.434
-07.777 -02.761 +05.839
-02.800 +01.423 +00.915
+00.612 -01.144 -01.592
+08.255 +00.235 +06.909
+04.800 +04.596 -06.388
-00.496 +00.336 -09.374
-05.335 +08.834 +05.788
+05.349 +06.667 -08.103
-02.864 -07.161 +03.697
-00.852 -09.425 -04.976
+04.592 +05.476 -07.554
+00.376 -09.018 -08.209
+00.203 +09.308 -02.206
-02.786 +01.664 -08.072
-09.896 +06.325 -04.261
-02.983 -05.380 -06.760
-01.365 -00.727 -02.481
-06.502 -09.724 -02.587
+00.032 +01.438 -09.571
-00.878 -01.281 +02.678
+09.166 -08.154 +09.756
-08.980 -00.564 +06.734
-06.132 -09.861 +04.783
+00.736 -00.874 +09.524
+04.303 +05.881 +05.442
+08.796 -02.427 -04.485
+04.970 +00.336 -07.365
-07.488 +02.681 -02.135
+09.370 +04.548 -05.940
+08.577 -06.375 -09.275
+09.889 +01.597 +09.089
-05.519 +04.980 +03.371
+06.545 +04.988 +01.780
+06.530 -02.436 +09.979
+03.873 +03.197 -04.675
-02.023 +06.870 +04.347
-07.288 +06.682 +06.639
-00.297 -05.571 -00.898
+03.650 +01.079 -03.656
-09.514 -07.969 -03.352
+02.205 -03.629 +06.407
+07.781 +03.777 +03.674
+03.031 -00.935 -05.260
-02.514 +00.682 -00.795
+02.492 -00.205 -02.742
+09.013 +08.460 -05.676
+06.940 +00.785 +09.201
-05.533 -03.240 +06.189
+03.331 -01.704 +05.832
+08.722 +06.591 -06.404
+07.701 -00.957 -02.510
+02.458 -03.033 -01.963
-08.116 +08.219 +05.744
+05.623 +05.264 -04.286
+09.883 -00.479 +09.060
+06.276 -00.562 +08.115
+08.109 -06.222 +02.026
+08.496 +03.654 -08.086
+06.262 -00.052 -07.465
+01.435 +01.534 -03.508
-02.800 +05.111 +00.734
+03.359 +01.497 +04.636
+01.139 +09.618 -05.844
-05.450 -01.178 -00.222
+07.204 +03.890 +06.121
-02.184 +01.535 +09.811
-01.016 +04.807 -08.303
+01.603 -02.761 -03.518
-03.225 -07.677 +02.898
+07.580 -03.239 +05.468
-09.480 +00.664 +05.336
-00.465 -03.224 +02.952
-09.033 -04.964 -03.000
+03.937 +04.831 +04.348
-00.509 +09.971 -05.255
-04.261 -06.713 +06.789
+09.591 +09.533 -05.596
+09.241 -09.479 +06.976
+04.172 -03.100 +04.213
+06.175 -00.584 +06.245
+01.006 -09.631 -03.223
+02.268 -05.070 +08.334
+09.199 +08.403 +08.195
-00.693 -07.414 -07.211
-02.693 +06.645 +05.028
+07.688 -01.283 -07.366
-01.233 +01.819 -08.575
-05.841 +01.715 -02.494
+01.788 -05.569 -02.937
-06.625 +04.939 -07.001
+09.579 -02.477 +03.741
-05.118 -01.745 -08.685
-07.662 +09.602 +07.000
-02.147 -05.564 -05.594
+04.434 +08.763 -01.236
+01.621 +06.885 +06.848
+07.543 -08.763 -08.957
+08.137 -08.078 -01.754
-09.864 -08.967 +03.785
+08.519 -08.851 -08.393
-04.662 -09.525 +08.868
-05.242 +01.507 +08.788
-01.734 +01.041 -00.446
-07.629 -02.130 -06.941
+02.483 +02.780 +02.028
+01.975 +03.754 +08.290
+00.214 -02.658 +06.050
-08.799 -03.662 +05.969
-08.230 -04.306 +00.390
+08.963 +08.590 -07.580
+09.437 -09.570 -08.349
-00.413 -05.138 -09.235
+08.742 +05.785 -07.479
+05.873 -06.171 +05.196
+08.506 -03.945 -05.417
+09.803 +00.074 +05.547
-07.858 -07.799 -01.771
-01.365 +07.422 -06.078
+03.438 +04.736 -01.686
-06.568 +07.982 +03.447
+08.722 +03.679 -09.694
+02.330 +07.979 +07.324
+05.531 -02.180 +04.844
-01.701 +03.580 -00.443
+07.057 +06.989 +00.763
-07.306 +09.342 +09.483
+02.290 -03.299 +01.484
+09.850 +03.044 -09.268
-01.488 +02.597 +00.715
-06.416 -09.971 +00.963
+05.910 +04.268 -04.678
-01.367 -03.369 -05.958
-00.123 -00.272 +06.635
-08.006 +07.304 -04.453
-00.677 -09.847 -06.082
+04.113 -07.280 +06.540
-02.036 +05.316 -06.328
-03.436 +01.043 +02.300
+07.885 +02.896 -07.903
-00.156 -01.566 +06.287
-09.763 -06.354 -03.864
+04.605 -02.266 -02.277
-09.703 +02.485 -08.371
+03.554 -02.789 +04.340
-06.737 -08.269 -08.808
+03.088 +06.520 -01.177
+06.785 -05.367 +04.989
+08.612 +02.229 +06.348
+03.051 +06.555 +09.863
+09.935 -03.933 -08.516
-06.938 -07.509 -08.862
+02.985 -05.187 -01.185
-02.262 +05.137 -00.811
-08.935 -06.983 -08.619
+08.432 -04.845 -03.563
+02.306 +08.298 -01.320
+09.088 -05.534 +09.942
+03.467 +05.118 +01.957
+00.292 +08.898 -04.530
-05.620 -09.667 -01.360
+08.135 -02.900 +02.123
+01.102 +09.788 -05.993
-01.959 +04.552 -00.063
-08.574 -08.419 -08.885
-00.674 -06.555 +01.531
-07.755 +01.079 -09.368
+02.748 -06.331 +05.161
-04.256 +03.036 -09.612
-06.137 +07.736 +04.889
-01.602 +09.757 -07.062
+07.581 +06.187 +05.088
+06.974 -00.710 +00.627
+05.863 +09.492 +03.454
-07.579 -03.690 +01.586
+05.227 -09.553 +03.354
-04.080 -03.287 -09.352
+09.946 +00.917 +07.858
-05.415 +08.851 +09.463
+06.891 -08.601 +02.243
+04.495 -05.837 -05.610
+09.490 -00.881 -00.482
-06.601 +01.322 -08.666
-04.231 -03.727 +04.384
+09.447 -01.246 +08.934
+06.251 -04.716 +02.173
-02.106 +07.220 +05.324
-00.739 -05.984 -02.948
+03.482 -08.968 -07.014
-02.736 -00.089 -01.523
+01.385 -04.962 +05.541
+03.450 -01.257 +00.536
-07.769 -01.058 -04.110
+00.397 +09.602 +08.022
-05.334 -08.937 -06.221
+09.208 +07.554 -08.114
+06.984 -01.792 +07.234
+00.301 +01.717 +07.416
-05.941 +03.836 +09.675
+09.756 -08.749 +06.489
-09.816 +00.534 -08.121
+01.780 -05.585 +01.185
-01.833 -05.779 -07.763
-01.582 +04.726 -05.546
+00.911 -09.012 +04.204
+05.705 +00.717 +09.551
+05.094 +08.905 +02.975
+09.200 -03.245 +06.085
-05.263 -07.839 -07.644
+07.652 -07.767 +00.847
+06.743 -01.584 +01.935
+08.727 -00.270 +04.544
+03.209 +03.828 +08.122
-06.914 +09.437 -04.530
+07.785 +05.592 +07.062
-01.299 -02.816 -03.210
-04.918 +04.350 -01.854
-04.618 +08.474 -01.118
-08.653 -04.163 -05.930
-03.752 +02.257 +07.334
-08.496 +08.716 -09.687
+01.671 +07.542 +02.031
-03.678 +09.680 +03.065
-00.366 +07.816 -09.601
+07.677 -06.138 +00.269
-04.085 -04.668 -08.437
-07.639 -05.029 +04.021
+06.378 +01.470 +05.123
+04.998 +00.170 +08.376
-08.938 +07.198 -09.178
-05.967 -05.204 -08.558
-00.966 -00.123 -05.472
+00.022 +08.208 +05.519
-04.597 +03.012 -05.830
-02.469 -05.595 -01.156
+01.316 +06.489 -08.070
+06.180 +08.888 +09.020
+09.696 +01.780 -07.440
-05.140 +06.573 +03.559
-08.088 -08.394 +09.555
-09.080 -00.874 -03.909
+07.314 -06.162 +05.317
+04.965 +01.786 -01.838
-09.143 +01.425 +00.296
-02.618 -03.358 -09.533
+08.941 +04.487 -04.446
-03.911 +01.951 +05.780
-07.140 -02.252 -03.172
+00.585 -08.293 -07.475
-08.731 +05.962 -01.703
+01.132 -06.894 +02.179
-05.048 +05.027 -00.996
-09.879 -09.204 -05.492
+09.889 -00.167 -03.497
+08.752 -08.709 -07.723
-07.133 +07.627 -06.344
+02.781 -04.821 -07.094
-04.962 +00.773 -09.786
-03.337 -04.736 +05.948
-02.297 +09.011 -02.149
-09.762 +09.787 -05.433
+05.510 +09.385 +06.593
+07.224 +09.029 -02.723
+05.245 -03.834 +09.707
-05.341 +02.771 -04.511
-02.541 +04.250 -09.908
+09.192 -04.704 +06.529
+03.867 -09.099 -06.017
+05.578 -04.883 -09.645
-08.287 +04.974 +05.819
+07.698 -02.857 -02.758
+08.073 -09.445 -06.352
+07.393 -03.076 -04.726
-06.266 +05.762 -04.967
+02.475 -00.532 +09.250
+06.014 +03.304 -05.426
-01.655 -01.027 -02.766
-03.328 +09.493 -08.893
-04.671 -00.857 +04.620
-02.373 -02.521 -08.367
-00.603 -01.110 +02.284
-05.774 +01.673 +08.360
-02.543 -02.518 +04.738
-02.294 +09.487 -02.104
-06.633 +01.403 -06.607
+04.422 -08.433 +07.754
-03.431 -00.804 -05.026
-01.625 -01.769 -06.673
+07.848 +05.304 +04.876
-00.622 +09.035 -07.823
-09.559 -09.047 -05.859
-00.346 -09.327 -00.487
+06.879 +04.099 +03.571
-07.456 +07.310 -09.437
+08.056 -07.396 +09.157
+03.615 -03.775 +06.350
-04.988 -07.496 +06.934
+08.199 -05.313 -00.586
-02.702 -02.831 +00.002
+09.331 -07.983 -03.051
-07.701 +00.090 -04.813
+01.829 +01.484 +02.365
+03.856 -07.126 -04.038
-03.030 +09.450 +05.066
+00.131 -04.852 -04.385
-07.215 -00.712 +01.537
-08.977 -07.466 -03.596
-00.880 +03.508 +05.889
-02.167 -09.095 -08.418
-02.436 +03.220 +00.094
-04.773 -09.942 +05.279
+04.477 -00.993 +08.468
+06.651 +00.064 -09.645
+08.582 -08.132 +09.744
-00.020 +02.380 -04.909
-00.360 +08.465 -08.918
-06.804 -04.169 -02.737
-02.564 +05.248 -09.445
-07.239 +00.980 -09.592
-05.455 +01.346 +04.581
+00.161 -02.108 +03.230
+04.412 +00.977 -06.337
+08.204 -06.079 -09.186
+01.508 +03.661 +04.341
-01.886 +02.641 +05.913
+03.514 -05.262 -08.933
-01.899 +05.555 -08.447
-09.760 -01.417 -00.471
-00.852 +01.158 -07.550
+01.068 +01.000 -09.420
+05.290 +06.511 -04.454
-06.166 -00.111 +01.383
-09.355 -00.798 +01.077
-04.749 -02.261 -05.430
-09.882 +08.285 -08.579
+03.484 -05.077 +05.359
-09.625 -06.321 -04.800
+05.327 +04.791 +04.916
+03.522 -07.860 +02.379
-09.526 -08.139 -02.748
-08.919 +06.354 +07.427
-05.909 +04.026 +03.418
-07.660 +00.769 -09.541
-03.926 -08.314 +04.880
+04.603 +03.261 +08.222
-07.072 +06.647 +04.815
+00.895 -08.938 -06.785
+09.505 +07.194 +03.883
+02.230 -05.150 +07.031
+00.736 +00.440 +00.208
-09.811 -09.922 -09.781
+00.301 +04.222 -09.089
+08.648 -05.296 +04.823
+03.951 +05.601 -01.273
+07.363 +00.841 +04.885
-00.962 +04.716 -01.593
+04.411 +06.286 +02.218
-05.019 +00.477 +07.138
-05.432 -09.771 +03.540
+06.790 -03.576 +01.414
+09.264 +03.087 +05.620
-02.194 +01.546 -03.496
-05.700 +00.651 -07.353
-03.378 -01.973 +08.934
+08.232 +03.088 +01.962
+03.822 -01.020 +07.352
+02.705 -01.953 -05.277
-07.174 +03.851 -08.620
+09.857 +06.674 +04.884
-01.578 +09.400 -06.985
-02.742 -01.080 +01.682
+07.777 +07.803 -03.217
-00.916 -09.294 +03.186
+04.758 +01.237 -06.613
+06.511 +05.599 -02.795
-05.324 -04.968 +09.565
+00.018 +04.495 -04.623
+05.747 -00.428 +02.174
-01.536 -00.417 +01.873
+02.665 -02.986 -01.593
-00.207 -08.751 +07.217
-05.427 -01.713 +07.549
-01.044 +00.511 +02.677
-00.219 +08.695 -07.743
+08.720 -09.823 +02.190
-00.334 -08.425 +04.946
+03.100 -06.027 +06.618
-03.102 -07.668 +01.900
-06.570 +08.411 +01.025
+06.867 +01.490 -03.218
+09.140 +08.988 -06.355
+07.072 -09.453 -02.597
+08.224 +07.677 +03.660
+08.234 +01.764 -06.911
+05.484 -02.575 -07.999
+05.467 +07.621 +07.535
-00.273 +02.736 +03.473
+02.277 +04.032 -04.475
-06.015 -07.134 -04.290
-01.353 -03.011 -09.456
-06.027 +08.325 +01.516
+01.123 -06.894 -04.831
+09.179 -04.371 -05.848
+06.377 -08.614 +08.293
-09.685 -04.857 -08.309
+07.207 -06.918 +02.385
+03.452 +02.186 -06.338
-00.743 -04.041 +02.859
+09.638 -03.124 +03.919
-05.669 -07.322 -00.356
-08.626 -02.686 -01.139
+02.299 +09.443 -01.801
-09.480 +04.941 -03.338
+03.357 -05.239 -04.013
-04.198 +00.688 -03.063
+07.943 -04.209 -00.168
+05.386 -07.723 -04.184
-05.892 +00.441 +08.561
+00.900 +04.242 -06.917
+09.654 +03.241 -07.871
+05.328 +02.821 +04.493
-05.462 -05.707 -06.349
-01.003 +05.597 +05.334
+05.925 +01.788 -02.517
-08.445 +07.684 +07.162
-01.679 -06.241 -06.824
-08.286 +00.585 -07.221
-04.536 +02.627 -04.451
-07.979 -07.302 -07.603
+05.553 -05.609 -08.435
-02.629 +02.611 +02.795
-03.427 +07.486 -00.857
+01.040 +02.079 -07.035
+06.595 -04.648 +05.266
-01.836 -01.586 -07.834
-06.142 -07.977 +05.046
+08.886 +08.186 -08.405
-00.878 -06.176 +05.609
+06.967 -04.270 -03.312
+04.153 -01.548 +04.011
+08.977 +00.719 -01.677
-08.377 -01.115 +04.846
+08.309 -04.741 -01.943
-04.094 -00.902 +00.471
-06.913 +02.857 +03.004
+00.812 -05.416 +08.780
+09.563 -03.332 -07.204
+08.392 -09.813 -09.861
+05.455 +05.410 -09.607
+01.575 +09.779 +04.335
-05.181 -00.769 +09.328
-03.607 +06.003 -01.218
-08.787 +07.173 +08.667
-07.569 -02.837 -07.858
-07.527 -04.385 +09.008
+05.470 -04.983 +03.355
-05.513 -09.063 -03.949
+01.261 -01.916 +06.114
-08.564 -00.203 +09.237
-09.546 -06.346 -07.090
+09.785 -08.728 -06.268
-02.065 -00.029 +03.529
-09.126 -07.553 -09.234
+00.937 -06.859 +08.018
-07.495 +05.848 +04.744
+03.012 -09.508 +00.691
-03.150 -08.102 -04.286
+07.305 +06.536 -02.561
-03.531 +09.154 -05.540
-03.205 +05.747 +07.750
-00.092 -03.927 +04.292
+03.844 -03.190 -09.287
-05.105 +02.549 +05.725
+04.413 +09.065 +09.558
+09.255 +01.294 -02.118
+04.410 +07.404 -05.325
-07.295 -04.186 -03.561
-05.132 +05.991 +07.865
-05.670 +05.290 +03.272
-08.185 -02.844 +09.614
+06.936 +03.320 -06.155
+01.458 -03.224 +06.004
+04.565 +05.758 +08.418
-06.899 -05.119 -07.070
+08.191 +03.824 +02.974
-08.108 -09.868 +08.877
+05.903 +09.202 +01.805
-06.716 +00.983 -00.283
+04.006 +04.367 -04.221
+02.869 -02.901 +04.825
-07.139 +01.157 +00.363
-04.119 +06.593 +08.676
-05.177 -07.790 -04.209
+03.978 -01.746 +01.138
+04.956 +03.160 -01.652
-00.034 -05.080 +02.846
-02.954 -05.663 -00.788
-06.860 +06.075 -09.479
-05.257 +05.446 -09.936
+03.072 +01.120 +07.408
-00.949 -03.362 -01.002
+02.876 +02.380 -02.387
+05.648 +08.407 -00.001
+01.299 +00.496 -07.517
-00.857 +08.163 -05.098
+05.882 +01.953 -02.973
-00.058 +09.893 -01.166
+05.079 -09.768 +09.865
+00.304 -06.359 -03.997
+04.353 +04.405 -08.908
-05.889 -02.625 +05.902
-08.750 -09.763 +09.721
-07.078 -04.933 -07.759
-04.305 -09.244 +06.949
+05.021 -07.228 -02.282
-04.818 +04.259 +01.862
-05.157 +06.359 -07.474
+02.699 +05.629 +04.783
+05.925 -05.497 -07.841
+00.215 -02.938 +04.150
+00.146 -01.418 +00.955
+07.405 -07.121 -00.837
-03.167 +01.065 -04.011
-03.452 -00.637 +05.056
+06.538 -05.390 +07.619
+01.263 -02.323 +09.768
+00.833 +01.403 -01.309
+00.713 +08.510 +07.885
-04.730 +06.218 -01.356
+02.913 -03.924 -01.052
+06.760 +00.722 -09.956
+02.072 +08.362 -08.025
-04.481 -03.026 +05.403
-01.523 -01.606 +00.213
-04.411 +08.018 +05.441
-01.474 +05.270 -06.051
+06.951 -05.980 +05.320
+01.668 -05.864 +07.889
-08.119 +08.604 +06.928
+00.913 -02.128 +05.716
-02.184 +08.120 -07.675
-01.538 +01.293 -04.830
-09.665 +06.518 -08.615
+00.443 +01.081 -03.982
+02.843 -09.740 +08.883
+03.954 -09.934 +05.173
-08.645 -02.489 +03.305
+06.750 -05.193 +05.749
-05.621 +09.275 -06.770
-01.803 +04.630 +00.495
-04.448 -03.135 +07.056
+04.995 -05.268 +07.861
+06.571 +03.044 -02.918
+03.446 -08.982 +06.036
+04.933 +07.713 +05.315
+05.029 +05.831 +02.097
+01.701 -09.312 -05.254
+03.451 +00.938 -05.063
+07.202 -08.722 -02.616
+03.070 -04.581 -03.822
+04.255 -03.848 -08.018
+01.760 -07.355 +05.274
-06.795 +05.932 +01.855
-01.630 -04.533 -00.633
+02.140 +02.495 +05.431
-01.308 -01.705 -05.493
-02.905 -09.608 -07.346
-07.521 -01.219 -08.829
-04.413 +01.300 -04.063
+09.920 -00.749 -03.354
-07.569 +02.543 +03.548
-03.229 +03.707 -02.946
+09.594 -08.637 -05.404
+09.838 -06.979 +05.907
-03.910 -02.819 +09.856
-09.670 +04.063 +07.687
-07.708 +05.686 +07.215
+08.705 +04.649 -09.059
+00.480 -03.829 +07.046
-09.675 +06.467 +07.996
-07.251 -03.330 +09.864
+02.462 +06.549 -07.925
+00.003 -00.485 -09.137
-04.143 +06.198 +04.087
+04.398 -08.213 -01.278
-00.673 -02.200 +08.382
+08.507 -03.996 +07.808
+08.525 -04.364 -09.016
+09.076 +05.893 -03.813
-07.115 +02.648 +02.113
-00.598 -09.844 -09.205
-02.275 -00.391 +07.450
+01.801 +04.235 +02.426
-01.401 +05.832 -07.635
-08.754 -04.249 -06.727
-05.066 -05.525 -04.154
-01.548 +04.800 +08.391
-02.553 -02.253 -07.632
-06.461 -09.494 +09.708
-09.643 -04.643 +07.156
+00.431 -03.984 -08.238
+04.115 -03.634 +03.162
+09.759 -02.291 +01.116
-00.923 +07.629 +03.453
+02.881 +03.027 -06.299
+03.531 +05.309 -07.620
-06.266 +04.490 -06.300
+00.622 -07.905 -03.794
-06.099 -02.468 -09.824
-09.295 -05.250 +02.399
-07.444 +05.514 +01.070
-05.266 +04.770 -06.473
-01.270 +09.355 -06.479
+03.495 -05.568 -01.306
+02.088 +05.327 -04.419
-09.059 +09.485 -02.165
-01.515 -08.393 -03.426
+03.254 -02.226 +02.898
-00.004 -08.360 +05.878
+06.416 -08.228 -07.120
+00.012 -08.767 -01.881
-00.486 -05.489 -01.013
-08.697 +00.389 -09.528
+06.163 -00.053 +00.556
+02.634 -06.628 +07.136
+05.692 -04.713 +08.876
+06.244 +06.254 +05.894
-04.060 -06.559 -04.099
-01.971 +01.763 -06.104
-05.603 +01.908 +07.148
-01.008 +02.918 +00.119
-01.545 -00.202 +09.620
-07.084 +05.794 +07.875
+00.520 +08.309 -02.530
+03.496 -06.943 -08.263
-08.527 +01.444 +08.433
-08.083 +04.097 +06.948
-06.188 -00.704 +06.859
-04.797 +01.420 +01.338
+07.764 -02.576 +03.521
-03.896 +01.053 -00.785
-00.443 +08.234 +08.709
-02.883 +05.450 -01.668
+05.385 +05.827 +05.868
+03.569 +06.714 +06.032
-03.513 +04.511 +05.010
+07.361 -04.251 +02.741
-03.342 +09.102 +02.179
-08.247 -01.732 +02.995
+09.342 +09.309 +06.175
+04.823 -07.339 +03.895
+05.642 -08.913 -01.009
+04.244 +04.242 +05.690
+07.578 +07.791 -06.329
+06.141 -08.799 -02.394
-01.355 -08.491 +02.046
-06.625 -07.491 +04.149
-01.356 +03.979 -02.344
-09.831 +03.750 -06.589
-09.191 +09.788 +05.743
+09.625 -04.962 -09.867
+09.814 -08.335 -01.459
-09.933 -00.071 +03.669
+03.107 -04.658 -09.805
-00.622 -04.904 -03.525
-02.433 -09.095 +06.753
-08.063 +00.515 +06.208
+00.703 -05.341 -04.930
+09.446 -01.726 +09.790
-09.972 -05.611 +09.431
+03.175 +05.455 -07.600
-00.822 -06.143 -06.925
+01.482 -04.586 -08.733
-08.963 +02.042 -05.277
+02.496 -09.812 -01.873
+06.447 -03.007 +07.728
+01.876 +01.632 -09.195
-06.166 +09.362 +03.890
-07.530 -02.614 +02.212
+04.672 -08.244 +07.238
-07.364 +09.690 -08.457
-09.598 +04.496 +06.186
-04.302 -02.133 +07.746
-08.367 -04.912 -03.881
-07.839 -08.173 -05.191
+04.631 -00.995 +08.419
-09.170 -04.858 +08.566
+07.537 -06.003 -06.498
-03.066 +07.956 -01.567
+07.164 +01.587 +03.853
+09.089 +06.734 +02.688
+08.356 -00.787 -03.078
-02.142 -00.362 +01.494
+05.658 -03.389 +00.033
-04.119 -04.050 -02.429
+03.591 -05.830 +07.649
+05.994 -00.969 -06.176
+09.574 +05.754 +04.550
-05.512 +06.612 -06.267
+04.894 -08.070 +00.852
-03.681 +08.975 -03.265
-06.738 -02.605 -04.558
+02.910 -08.801 +05.817
+05.036 -06.809 +05.471
+08.736 -04.035 +05.383
-01.945 +04.218 +03.784
-03.526 +05.309 -01.700
+01.095 -04.135 -04.023
+09.593 -01.619 -09.543
-09.152 -08.117 -09.665
+03.308 +09.912 -06.131
+03.939 -08.868 -06.873
-08.027 -08.892 -08.742
-03.726 +00.066 -05.216
-07.968 -08.028 -03.630
-03.156 -08.788 -00.407
+04.680 -05.583 +01.971
-03.973 +06.345 -00.679
+01.095 +08.021 +04.114
+01.288 -06.128 -01.695
+08.617 +09.788 +03.733
-08.259 +04.932 +00.193
+01.507 +06.714 -05.039
+02.025 -05.356 +02.680
+09.049 -00.429 -02.114
+01.713 -00.489 +08.526
-02.201 -02.116 -06.392
-05.348 +02.603 +07.633
+06.071 -04.758 +06.685
+01.658 +05.498 -04.365
-02.805 +05.631 +07.312
-03.398 +05.423 +01.635
-05.473 -09.000 -03.495
+09.019 +08.018 +09.766
+01.662 -04.871 -00.183
-05.044 +00.948 +00.671
+07.034 -02.238 -09.572
+08.179 +00.909 -09.923
+03.885 +09.859 +06.158
+00.947 +02.026 +03.805
+07.709 -02.188 -03.903
-09.477 -03.881 -01.747
-01.219 +05.136 -01.291
+03.709 -06.728 -09.199
-04.436 -04.593 -08.288
-01.139 +06.610 -06.372
-03.212 -02.217 +06.363
-01.297 -02.006 -06.668
-00.629 -05.796 -05.071
-05.983 -06.146 -03.651
-08.359 +07.680 +04.551
-09.969 +01.289 -09.896
+04.268 -01.072 +09.795
-04.797 -08.231 +01.122
+06.614 +07.346 -07.333
+08.036 +05.112 -06.823
-07.972 -02.142 -01.896
+03.133 +02.580 +01.184
+07.496 +09.271 +09.043
+07.931 +05.065 +07.515
+00.901 -00.750 +03.685
-03.610 +00.463 -09.849
-07.630 +00.105 -08.981
+01.516 +06.941 +09.648
-02.502 +03.038 +06.193
-03.548 +09.520 +08.546
-06.380 +06.209 +00.200
+00.113 +06.974 +06.234
-05.245 +02.236 -05.335
+00.416 +08.275 -02.326
-07.347 +03.192 -01.967
-05.694 -09.464 +02.823
+01.523 +00.588 +05.789
-02.793 -05.958 -03.128
+01.009 -04.228 -05.241
+06.501 +09.409 +07.180
+00.257 +04.488 -01.592
+01.181 +01.315 +02.916
+06.538 -08.155 -06.776
+02.902 -06.742 +04.112
+08.295 +01.206 +04.398
+07.147 -00.913 +08.065
-04.913 +00.401 +07.732
+02.310 -07.748 +00.568
+00.205 +04.728 +02.316
-02.475 -01.566 +06.290
-02.145 -04.347 +03.176
-02.986 -05.179 +08.673
+06.581 +03.043 +01.270
-02.652 +04.860 +05.519
+05.730 +09.876 -08.701
-08.846 +02.045 -05.611
-06.835 -03.319 -07.847
-07.289 -07.308 -09.738
-06.747 +04.142 +05.957
+03.126 -07.648 +06.476
-09.251 -09.116 -02.726
+06.712 -07.327 -08.405
+01.040 -07.656 -00.222
-07.803 -09.426 -06.989
-04.528 -04.742 +02.712
-04.172 +03.301 -09.010
+09.119 -08.316 -07.838
-01.616 +06.158 -03.935
-04.123 -08.171 +08.359
-02.426 -08.048 -03.158
+01.279 +07.819 -01.652
-02.886 -02.000 +00.067
-05.809 -02.182 -03.387
-07.310 -03.642 +00.201
+04.765 +05.278 +07.025
-06.159 +05.616 +02.987
-03.587 +08.427 +05.000
+05.189 +04.780 +08.125
+06.124 +04.622 +03.854
+02.739 -02.612 -03.058
-03.488 +09.662 +09.659
+00.242 +02.358 -00.229
-09.236 -07.630 -08.641
+08.505 +06.272 -03.697
+02.076 +02.603 -03.817
+00.995 -05.012 -09.361
-08.900 +07.607 +06.850
+08.701 +00.398 -05.614
+05.399 -08.371 -01.389
+00.084 +02.772 +02.338
-00.150 -06.835 -07.859
-07.317 +07.343 -07.238
-01.688 +04.781 +04.672
-03.958 -01.746 -03.415
+00.702 +00.111 +00.674
+02.768 -03.906 -06.755
-03.858 -06.671 +00.628
+05.565 -06.626 -01.666
+00.945 +07.083 +02.104
+02.252 -06.197 +03.241
-06.751 -05.108 +00.005
+06.031 -02.811 +01.632
+02.334 +02.616 -05.868
-00.361 +06.469 -05.852
+06.890 -07.873 +04.838
-06.184 -03.423 +02.462
-06.025 +05.564 +09.535
+06.206 +07.595 -01.684
-07.622 -07.591 +03.724
-07.763 +07.298 +00.747
+00.530 +03.339 +03.577
-04.591 +03.666 -04.433
-07.669 -06.517 -07.535
+07.237 -04.037 +00.618
-05.133 -03.625 +06.523
-01.750 +07.540 +07.425
-06.827 +00.400 -04.772
-07.804 +00.005 -06.769
+01.289 +00.355 -09.942
-09.098 -09.629 -04.564
+00.829 +01.972 -05.832
-05.624 +08.894 +08.351
+06.618 -08.809 -08.915
-05.411 +09.048 -02.856
+03.304 +08.973 +02.365
-04.146 -02.344 +06.410
+03.619 -00.846 +09.834
-06.359 +00.731 +06.122
-06.799 -01.924 +08.607
+07.507 +02.981 +07.209
-05.340 -02.470 +02.439
+09.781 -06.918 +04.760
+05.948 -02.877 -06.135
-08.335 +05.008 -01.820
+01.594 +05.546 -09.633
-09.778 -04.710 -03.203
+05.951 +08.850 +03.331
+06.084 -02.497 +08.463
+05.961 +04.198 +06.218
+04.591 -05.679 -06.499
+01.288 -06.115 +08.943
+05.398 -08.890 -03.796
+07.240 -00.925 +05.489
+00.185 -09.199 -01.888
-02.335 -00.289 -01.717
-03.848 +04.317 -04.919
+01.701 -08.899 +02.994
-03.662 -08.776 +04.658
-07.271 +09.240 -09.647
-09.240 -09.684 -06.890
-03.308 -08.341 +01.498
-03.780 +06.419 -04.662
-08.917 -09.094 +04.653
+03.976 -03.838 -03.877
-06.014 -00.212 -07.353
-07.809 +05.719 +09.173
+05.289 -01.258 +09.223
-06.148 -04.509 -06.733
-08.229 +08.522 +05.875
+09.456 -00.474 -03.565
-09.345 +06.712 +08.806
+03.057 +02.312 -01.085
+01.687 +00.328 -05.583
-06.178 +08.678 -01.961
-02.434 +08.012 +01.940
+09.513 -02.807 +03.657
-04.606 +07.664 +07.638
-09.377 -01.495 -02.031
-05.222 +05.859 -01.647
-03.111 -01.457 -04.744
+08.255 -02.021 +02.534
+09.077 +05.960 -03.992
+00.739 +05.576 +01.406
+09.519 +04.080 +01.181
+08.393 +07.265 +00.441
+02.159 -06.161 +07.931
+09.460 -08.901 -02.584
+07.316 -05.704 -06.348
-05.374 -04.831 -00.165
+04.489 +04.785 +03.189
+08.215 -08.929 -02.396
+01.552 -03.850 -01.571
+04.414 +04.440 -06.182
-09.663 -02.823 +06.666
-04.610 +02.145 +02.412
-05.747 -00.012 +03.503
+05.658 -02.492 -07.582
+07.837 -03.731 +07.613
-02.634 -08.139 -03.511
+07.221 -00.833 +01.069
+08.362 -04.897 +06.546
-06.281 -08.840 -03.609
+07.766 -02.455 -05.057
+03.815 +03.441 -08.591
+01.423 -09.111 +03.485
-06.684 +07.408 +00.971
+02.455 -08.217 +09.074
+02.241 -08.069 -03.570
-03.668 +09.825 +08.087
+06.478 +05.373 -01.214
+01.457 -09.994 +06.028
-07.185 +07.318 -02.057
+06.138 +03.866 -01.851
-04.170 -09.286 -02.858
+06.436 -06.943 +06.907
-03.481 +03.520 -02.356
-07.345 +05.013 +02.778
-08.532 -08.852 +06.981
-02.934 +05.910 +08.067
+00.850 -02.322 -05.670
+04.166 -01.407 +07.689
+05.139 -02.153 +07.853
-09.048 -00.371 -08.058
+02.191 -05.464 +03.071
-04.778 +05.773 +07.014
-02.409 -05.648 +05.695
+01.354 +08.621 +04.239
-00.960 +00.477 +08.594
+05.952 +00.849 -05.384
+00.802 -06.787 -00.726
+07.479 +09.228 -07.437
+00.618 +06.996 +00.333
-09.558 -01.551 +03.842
-07.267 -06.146 -02.531
-08.680 +02.594 -08.812
+03.083 +06.482 -06.842
-07.336 +07.310 +03.915
+02.454 +06.763 -07.455
+09.517 +08.110 -08.119
-05.688 -09.105 -04.184
+06.949 +04.492 +01.804
-00.819 +06.861 +03.829
+09.467 +00.078 -04.808
-03.690 -00.950 +03.181
-04.648 +02.642 +09.818
-02.171 -00.716 +08.804
+05.468 +07.900 -05.473
-09.805 +09.498 +04.749
-07.267 -00.778 -06.595
+00.011 +09.715 +09.643
-05.649 +04.978 +05.672
-03.089 +02.363 +02.843
-06.373 -05.265 -06.885
-09.405 -00.567 -09.730
+00.600 +04.452 +01.100
-09.385 -07.290 -07.612
+06.698 -09.478 -04.676
-02.521 -07.074 +06.347
-09.796 -02.037 +02.921
+02.175 +03.518 +00.685
-08.911 -06.818 -01.555
+03.453 +07.899 +00.485
-08.283 +07.048 -03.417
+04.673 +09.921 +06.480
+06.027 -03.883 +03.185
+04.812 -04.870 +08.805
-02.857 +03.244 +06.444
-00.700 +00.607 -08.026
-06.377 +08.490 -05.786
+07.496 -07.405 +07.041
-08.729 -07.778 +02.198
+06.469 +05.560 -09.931
+05.531 -03.131 -09.889
+07.533 +05.339 +09.559
-05.022 +06.543 -04.332
-08.007 -08.617 +00.153
-08.870 -09.642 -01.622
+09.327 +09.582 -05.216
+01.411 +08.912 +02.535
+00.118 -08.311 +02.991
-08.732 -08.872 -09.778
+04.331 -05.795 +00.779
-06.571 -06.087 +01.818
-03.190 -08.182 +05.348
+08.460 -01.172 -06.133
-05.113 -01.746 +09.879
-08.041 +06.314 -09.805
-06.550 -04.082 +00.758
+07.877 +05.760 -00.336
+07.330 +05.701 -03.826
-01.971 +00.365 -09.658
-09.898 -04.290 -01.260
+07.094 -08.720 +09.196
-08.704 +03.207 +04.579
-00.971 -05.097 -09.843
+01.112 +07.840 -01.231
+03.873 +04.126 -00.328
+04.037 -03.316 +03.782
-01.048 -02.911 +08.434
-08.520 +00.073 +05.903
-06.869 +05.951 -03.651
-01.862 -04.291 -09.143
-04.956 -06.815 +03.340
+01.307 +06.576 +06.763
-01.192 +05.204 +09.092
-01.734 +07.209 +08.578
-08.827 +04.690 +06.047
+06.050 +01.198 -09.916
+02.923 +02.881 -01.040
-00.969 +08.832 -08.058
-02.927 -03.361 +04.905
+08.049 +03.626 -01.627
-08.539 +04.918 -05.021
-08.508 -00.618 -00.975
+06.702 +08.243 +08.547
+00.702 +05.055 -01.928
-05.897 +07.910 +01.923
-02.665 -03.551 +06.628
-01.971 -09.666 +00.088
-09.628 -04.832 +07.966
+00.226 -09.053 -00.826
-08.300 -09.788 -03.659
-06.290 -02.122 -09.560
+02.131 -05.838 +08.131
+07.416 +07.683 -02.971
-04.058 +03.393 +00.746
-09.405 -09.448 +09.639
-08.354 -04.278 -00.628
-00.919 +07.151 -04.638
+02.382 +08.579 -03.290
-00.878 -04.152 +07.603
-08.018 +02.755 +08.460
+04.111 +04.481 -04.242
-01.803 +04.434 +04.417
-02.179 +00.116 +08.127
+03.403 -03.027 +07.416
-07.873 -04.949 +03.397
+02.501 -03.312 +05.741
+06.938 -04.873 -02.046
-05.550 -00.308 +02.853
-09.458 -00.331 -00.278
+03.241 +04.653 -04.928
-06.160 +07.242 +00.967
-04.172 +01.367 +01.475
-09.669 +00.649 -07.325
+06.444 -07.282 +02.685
+05.357 -07.098 +00.006
+05.459 +01.239 -09.558
-00.748 -06.181 -07.560
-02.142 -08.457 -07.098
-06.426 +05.844 +03.096
+00.114 +03.088 +08.638
-09.494 -08.022 +06.798
+03.059 +08.580 +08.072
+08.309 -07.174 -09.617
+05.171 -09.824 +06.660
+04.615 +05.234 +03.318
-08.604 -09.945 -07.450
+00.009 +04.944 +04.422
+08.315 +07.661 -03.515
-06.110 +01.652 -06.067
+01.518 -06.438 -04.132
-07.862 -03.932 +09.915
+00.712 +02.267 +03.681
+01.054 +05.863 +06.230
+00.180 +00.345 +08.220
-04.289 +08.588 +04.078
+01.098 -05.147 +05.990
-07.876 -03.162 +08.362
-02.018 +00.895 +00.185
+06.236 -08.737 +08.893
-08.342 -01.423 -01.927
+01.180 -03.041 +09.764
-08.916 +03.813 -01.308
+07.261 -05.413 +01.992
+07.985 +08.020 +06.559
-05.815 -06.992 -06.557
-04.240 +02.702 -09.301
+09.615 -03.121 +03.273
+01.581 +05.691 -08.291
-08.911 +07.784 -00.232
+09.140 +06.037 -01.671
+08.367 +01.905 +07.211
+04.971 +05.770 +04.986
+05.456 -02.650 -03.137
+05.496 +01.908 -01.981
-03.762 +02.748 -04.601
-06.324 -05.784 -09.966
-03.903 -01.748 +09.963
+06.578 -02.031 +06.114
-05.330 +01.382 +05.520
+02.903 +09.493 +07.837
+08.370 -05.093 -09.495
-08.543 -09.780 -05.465
+01.737 -04.175 -01.185
-05.080 +01.269 -07.891
+08.151 -01.633 +09.525
-05.584 +04.060 -07.039
-02.860 -03.831 +06.265
+06.050 +09.981 -06.007
-02.434 +02.572 -02.581
-00.479 +07.975 +03.489
-02.272 -01.260 +03.929
-01.335 -07.677 +07.256
-04.269 +02.936 +07.566
-02.519 +04.564 -04.656
-00.013 +03.312 +01.029
+04.734 +06.223 -06.238
+01.600 -03.603 +08.456
+05.988 -00.734 +02.333
-06.139 +03.147 +01.545
-09.415 +08.300 -04.281
+01.345 +09.528 +06.058
+01.847 +05.305 -01.736
-09.916 +09.552 -03.377
-08.186 -08.381 +08.832
-03.981 +01.911 -01.737
-09.338 +02.184 +01.793
+06.231 -05.959 +08.050
-04.015 -06.468 +09.112
+01.754 -07.897 -00.877
+07.623 +09.579 -05.938
-03.995 -02.140 +06.403
-00.191 +06.958 +00.621
+08.249 -09.697 +05.405
-08.626 +09.308 +02.081
+05.998 +08.350 -01.554
-04.181 -05.043 +08.213
-01.516 -03.677 -05.413
+06.143 +03.371 +01.469
+06.932 -01.106 +07.642
+04.283 -09.505 +05.106
+00.506 -09.780 +07.161
-09.598 -03.466 -01.820
-04.941 -03.286 +05.264
+08.491 +06.450 -06.266
+05.757 -00.415 -00.692
+04.045 -05.815 -00.727
-07.716 +01.462 +05.976
-09.254 -02.077 -05.706
-01.553 -02.429 +07.370
-00.261 -06.284 -09.071
-02.500 +00.422 -04.727
-09.889 -06.676 +09.415
-07.510 -07.109 +04.240
-00.945 +09.625 +08.779
-09.294 -01.097 -03.941
+03.943 -03.059 -04.413
+09.949 +08.208 -07.869
+05.765 -01.074 -07.285
+06.266 +03.375 +00.381
+04.778 -09.930 +03.459
-09.026 -08.585 +06.499
-03.225 -02.018 -09.612
+06.023 +01.126 -05.358
-08.271 +02.497 +07.116
-06.492 -03.908 +02.185
+08.301 +03.760 +03.544
+06.644 +01.688 +01.832
-06.802 -06.670 +08.724
+04.882 +07.438 +01.947
-01.894 +02.561 +02.690
-01.427 +07.922 +02.316
+02.363 -07.028 -03.202
-00.448 -05.793 -09.623
-04.995 -05.605 +08.487
-08.324 -06.122 -09.179
-00.990 +08.578 -04.980
+00.291 +06.561 +08.215
+01.064 -00.524 +09.910
+03.344 +04.659 +07.905
+00.078 -06.198 +07.153
+04.833 +07.344 +07.564
-00.713 +02.521 -01.078
-05.360 -01.552 -00.660
-01.405 +01.592 +09.207
-03.767 +08.677 -08.299
+09.138 -02.633 +09.842
+01.160 +08.311 -05.509
+03.656 +07.508 -09.298
-08.015 -06.566 -02.294
+04.311 +04.401 +00.688
-09.475 -08.444 -01.554
-06.677 -01.967 -04.444
-04.910 -06.793 -08.914
-02.583 -06.688 -04.093
-05.591 +00.463 +02.906
+00.281 -02.353 +03.122
-01.140 +02.968 -04.193
+06.347 -04.329 +08.866
-07.715 +09.411 -03.917
-06.349 +06.197 -06.888
-06.223 -07.486 -05.405
-01.876 +00.877 +05.182
-08.922 -00.348 -05.703
+02.062 +07.340 -03.295
-01.930 +08.893 -00.311
+05.230 -04.426 +01.783
+08.258 +06.530 -06.304
-09.817 -03.175 +05.746
+02.071 +03.659 -03.113
+01.983 -09.001 -08.453
+07.935 -03.691 -02.192
+02.475 +07.142 -00.941
+00.568 -09.388 -09.938
+00.034 -04.548 -03.993
+02.579 -03.566 -01.910
-00.907 +07.135 -02.189
-09.024 -09.337 +02.605
+02.269 +09.918 +09.812
+09.025 -04.533 +05.562
+04.791 +09.385 +08.514
+04.624 +01.214 +08.166
-00.853 -00.033 +06.636
+04.561 -02.990 -04.175
-08.705 +09.229 +05.294
+07.817 -09.959 +04.394
+07.114 +06.199 +01.970
-04.979 +05.132 +01.733
+03.157 -08.343 +03.500
+06.745 +04.860 +09.548
+04.081 -01.954 -04.462
-04.264 -09.973 -02.473
+08.174 +07.481 -07.450
-08.775 +01.143 -00.379
-03.902 +07.542 -01.537
-02.933 +05.420 -06.314
-08.786 +02.256 -08.902
+01.641 -05.959 +04.096
+01.053 -00.957 +02.479
+07.285 -07.751 -02.816
-04.229 -00.910 -00.881
-09.475 -02.767 -07.442
-02.556 -02.874 +05.633
+08.121 +00.080 -05.126
-00.905 +08.538 +07.668
+06.794 +08.933 -01.376
-09.275 -01.926 +06.721
+03.046 -05.317 -05.724
-01.325 +03.212 -05.279
+00.409 -04.850 -05.279
-07.137 -06.687 +06.936
-01.665 -08.621 +07.800
+01.166 -02.468 +03.897
-04.246 +00.157 +02.833
-00.053 -08.219 +07.614
+07.130 -06.220 +04.815
-05.928 -05.441 +02.710
+02.328 -03.384 -05.969
+08.497 +06.844 -08.696
-06.890 +01.666 +06.439
+09.418 -06.586 -06.352
-07.943 +09.555 +09.861
-05.511 -09.063 -02.497
+01.521 +03.752 -09.722
+05.826 -00.125 +02.168
+00.419 +03.710 +04.039
-02.463 -03.768 +01.837
-07.002 -02.693 +08.632
+00.796 +01.905 +02.187
+09.283 +06.279 +08.073
+02.684 +04.384 +01.506
+03.139 -03.508 +03.275
-09.866 +04.264 -03.784
-05.058 +06.571 +00.423
-03.138 -05.701 -05.513
+00.886 +00.600 +00.389
-05.415 -02.219 +01.880
+03.881 +05.430 -04.492
-01.755 -04.843 -07.288
+01.009 -04.991 -06.930
+03.356 +03.692 -00.512
-07.275 +04.439 -01.727
-01.335 +09.940 -02.919
+00.438 -01.028 +04.336
+08.580 -00.459 +01.820
+09.881 -03.783 -00.512
-02.243 -07.158 -07.183
+07.067 +05.565 -01.737
+02.115 +00.443 -03.962
+05.126 -02.660 +08.143
-04.534 -06.462 +03.776
+02.067 -06.214 -03.581
+01.222 +01.047 +05.710
-06.302 +03.225 -00.248
-08.763 +04.231 -08.901
+06.041 -08.654 -05.070
-00.568 -09.642 +03.639
+07.856 -07.251 -02.070
-00.584 +09.249 -05.323
+02.089 -02.242 +03.173
+03.372 -09.239 -00.020
+09.069 +04.084 -04.653
+01.949 -08.175 -00.491
-05.750 -08.596 +00.096
-03.557 +04.181 -09.578
-05.268 +06.934 -07.522
+00.353 -07.001 -07.272
-08.575 +08.659 -06.536
-05.589 -00.374 -08.626
-09.902 -06.479 +00.182
+05.947 +09.202 -07.299
+08.220 +04.201 -02.316
+05.442 +08.245 +08.518
-09.860 +03.858 -03.335
-05.268 +04.784 -06.325
+01.608 -02.960 -02.328
+06.773 -06.918 +00.708
-00.554 -08.910 -00.840
-03.922 -08.756 -05.620
-08.477 +00.078 -05.789
+02.730 +04.267 +06.803
-07.777 +02.407 -08.779
-04.093 -03.263 -09.970
-07.439 -04.294 -02.905
-00.696 -01.166 -04.742
+02.611 +09.103 +04.349
-06.117 +06.276 +06.135
-04.749 -07.688 -00.778
+09.680 +09.467 -01.588
+02.106 +04.193 +06.651
+00.394 -03.817 -01.737
+04.696 -07.678 +01.751
-06.005 +06.974 -04.563
+05.659 -00.032 -09.194
+00.805 +04.954 -02.715
-01.592 -06.761 +07.882
-08.581 -01.958 +05.077
-06.709 +03.030 +08.101
-02.040 +00.213 +04.706
+04.585 -09.634 -06.589
-08.622 +08.369 +09.130
+03.568 -05.821 -00.275
-06.192 -01.309 +08.667
+08.581 -06.109 +02.087
+04.740 +02.611 +07.415
+08.513 +03.982 +01.354
-00.463 +08.412 +01.928
-05.600 +09.783 -01.214
-05.973 +00.637 +08.297
-01.183 +04.714 +00.200
+07.779 -05.239 +09.127
+09.282 -03.994 -06.572
-04.721 -04.986 -01.938
+00.664 +01.025 -04.425
+02.537 +08.904 -04.923
+04.704 +09.950 -04.849
-03.664 +08.229 +05.597
-01.702 -07.968 -05.490
+02.863 -03.340 -03.348
-03.015 -02.169 +02.123
+07.224 -08.684 -00.739
+04.439 -06.765 -05.831
-05.934 +02.599 +05.965
-03.725 +09.027 -06.799
-06.840 -09.297 -04.976
-02.064 -07.994 -07.677
+00.685 +00.637 -06.172
-08.098 +04.347 -05.878
-08.785 +09.396 -02.403
+05.399 +03.939 +07.132
-09.641 -05.786 +01.988
+07.375 +07.753 +08.641
+04.295 +06.105 -02.470
-06.210 +03.120 -06.097
-00.005 -03.402 -08.296
-02.535 +01.205 -01.277
+02.906 +08.628 +06.671
-04.742 -07.451 -06.424
-02.345 -01.084 +09.867
-06.755 +02.688 -04.010
-09.992 -03.723 +00.500
-03.403 +03.381 +03.535
-00.158 -05.491 -05.503
+05.537 +07.497 +04.989
-06.819 +07.689 -08.237
-05.192 -09.386 -08.788
+07.806 -07.412 +08.226
+06.682 +09.408 -08.244
-05.550 -04.221 +06.495
+04.406 -04.495 +05.992
+04.315 +04.458 +06.724
-07.425 -01.162 -09.040
+07.360 -02.210 -08.718
+04.484 -02.467 -06.212
+06.838 -08.570 -00.016
-06.417 +08.816 +02.291
-02.666 -04.665 -00.419
-09.436 -00.129 +07.979
-06.521 +07.408 -00.827
-07.696 +04.894 -08.753
+01.076 -00.808 -06.104
-00.976 -01.865 -03.863
-07.763 -03.560 +00.881
-07.730 -02.406 -01.326
-00.322 +04.164 +01.188
+08.260 +01.692 +02.498
+00.907 -04.644 -05.181
-02.345 -02.868 -09.228
+08.145 +07.844 -06.536
+01.010 +04.724 +05.704
-01.085 +06.107 -07.856
+04.554 -06.273 +09.597
+01.940 -02.966 -08.876
+04.485 +03.413 +06.106
+02.002 -07.103 +01.690
+08.693 -07.734 +01.821
+01.338 -04.126 -06.590
-06.540 -05.197 +08.647
-05.671 +04.264 +02.423
+04.826 +02.386 +03.982
-08.074 +05.606 +06.148
-06.083 +06.201 -00.558
-00.299 +06.061 +07.160
-01.794 +08.404 -07.987
-00.260 +04.538 +08.444
-05.640 -07.526 +07.553
-00.413 +05.516 -07.976
-02.045 -06.322 -09.703
-00.974 +00.835 +07.935
-03.784 +02.769 +05.623
-01.862 +03.322 -06.519
+08.802 -08.964 +02.600
-09.772 -09.175 -00.036
-09.688 -07.957 +08.440
-06.016 +09.076 +01.764
+04.863 -06.248 +09.458
-01.909 +05.119 +02.115
-04.912 -01.403 -03.698
-03.494 +01.326 -09.234
-05.198 +04.007 +05.858
+09.324 +01.597 +07.416
+06.901 +02.111 -02.246
-04.751 +06.043 -03.457
-08.033 +02.316 +02.503
-07.237 +09.355 +06.852
+03.330 +01.517 -08.035
-06.182 -07.057 -02.699
+00.914 +00.703 -02.500
-04.200 -04.870 +08.852
-00.632 -03.564 +05.099
-01.946 +08.251 +07.621
-09.667 -04.976 -02.165
-03.651 -01.605 -07.352
+01.598 -07.774 +04.980
-05.904 +07.643 -00.403
-05.480 -06.026 -02.079
-02.266 +02.893 -06.732
-05.614 +07.628 +04.909
-03.369 -04.510 +00.565
+08.032 -03.984 -05.288
-07.401 -03.083 +06.930
+03.407 +05.693 +09.742
-03.196 +09.154 +02.629
+05.630 -06.953 +06.034
-02.399 +06.720 +09.631
-00.654 -07.088 -04.967
+01.719 +04.644 -02.267
+06.793 +05.394 -07.357
+01.661 +02.631 +06.045
-02.992 +02.741 -01.474
+01.235 -05.896 +04.182
+00.588 -04.938 -08.007
-07.636 -01.244 +05.840
+02.025 +01.227 -07.659
-02.991 +03.853 +06.616
+08.704 +02.429 +08.930
-01.300 +06.177 +08.109
-06.973 -02.153 -00.607
+02.998 +05.846 +04.377
+06.886 +07.863 -03.114
+05.395 -03.912 +06.154
-05.770 +02.519 +00.217
-06.479 -06.008 -01.985
+05.153 -03.199 +09.987
+08.143 -07.943 -03.507
-04.614 -01.195 +04.267
+00.018 -09.549 -03.108
+08.937 -08.964 -01.435
-06.683 -07.612 -03.741
+05.277 -09.280 +09.452
-00.952 -09.616 -09.806
-04.630 -05.647 -09.433
+09.093 +02.205 +06.131
-01.883 -02.674 -00.443
+02.858 +07.701 +04.953
+03.326 -04.502 +07.625
+04.818 -07.601 +04.309
-03.880 +07.947 +05.549
+07.582 -03.178 -06.592
-01.035 -02.957 -02.755
+04.985 -03.880 -01.891
-08.211 -03.721 -08.258
-02.495 -00.011 -02.470
+09.136 -02.385 +03.273
-05.107 +09.948 -04.492
+00.910 +07.460 +00.308
+07.480 +03.380 +08.150
+00.132 +06.775 +06.274
+04.965 -07.924 -04.605
-02.519 -08.596 -07.110
+07.584 +09.169 +00.940
-09.314 +02.317 -06.326
-02.437 +09.552 +04.197
-00.420 +06.622 -08.302
-05.502 -01.786 +08.742
-08.166 +00.554 -09.134
+08.962 +05.993 +05.176
-05.816 -09.402 -02.643
-03.533 -00.425 +04.656
+05.705 +03.705 -09.524
+09.905 +03.762 +07.464
+06.617 -02.677 -02.651
+02.026 -00.252 -07.116
+07.849 +08.022 +01.848
-02.852 +00.670 -09.999
-03.330 -07.288 -02.649
-09.540 -03.252 +01.025
-06.604 -03.281 -03.604
-04.890 -03.233 +02.791
+00.664 +02.381 +07.262
-00.065 +06.822 -06.244
-09.045 +03.174 -02.344
+09.391 +05.018 +09.966
-04.201 -08.971 -06.807
-05.443 -08.829 -05.204
+04.632 -01.102 -04.061
+09.872 -04.207 +07.075
-04.818 +03.662 -06.755
+09.872 -09.635 -05.997
+09.415 -08.516 -06.288
-06.175 -03.904 -01.995
+01.955 +03.737 -01.179
+07.945 +08.210 +04.993
-00.177 -09.479 +00.627
+02.988 -07.619 +08.185
-06.107 -03.370 +00.915
+02.903 +05.482 +07.167
-08.467 +03.572 +03.005
+03.408 +00.483 +05.492
+03.905 -07.190 +00.820
+08.669 +00.632 -07.336
-03.140 +00.345 -07.377
-06.643 +06.818 +02.890
+08.285 -04.979 +02.137
-05.463 -08.979 +01.979
+06.082 -08.763 +06.371
+03.272 -04.809 +06.413
+05.424 +01.490 +06.307
-05.963 +02.471 +08.151
-03.086 -01.316 +01.954
+08.299 +09.849 +02.309
+08.151 -02.098 +03.238
+03.408 -05.760 -01.441
+09.975 +04.062 +03.994
+09.675 -05.126 +01.782
-05.334 +06.302 +08.993
+00.321 -04.056 +07.779
+04.257 -02.400 -01.302
+02.812 -01.873 +08.754
-09.838 -04.144 +06.044
-05.111 -04.455 -07.013
+07.491 +05.566 -00.026
+09.283 -02.657 -02.682
+01.976 -06.379 +04.492
-09.260 +07.878 -08.971
-05.874 -04.939 -07.282
-05.959 -00.289 -07.648
+05.899 -08.912 +08.953
-08.920 +08.811 -05.413
-07.162 -09.915 +07.152
+02.056 +08.605 +03.021
-02.866 +03.626 -08.456
+04.897 +02.540 -08.915
-06.198 +09.348 -00.638
-00.786 +04.773 -04.270
+02.227 +00.287 +02.434
-07.114 +00.319 +09.972
-06.149 -01.375 -05.698
+03.484 +03.338 -03.319
-04.770 +05.930 -09.578
-01.642 +09.408 +08.136
-06.755 -09.833 -06.212
-05.827 +03.288 -03.844
-02.140 -04.767 -06.729
-02.684 -06.913 +01.600
-08.696 -02.108 +09.963
-09.580 -05.250 -08.787
-08.222 +07.202 -00.269
+01.235 -05.356 -01.375
+07.326 -09.709 +04.042
+06.905 -04.061 -08.603
+00.195 -06.588 -02.673
+04.845 +08.873 +06.580
+04.408 -06.112 +06.071
-06.678 +05.672 -07.010
+05.143 -02.178 -04.836
-03.888 -00.292 +01.121
+01.793 -02.682 +08.939
+00.015 -05.398 -08.885
+03.795 +06.428 -00.334
-01.175 -00.091 -03.638
-08.379 -08.831 +04.357
-00.031 +03.805 +03.163
+07.024 +05.287 -04.045
-00.625 -09.925 -09.857
+06.015 +09.368 +06.680
-06.984 +09.221 -06.466
+04.133 +02.841 -00.204
-01.536 +08.454 -09.790
-04.781 +07.454 -08.258
+07.162 +02.240 +06.170
+05.268 +00.272 +01.732
-09.923 +02.630 -05.096
-09.228 +08.740 +06.328
-08.892 -03.371 +08.691
+02.926 +03.427 +04.422
-05.374 -03.022 +08.482
+01.775 -09.539 -07.095
+06.074 +09.840 +02.518
+05.001 +05.631 +09.128
-09.176 -01.620 -06.253
-03.727 +01.115 +02.228
+09.863 +01.218 +09.808
-05.582 -05.443 -04.987
-03.992 +09.528 +07.652
-04.649 -01.599 +01.275
-03.491 +01.432 +07.223
-01.166 -01.324 -06.384
+03.860 +02.494 +05.374
-06.252 +09.680 +04.382
-04.314 -02.912 +04.567
-00.546 -05.563 -04.167
+09.215 -09.136 +04.817
+00.118 -05.598 -02.134
+07.239 +09.857 -08.456
-03.558 +08.698 -06.587
-04.024 +06.825 +05.182
+04.132 -03.384 -05.102
-04.117 -05.933 -06.500
-09.488 +06.577 -06.359
+04.793 -00.366 +06.546
-09.588 +03.384 +02.192
+06.949 +07.873 +06.604
+04.028 +03.114 +09.127
-05.473 -04.175 +05.678
+08.918 -00.571 +01.228
+04.735 -07.187 -05.633
-09.835 -03.548 +02.642
-05.966 -07.006 +06.831
+05.074 +04.089 +09.806
+05.463 +07.784 -05.656
+04.717 +06.051 -00.261
+06.166 +02.977 -06.960
+06.646 +03.193 +03.724
-08.487 +06.130 -02.577
+05.142 -08.749 +07.204
+01.081 -02.865 -02.693
+00.554 -05.571 -00.327
+03.384 -09.499 +08.946
+04.571 +03.088 +04.166
-05.886 +07.562 +08.810
-08.639 -01.068 +02.954
-09.471 +05.551 +00.582
-01.737 -07.437 -09.863
-01.490 -02.035 -02.828
-01.404 +00.498 +02.828
-07.689 +08.530 -09.231
+07.089 -08.553 -01.675
-09.610 +04.187 +05.191
-05.374 -05.636 +06.496
-02.269 +00.591 +09.910
-09.709 +01.956 -01.168
+06.720 +04.798 -01.249
+06.984 +09.597 -05.770
-08.564 +01.664 -08.916
-04.772 -05.611 +06.800
+00.172 +01.982 -01.153
-04.370 -03.079 +08.873
-07.154 -02.902 +06.464
-02.877 -08.542 -04.918
+03.126 -09.720 +06.283
+01.070 -09.851 +08.279
-08.243 +00.556 -09.873
-04.697 -08.421 -04.015
-04.159 -00.134 +03.674
-05.061 -03.029 -08.532
-01.027 +08.415 -03.350
+00.841 +09.226 -05.511
+00.067 -08.829 +07.335
-00.092 +09.629 +01.823
+07.554 +02.035 -01.329
-09.465 +05.640 +09.297
-09.899 +05.596 +01.959
-09.271 -07.620 -07.689
+09.004 +08.419 +02.307
-08.114 +00.277 -00.609
-07.453 -03.644 +05.773
-06.607 -07.592 -02.667
-02.125 +04.674 -07.740
-03.499 -04.843 -02.473
-08.977 +08.012 -04.942
-00.667 +05.595 -01.372
-01.346 +06.872 -05.188
-09.715 -04.310 -00.664
+01.467 -01.079 -04.164
-03.420 +07.738 -04.980
-01.328 -09.286 +05.695
-05.862 +08.446 +00.062
+09.706 +04.404 -01.982
-09.383 -06.667 -04.563
-05.344 -06.331 -01.974
+02.590 +00.572 -00.722
+04.424 -07.874 +07.679
+05.150 -03.275 +06.609
-08.192 -08.450 -06.234
-04.666 +05.601 +03.365
+05.145 +02.405 -04.844
-07.533 -00.765 -01.376
-06.595 +01.642 +07.097
+08.559 -09.989 -05.711
-04.727 +04.665 +00.612
-07.389 -08.884 -00.057
-06.675 +05.687 -03.667
+07.099 +06.540 -09.697
+07.012 +07.401 -06.092
+08.049 -07.592 +06.425
-00.284 -08.068 -08.011
+09.405 -03.588 -00.024
-04.934 +04.651 -01.674
+03.611 +01.407 +09.471
-02.764 -03.816 +05.804
-05.691 -09.780 -06.470
+02.076 -04.838 +06.437
+07.140 -09.999 -07.736
-02.722 -06.208 -07.015
+07.743 +02.056 -06.496
+02.160 -04.293 -07.417
-06.961 +02.118 -06.669
+04.876 +01.152 +06.659
-02.587 -02.629 -02.670
+09.785 +09.319 -00.813
+01.213 +00.983 -07.555
-03.740 +07.887 +09.983
+01.766 -00.315 -06.971
+09.824 +07.720 +03.315
+07.264 -08.373 -02.509
+08.308 +05.586 -07.776
-06.896 -00.789 +03.652
-02.582 +09.105 -05.251
+04.320 -07.550 +08.937
+09.082 -00.201 +06.776
-01.009 -05.849 -01.146
+01.220 +01.521 +08.882
-03.541 -01.401 -06.359
+01.786 +09.467 -01.445
-08.687 +09.606 +00.339
-06.505 +02.549 -07.284
-06.509 -01.582 +03.730
+06.662 -01.138 -09.997
+04.120 -07.042 -05.661
+09.570 +02.517 +09.441
+00.224 -09.029 -07.874
-05.507 +03.277 +02.413
+00.861 -01.959 +04.650
-02.289 +03.871 -05.368
-08.950 -02.850 -08.862
-02.733 +07.657 -00.903
-02.185 -00.456 +01.834
+03.734 +03.600 -00.735
-04.771 -09.076 +00.646
+09.496 +03.660 -05.898
+08.326 -06.228 -09.836
+01.511 +07.503 +03.985
-02.296 -07.163 -08.788
+07.584 +05.039 +02.990
-05.233 -02.471 -06.568
+04.731 -08.629 -03.437
+07.841 +06.203 -04.961
-06.864 -03.373 +01.507
+07.425 +06.944 +03.040
+05.253 +09.826 -04.709
-06.966 +03.545 +03.140
-01.176 -06.127 -04.263
+00.733 -02.814 -08.959
-08.395 -04.808 +05.978
-02.176 -08.409 -00.320
-06.857 +02.940 -00.152
-08.847 -03.024 -08.977
+07.733 -03.354 -02.485
+05.098 -05.560 -09.481
+09.007 -05.895 -08.568
+03.364 -08.297 -03.842
+08.304 -01.491 -03.362
+08.659 +06.027 +02.187
-02.866 +07.412 +00.438
+07.272 +07.886 +08.168
-08.003 -03.736 -08.879
+03.205 -09.074 +09.487
+06.281 -03.257 -07.074
-02.025 +09.427 -09.750
-05.304 +05.925 -01.062
-02.301 +09.987 -02.933
-04.816 -06.380 -00.181
-08.297 +06.131 +09.744
+09.261 -05.117 -04.140
+02.041 -00.425 -08.791
+03.503 -05.162 -02.789
-09.276 +05.088 -02.749
+02.505 +03.503 -05.310
-04.679 -08.008 -04.451
-05.972 +04.073 +07.218
-03.881 +00.102 +07.336
-03.009 -09.215 -02.481
+08.700 +05.554 +07.392
-01.587 -05.049 +05.971
+02.228 -03.433 +01.120
-08.823 -01.010 -05.111
+05.850 -08.216 +04.690
-09.516 +08.325 +09.428
+05.822 +05.269 -05.071
+08.644 +09.958 +02.464
+03.112 +01.382 +02.277
-05.960 -05.089 +05.981
-02.152 +09.815 +05.695
-09.544 +00.506 -02.828
-00.861 -03.076 +06.923
-08.251 -01.367 +04.047
+00.574 +06.799 -07.275
+08.997 +06.253 +09.452
-04.582 +07.167 +09.620
-05.085 -00.183 +06.349
+01.645 -03.376 +01.941
-00.935 -06.857 +03.968
+02.569 -04.955 -02.772
+05.386 +02.908 -06.305
-03.261 +07.394 +04.108
+01.807 +05.446 +06.780
-06.066 -06.586 +08.758
-00.177 +06.856 -01.775
-09.493 +03.664 -04.453
-04.620 -03.221 +01.283
+02.682 -09.841 +05.629
-01.583 +02.889 +06.583
-03.462 +09.247 +05.062
+05.532 -05.086 -07.980
-05.063 +06.759 -05.134
-09.675 +04.478 +04.214
-03.374 -04.203 +00.438
-03.885 +09.492 -07.374
-07.343 +09.781 +04.074
-03.636 -01.692 +04.215
+07.352 +07.339 +08.004
+03.065 +07.766 +09.324
+05.450 +07.463 +02.447
-05.100 +04.632 -03.627
-05.778 +05.357 -06.946
-09.746 -08.190 +01.232
-04.880 -05.869 -07.359
+06.928 +09.644 -05.623
+03.165 +08.716 +07.568
-03.043 -05.620 +00.713
-03.212 -07.765 -01.137
+09.625 +00.925 -07.607
+04.841 -04.401 -05.938
-08.132 +01.869 +05.106
-08.673 +04.246 +06.604
+03.251 +00.183 -00.343
-01.224 -04.496 -00.664
-06.438 -03.948 -07.614
+02.520 -03.698 +05.060
-04.569 -05.705 +04.742
-08.695 +06.428 +09.640
+09.995 -09.913 -07.801
+08.304 +09.308 +05.674
+02.562 +09.159 +02.157
-04.530 +09.443 +00.261
+00.761 +07.183 -06.589
-01.263 -09.123 -02.695
+00.094 +09.529 -01.984
+05.766 -08.308 +02.319
+07.215 -09.904 +04.239
-01.955 +06.000 -07.759
+06.328 +04.035 +09.132
+05.103 -02.455 +07.681
-08.378 -05.699 +06.805
-05.492 +06.943 -02.193
-08.441 -04.464 +03.193
+09.737 +09.089 -06.403
+00.900 +04.911 -01.579
-05.401 -03.936 +09.839
+02.584 -08.227 +07.656
+05.557 -08.090 +01.596
-01.370 -02.626 +09.654
-08.045 +04.356 +00.878
+04.278 +06.453 -03.236
+00.891 -05.861 -06.617
-00.776 -03.445 -06.099
+02.176 -03.451 -02.279
-05.630 -01.110 -06.169
-07.490 -02.467 +01.464
+07.569 +06.918 -00.932
-09.765 -09.093 -00.729
+03.058 -03.703 -06.456
+05.830 -05.685 +05.731
+08.137 -00.885 +03.023
-08.089 +06.372 +00.141
+07.610 -00.197 -08.061
+01.335 -07.360 +08.777
-08.074 -04.416 +05.120
+08.983 -05.497 +08.334
+00.391 +04.244 +09.643
-07.695 +09.917 -09.295
-05.860 +06.464 +06.434
-03.514 -09.752 +03.070
+05.200 -05.381 -00.571
+08.797 -06.597 +06.899
-08.519 -05.704 +05.344
-03.058 +04.208 +03.765
+08.912 -07.940 +01.984
-01.806 +05.573 +04.381
-08.116 -08.118 -03.548
+06.965 +06.168 +06.074
+04.023 -07.906 +05.966
+02.453 -09.650 -03.191
+05.245 -00.383 +05.009
+06.990 +04.572 -04.172
+04.606 +03.347 -06.698
+05.249 -04.391 +02.077
-03.240 +06.207 -02.660
-04.416 -06.860 -03.906
-04.545 -01.122 +06.525
-03.895 -05.735 -00.267
-00.583 +04.803 +04.370
-07.439 +02.227 -00.017
+03.895 +07.499 +04.398
-05.146 -00.437 +09.089
+03.898 -09.944 -08.324
+04.658 -05.417 -08.369
+04.031 +00.777 -00.846
+07.055 -04.283 +02.939
+05.123 -01.609 +00.476
+04.138 -06.671 +05.043
+08.986 -05.293 +08.978
+09.715 -00.931 +07.325
+05.229 -04.509 -04.832
+05.866 +07.121 -06.033
+08.999 -08.094 -09.397
-08.601 -02.293 +09.024
+09.150 +07.699 -04.224
+04.222 +04.872 -04.069
-02.538 +07.345 +00.088
-05.856 +03.954 -05.041
-05.883 -08.626 +08.087
-04.446 +04.498 -07.646
-08.050 -06.457 +00.493
+01.150 +08.508 -04.345
-02.784 +08.966 +00.954
-00.680 +05.111 +07.340
-06.788 +02.254 +06.067
-03.212 +09.936 -04.729
-05.942 +09.740 -07.749
-05.901 -06.235 +03.679
+01.772 +06.401 -06.449
+09.257 -00.211 +06.949
-03.860 +08.268 -09.714
+05.674 -04.200 +01.262
+08.680 +08.995 -05.676
-09.145 +02.501 -01.683
+00.705 +03.998 +09.918
+09.591 +07.042 -04.601
-09.547 +05.852 -08.939
+08.428 +05.331 -08.302
+00.470 +03.229 -08.380
+04.829 +00.781 -01.290
+06.716 -04.574 -02.155
-05.088 -03.713 -00.547
-06.592 +01.228 +09.853
+02.474 -01.975 -05.012
-06.041 -08.208 -08.881
+02.289 +04.370 +00.679
-04.893 +06.727 +06.605
-04.824 +02.453 -07.744
+04.772 +07.954 -05.279
-08.864 -07.473 -07.618
+03.353 +00.637 +02.365
+04.325 -05.894 +06.194
+05.165 -08.364 +00.673
+07.347 -02.867 -09.209
-06.790 -04.858 +09.456
-02.739 -00.927 -02.130
-02.142 -05.134 -08.573
-08.318 -06.134 -08.165
-01.119 -08.829 +08.585
+05.537 +08.549 -08.582
+09.414 +02.997 -09.717
-01.386 +06.345 +02.514
-00.511 +03.984 -05.646
-04.494 -07.570 +08.164
-01.476 +04.826 -06.668
-02.829 -09.487 +09.916
-05.944 -07.228 +02.453
-01.534 +02.995 -02.015
-02.222 +01.826 +00.288
+01.167 -00.573 -05.791
-08.770 +09.310 -07.343
+00.656 -00.507 +04.960
+00.871 -02.629 +06.919
+08.573 +08.862 -09.999
-02.011 +07.137 -04.183
-03.920 +04.538 -03.767
+04.649 +06.132 +08.250
+08.073 -08.419 +05.318
-05.898 +05.688 -01.972
-07.536 -08.041 -03.104
-06.972 -02.327 +07.958
+05.647 +02.372 +08.295
-05.291 +01.973 +05.636
+05.960 -07.050 +07.600
+08.743 -07.464 +04.416
-01.710 +03.302 +08.902
+00.440 +01.979 -03.011
-04.760 +03.148 +07.359
-02.295 +04.044 +04.857
-03.173 +01.163 +09.359
+03.925 -04.569 +04.671
+09.285 +06.910 +03.326
-08.887 -05.507 +06.468
-03.945 +04.667 -01.866
-02.488 -01.881 +04.810
-05.674 -04.966 +02.026
+01.727 +05.843 +07.291
+01.745 +01.796 -00.933
+05.909 +04.741 +05.915
-02.090 +08.080 +08.808
+01.013 -07.399 -09.546
+08.777 +06.868 +01.260
-06.293 -09.029 -03.984
-00.477 -09.350 +09.170
-01.271 -06.610 +06.278
+03.669 +04.123 -04.771
+01.136 +03.014 +04.517
-05.081 +05.642 -07.053
+09.768 +05.082 +04.912
-09.147 -02.178 +00.169
-00.421 +02.505 -06.345
+01.696 -02.933 +00.536
+03.567 -03.867 -04.115
-08.944 -02.613 +07.902
-01.853 -09.861 -02.098
-02.193 -01.505 +00.345
+00.875 +09.820 -00.176
+05.373 +06.083 -01.378
+09.907 -05.307 -03.351
+06.756 +03.134 +09.189
+02.500 -07.318 +00.540
-02.683 -06.248 -07.900
-00.495 -02.249 -09.686
-01.018 -09.507 -02.970
-00.614 -05.033 +04.421
-01.388 -01.319 -03.249
-04.556 +00.136 -00.472
+02.615 +07.282 +08.054
+07.438 -07.619 +02.118
+03.013 -09.000 +00.895
+08.042 +03.753 +06.360
+05.038 -03.803 -04.167
+00.861 +05.034 -06.890
+00.109 -06.068 +04.007
+02.492 +05.875 +01.422
+08.983 -09.804 -08.317
-08.331 -09.407 +09.194
+00.960 -04.990 +08.768
-06.250 +09.925 +07.346
+00.130 -05.381 +01.929
+03.004 -03.158 -01.210
-08.191 +05.743 +00.027
+08.618 +05.683 +04.229
+03.372 +09.147 +01.772
-02.666 -00.592 +04.978
-07.918 -09.714 -09.832
-04.159 -05.261 +05.840
-06.137 -05.480 -07.528
-01.086 +00.907 +08.005
-05.020 +02.729 +09.799
-09.085 +07.360 -03.240
+03.329 +06.968 +01.563
-07.062 +05.249 +09.035
+04.393 +02.702 +09.789
+09.974 +02.707 -02.436
-05.716 -04.486 -07.539
+05.346 +09.957 -01.009
-03.592 -00.423 +03.402
+08.425 -07.329 +03.655
-02.827 -08.415 -01.619
+08.175 -08.278 +04.657
+09.081 +05.722 +07.802
+02.847 +04.943 +02.075
+06.305 -09.222 +05.561
+04.607 +00.209 -06.332
-05.589 +01.315 +08.071
+01.158 +03.145 -03.631
-05.128 +05.490 -04.466
+05.102 -02.622 -07.984
-02.182 -00.439 +07.237
-07.407 +06.400 +09.662
+03.405 -09.062 +06.822
+04.355 -09.231 +09.262
+00.635 -01.261 -04.682
-04.256 -02.085 +05.144
-08.232 -07.093 -02.114
+07.724 -08.354 +07.351
-05.139 +08.357 -02.124
-00.166 +08.771 +07.495
-04.224 -06.418 +05.168
-08.377 -03.341 -04.579
-06.539 -01.186 +04.804
+02.452 -08.928 -01.765
-03.364 -01.796 -09.032
-01.520 +05.723 -05.661
-06.490 -04.546 -05.335
+01.670 +03.824 -06.120
-06.729 +08.543 -06.150
+02.516 +03.690 +01.741
-02.241 -08.042 -05.939
+02.039 +03.764 -02.494
-02.194 +08.233 -06.430
+00.227 -06.940 -05.729
-06.227 +04.176 -02.919
-05.082 +06.624 -08.903
-04.163 +02.920 -09.059
+00.511 +01.704 +04.275
-09.751 +03.768 +02.871
-05.920 -06.134 -01.387
-03.565 -09.825 -00.068
-09.119 +00.871 +02.897
-00.861 -00.748 -01.424
-05.835 -04.207 +00.011
-02.131 +03.173 +06.737
+00.312 +04.235 -02.474
-00.481 -02.327 -09.322
-08.539 +07.144 -04.444
+09.210 -09.132 -06.509
-05.090 -00.626 -03.963
+06.746 +03.088 +00.196
+03.725 +02.412 +04.585
-02.210 +05.098 +08.324
+05.416 -09.213 +01.166
-09.013 +06.466 -04.403
-02.205 +03.898 -06.166
+00.737 +07.384 +04.325
-04.472 -03.486 -00.939
-04.899 -09.838 +01.718
+03.872 -00.490 -02.754
-09.326 +09.296 -01.013
-00.639 +08.893 +04.031
+02.722 +01.226 +01.471
-02.729 -09.240 +09.816
+07.299 -06.400 +02.430
+00.176 +09.159 +06.187
+05.732 +00.965 +03.961
-06.183 +08.605 +05.899
+00.115 -01.711 +02.764
-08.877 +08.881 -02.155
+00.775 +05.953 +08.034
+09.075 +04.653 +02.560
-08.514 -06.532 +06.261
+07.428 -09.055 +05.205
-00.378 -01.170 +03.842
-08.643 -02.467 -07.661
-08.904 -08.167 +05.221
-03.302 +02.482 -06.338
-05.238 -08.856 -09.971
+08.850 -03.407 -09.241
-09.034 +04.090 +08.626
-04.363 -06.823 +00.730
+06.987 +08.471 +04.570
+03.679 +05.906 -05.153
+05.526 +02.841 +05.899
+02.338 -06.183 +05.464
+06.679 +05.848 -06.722
+05.552 -02.154 +01.763
-04.144 -00.904 +04.317
+09.852 -01.387 -09.155
+03.159 +03.445 +02.673
-05.279 -05.235 -09.369
+08.829 -00.827 -03.870
+09.714 +09.518 +07.078
-02.369 +00.292 +08.866
+03.878 -02.017 -08.752
+07.365 +02.781 -00.045
-03.918 +03.210 -08.920
-00.413 +04.431 -09.218
-00.435 +05.389 -08.013
+03.731 +01.437 +03.457
+07.733 +09.102 -03.849
-03.284 -06.784 -03.251
-04.352 -07.888 +06.240
+07.959 +06.257 -04.145
-01.091 -05.611 +01.473
-06.548 -01.540 -02.853
-02.150 -05.978 +07.946
-09.821 +09.742 +06.834
+02.179 +09.317 +04.377
+04.219 +05.863 -03.175
-07.921 +06.927 +00.779
+04.314 -07.123 +02.532
+08.978 +01.450 -07.898
-07.106 +01.072 +09.609
-07.753 -09.145 -08.578
-09.375 -05.694 +04.073
+08.049 +00.464 -01.679
+02.823 +01.216 -00.578
+02.115 -08.763 +05.477
+00.276 -01.619 -06.320
-00.940 +03.221 +03.231
+02.455 -02.813 +07.609
+07.118 +08.919 -04.968
-04.054 -04.033 -04.106
+09.538 +00.281 -08.869
-06.291 +08.475 -00.743
+08.125 -01.958 -09.122
-08.807 +06.224 +03.877
+08.667 -07.218 +05.409
-07.090 +03.651 -03.399
+03.362 -00.907 +07.594
-00.398 -03.460 +08.518
-03.749 +05.188 -07.447
-00.582 -01.802 -04.536
+09.432 -03.091 -02.830
+08.424 +01.502 +00.311
+02.160 -03.023 +06.281
-03.191 +07.502 -06.610
+02.383 -04.692 -05.562
-03.951 +06.005 -07.741
+05.248 -02.664 -02.595
-03.810 +09.798 -02.300
+00.435 +01.756 -06.167
+03.894 -00.939 -09.167
+04.006 -08.663 +08.221
-06.533 +02.691 +05.570
+01.435 -00.776 -00.807
+01.361 -06.160 +09.941
-03.405 +06.631 -03.280
-08.217 -07.216 -05.908
+08.001 -03.436 -01.374
+03.856 +08.560 +05.991
-09.143 +04.940 +07.232
+06.573 +03.858 -03.224
+04.081 +02.841 +07.173
-03.255 +04.040 +06.725
+06.093 -08.408 +00.790
+07.508 -07.762 -05.064
+07.889 +09.699 +08.955
-02.591 +07.059 +08.836
+08.578 -08.064 +09.574
-09.940 +01.271 +07.049
+01.626 -09.198 +02.581
-08.041 +06.446 -05.195
-03.112 -00.386 -05.755
+06.209 -05.308 -09.873
-09.716 -04.054 -08.069
+01.584 +09.099 +09.701
-07.708 +08.902 -09.074
+00.118 +02.269 +08.473
-02.125 +08.925 -05.333
-01.362 +07.254 -01.081
+01.249 +01.890 -05.684
+00.849 -01.114 -04.745
-04.598 +08.240 -06.765
+08.698 +02.833 +05.241
-03.388 -07.236 -07.414
-07.097 +09.332 -05.953
+08.414 +06.976 -03.997
-05.702 +02.387 +02.303
+01.293 +01.184 -00.227
-03.250 -00.217 -01.962
-00.454 +00.588 -02.162
-03.257 +03.490 -09.214
+05.125 +09.355 -06.006
+07.071 -04.075 +08.543
-01.240 +04.756 -08.809
+03.765 +07.187 +04.188
-07.291 +04.891 -07.944
-04.924 +02.032 +09.941
+06.614 +08.244 -05.208
-04.185 -09.116 +04.286
-09.525 -07.137 +06.378
-08.673 +01.345 -06.751
+02.028 -02.495 +05.050
-08.706 +03.785 +00.385
+00.854 -07.750 -08.928
-02.066 +07.525 -03.278
+06.413 -02.903 -05.309
-09.331 -05.854 -02.026
+02.983 +06.403 +09.129
+03.468 -01.375 -00.515
+05.582 -00.574 -02.910
-09.422 -09.079 +04.748
+07.216 -06.392 +09.625
-00.260 -06.121 +08.394
-01.278 +00.096 -04.261
-04.851 -03.918 -03.016
-00.968 +08.045 +07.713
+09.919 -06.575 +05.849
+02.697 +00.773 -03.354
-05.051 +05.320 -04.880
+01.689 +09.166 +09.488
-02.227 -09.774 -08.625
+02.798 +06.909 -02.318
-05.809 +01.894 -04.736
-06.730 +07.251 -02.383
+06.134 +05.299 +03.726
+00.378 -09.512 +04.500
-08.323 +09.735 +08.316
+08.806 -05.221 +00.728
+03.572 -07.275 -01.838
-01.292 +05.557 +07.463
-01.196 -05.101 -04.942
-01.202 -02.711 -09.549
+05.793 +03.139 +06.908
+00.251 +06.289 +03.270
+07.780 +01.051 -08.559
-05.441 +07.536 -05.953
-01.583 -07.614 -01.057
+04.286 -04.786 +05.770
+05.754 -00.076 +01.359
+04.444 -00.610 -06.330
+08.718 -04.715 +07.147
+09.794 -07.465 +04.002
-01.290 -01.841 -04.318
+07.857 +02.715 -09.933
+07.897 +06.951 -03.821
-06.753 -09.008 -07.690
+00.179 -03.053 +04.235
-01.400 -08.625 -05.246
+01.106 +03.543 +07.179
+04.220 -03.547 +01.050
-02.963 -03.225 -03.799
-04.041 -00.977 +02.193
-05.365 +04.008 +06.091
-01.267 +03.979 +06.319
+06.075 -05.578 +06.641
-01.647 +00.667 -06.576
+02.009 -04.688 -09.171
-04.911 -02.090 -08.178
+01.057 -09.467 -04.631
-07.936 +03.719 -01.993
-04.036 -06.640 -07.239
+02.179 +09.634 -02.694
-01.611 -02.077 +07.631
+09.703 -07.083 -09.165
+09.166 +09.963 +00.437
-08.804 -04.706 -02.168
-04.523 -07.265 -08.184
+03.308 +04.633 -09.974
-01.329 -09.231 +02.587
-06.869 +03.074 -04.523
+04.144 +06.392 +02.029
+08.067 -01.902 -04.203
+09.746 +09.526 -00.775
+00.970 -01.162 -07.564
+06.239 +03.601 +00.202
-01.757 +01.452 -06.291
+06.306 +07.812 -01.266
-04.536 -01.974 -04.604
-00.270 -07.521 -00.723
+02.668 +07.084 +05.828
-06.400 +00.652 +05.394
-00.123 +08.755 -09.274
+02.107 +09.004 +06.597
+07.386 +05.702 -09.664
-06.401 +09.247 -06.498
+01.417 -07.222 -03.572
-08.552 +01.769 +00.223
+09.307 -09.324 -06.745
+00.365 +04.034 +09.164
-04.874 -09.870 +05.942
+08.054 +02.836 -06.847
-03.671 +02.735 +09.008
+01.650 +03.426 +03.527
+05.817 -04.434 +00.941
-03.615 +05.744 +06.395
+09.353 +04.467 -05.483
-09.333 -00.636 -01.374
+04.819 +08.997 -01.311
+03.371 +09.015 +05.341
+06.242 +09.495 -09.605
+03.501 -06.205 +00.032
-03.103 -01.705 -01.898
+06.026 +05.627 +04.923
-03.092 +00.936 +09.455
+00.423 -06.481 -07.184
-02.075 +03.615 -08.577
+04.124 +04.863 +02.202
+03.166 -08.872 -09.255
-04.650 +02.976 +04.449
+07.914 +05.043 -00.157
+03.765 +07.747 +00.952
-01.972 +08.202 -01.840
+00.955 -03.884 -00.110
+09.245 -04.711 +02.482
-00.362 +02.386 -06.379
+09.744 -07.963 +06.389
+08.612 -03.931 -00.827
+09.706 +08.733 -05.111
-04.473 -01.585 -06.063
-08.952 +00.526 -04.794
-08.864 +07.966 +04.449
-08.906 +00.764 -08.907
+03.627 +08.951 -08.990
+05.982 -07.993 +08.519
-08.452 -03.855 +09.740
+01.428 -02.217 +08.663
-01.215 -09.367 +00.387
+06.453 -06.561 -03.568
-06.903 -01.485 -01.230
-06.167 +05.676 -00.888
+00.625 -04.610 -01.420
-07.047 -06.925 -02.033
-07.240 -06.734 -01.671
-05.882 +08.049 +00.241
-07.826 -09.945 -08.233
+00.944 +05.528 +08.109
+08.687 +01.603 +09.450
+09.371 +09.919 +00.806
-00.383 -08.135 -05.553
-08.110 -06.934 +09.574
-03.653 +02.908 +04.345
-05.282 +03.779 +09.573
-06.983 -07.036 +03.493
+05.703 -05.613 -09.610
+06.665 +01.971 -06.276
+01.829 -00.012 -06.887
+09.037 -03.975 +00.638
-03.161 -09.571 -08.142
-04.669 +01.392 -04.976
+05.257 +04.695 -05.340
-09.515 +09.763 -01.471
-00.631 +07.703 +04.079
-03.838 -08.499 -04.661
-01.382 -04.246 +00.882
+00.918 +01.949 +05.985
-09.866 +05.569 -04.051
-07.084 +00.117 -07.579
-01.118 -05.194 +03.264
+02.433 +03.383 -00.339
+00.279 +03.758 +07.940
+02.087 -05.200 +01.446
-01.044 -00.996 -01.626
+00.561 +05.852 -02.684
-06.170 +01.560 -07.920
+04.323 -03.972 +07.994
-03.364 +04.441 -05.846
-06.691 +09.323 +02.634
+08.700 -01.647 -02.671
-01.167 -01.405 -06.351
-08.155 +02.980 +02.268
-05.723 -09.398 +06.229
+00.612 -06.087 +06.035
-09.034 +06.313 +05.958
-06.055 -00.804 -01.306
-03.116 +04.013 +08.466
+05.828 -03.997 +01.507
+06.504 -05.719 -08.348
+09.019 -01.045 +06.160
+02.085 -00.524 -03.274
+09.486 -05.776 +05.694
-09.902 +06.487 +09.937
-05.135 -02.072 +09.980
-08.879 +06.842 +04.355
-00.282 -03.983 -04.866
+02.346 -02.612 +01.946
+09.434 -01.440 -08.783
-08.064 +06.000 -08.536
+05.024 -00.216 +03.591
+00.820 +08.251 -01.094
-08.154 +06.702 -06.733
+00.641 +06.526 -08.823
+08.236 -09.335 +07.107
+02.026 +04.049 -07.902
+03.226 +01.598 -04.350
-00.510 +04.710 +08.791
+06.578 -03.723 -08.439
-05.887 +00.542 +01.726
+07.883 +06.514 +06.493
-02.753 +03.176 +04.103
-06.599 +03.107 -02.271
+09.043 -08.975 -02.161
-08.606 +09.590 +03.177
-01.743 -02.123 -05.316
+00.878 +08.549 +05.219
-07.553 -08.581 +06.835
+01.570 -08.525 -09.986
-07.903 +09.319 +00.836
-03.029 +02.288 -01.128
-03.339 -04.593 +03.596
+07.901 +01.267 +02.412
-03.196 -00.683 -07.228
+09.933 +09.894 -04.279
-09.828 +04.650 -00.709
-07.753 -02.326 +08.387
+05.952 -00.247 -08.883
+08.688 +04.162 -03.951
+03.181 -00.181 -00.554
+01.961 +06.338 -03.673
-08.303 +06.086 -03.811
+02.254 +08.642 -05.044
-03.389 -03.381 +02.880
-02.487 -07.852 -09.772
-00.375 +06.526 -07.146
-00.235 -04.148 +00.684
+09.993 -08.008 +09.275
-03.222 +04.808 +00.781
+09.650 +01.296 +08.367
-01.277 -00.265 -01.045
+00.466 +01.166 -02.836
+08.797 -00.224 +01.972
-03.177 +01.079 -05.913
-00.452 -04.459 -03.351
-00.283 +01.080 -04.395
+00.695 +08.233 +09.265
-08.884 -07.432 +05.967
+00.108 +07.843 +00.257
+03.967 -04.602 -00.434
+04.608 -09.399 +01.952
-07.328 -03.750 -06.187
-07.517 +06.983 +09.881
-04.420 +04.643 +02.014
-01.538 +01.043 +00.129
+05.962 -07.314 -06.894
-03.520 +04.233 +08.385
+03.153 +06.390 +07.131
+01.257 +08.088 -04.451
-08.180 +02.712 +08.022
+08.992 +09.829 +05.977
-07.077 -03.161 -03.016
+09.719 +04.871 +04.856
-03.108 +03.922 +06.300
+05.678 -06.821 -05.755
-08.004 +04.838 -02.443
-04.763 -02.152 -04.258
+01.361 +01.691 -00.259
+02.885 -08.542 -06.348
+02.026 -00.691 -04.961
-03.831 -07.976 -07.403
-03.187 -05.268 -00.824
+05.974 -01.376 -04.391
-08.428 +02.046 -07.335
+04.588 +06.071 -08.721
-07.367 +05.031 -02.300
+02.902 -05.199 -05.132
+06.166 -00.221 -06.654
+05.906 +06.975 +08.699
-00.170 +03.318 -03.240
-01.016 -00.633 -04.810
+05.140 +03.039 +05.241
+02.759 +04.416 +08.070
-07.302 +08.593 -04.366
+05.553 -09.773 -06.679
-07.312 +01.096 +06.035
-08.684 -09.645 +08.189
-04.310 -02.983 +07.980
+04.164 +02.798 +06.958
+05.681 -07.188 -02.600
+06.563 -03.821 -03.501
-02.942 +02.986 +09.034
+06.885 +08.419 -07.584
+08.580 +07.871 +04.471
-02.690 +07.186 -00.020
+07.907 +08.897 +09.731
+04.619 +00.455 +08.346
+02.471 +06.940 -09.311
-04.034 -08.467 +01.306
-02.844 +00.670 +05.330
-02.201 -08.549 +01.341
+06.915 -01.862 +05.188
-05.527 +05.462 +01.078
+00.700 -00.073 -07.585
+09.099 -05.051 +00.669
-02.977 +00.025 -06.152
+03.785 -04.552 -01.106
+04.138 -05.184 +08.271
-01.480 +09.827 +09.559
+09.713 -04.382 +06.119
+08.863 +06.104 -09.236
-02.813 +05.462 +05.850
-06.262 -03.015 -06.062
+06.051 +00.901 -03.425
-09.780 -05.127 -08.579
+04.179 +02.253 +06.942
+05.968 -05.092 +07.248
-03.229 +08.580 +00.139
-00.660 -02.224 -03.980
+05.095 -01.724 +00.916
+02.600 -06.923 -09.940
-06.963 -02.893 +09.182
+05.241 -03.131 +01.185
-07.563 -03.859 +05.246
+04.588 -01.057 +09.539
+03.128 -05.674 -09.281
+04.291 +03.855 +05.028
+00.080 +09.669 -02.174
-05.571 +04.926 -04.837
+03.819 +00.424 +00.491
-08.257 +07.002 +06.902
+06.181 +00.486 +07.461
-09.637 -09.269 +02.025
-06.161 +00.328 -05.689
+08.088 -02.971 -04.804
-00.427 -07.540 -06.870
+08.538 +02.095 +05.805
-06.727 +00.500 -07.278
+04.454 +05.063 +00.636
-07.779 -04.531 -04.082
-05.658 -03.455 +08.476
+04.076 +06.715 -00.565
-06.273 +09.778 +07.009
+03.473 +09.986 +06.095
+09.324 +09.199 +08.377
-05.362 -06.658 -01.043
+03.956 -09.848 -07.491
+01.501 -08.835 -03.778
-03.540 -04.298 -09.549
-08.023 +04.915 -06.933
+05.795 +09.701 +07.108
+09.944 -06.882 +01.214
+08.891 -02.057 +04.482
-07.836 -02.226 -00.695
-04.981 -05.948 +04.128
-03.409 +03.621 -05.383
+08.683 -00.377 +06.697
-08.098 -07.374 -02.892
-09.309 -05.812 +00.797
-02.496 -02.518 -03.657
+05.837 +08.633 -08.518
-09.560 +09.642 -00.178
-02.908 -05.904 -07.726
-04.415 -06.162 -04.359
+05.128 -09.832 -06.294
-03.878 -07.034 +09.477
+07.841 +01.381 -04.550
-06.871 +03.194 +00.196
+03.697 +01.063 -06.061
-02.851 -08.485 +07.747
-04.330 -08.362 -03.883
-09.530 -07.142 -06.149
+03.806 +09.292 -08.770
+02.318 +04.993 -02.229
-07.551 +08.299 -00.386
-05.195 -04.574 -00.429
-07.199 -08.870 -07.394
-08.261 -07.535 -03.177
+04.424 +02.064 -00.151
-05.011 -02.111 -05.152
-07.803 +00.153 +05.883
-00.825 +03.699 +09.034
-01.121 -04.612 -09.669
-07.942 +02.095 -01.670
+06.938 -03.250 -06.035
-04.088 -06.714 +09.014
+01.711 +03.523 +09.135
+07.637 -03.817 -07.419
+09.542 +02.640 +05.239
+07.743 +02.838 -03.111
+01.717 +08.031 +09.508
-00.098 +04.150 +04.726
+04.099 -06.452 +04.092
-00.164 +05.249 -06.090
+00.941 -07.371 -02.830
-02.986 -01.324 +07.576
-03.134 +09.277 +09.325
-00.343 -07.819 -00.770
-05.801 +02.945 +05.245
-02.712 -08.471 +01.605
+09.843 +05.672 -02.717
-05.092 -07.446 -05.471
+07.266 -06.495 -04.128
-02.323 -08.517 -01.985
-08.580 +03.144 -05.544
+01.415 -01.041 +02.345
+03.745 -01.684 -03.893
+03.579 -07.656 -08.216
-02.890 +08.369 +06.992
+09.766 -04.664 +07.823
+00.985 +08.061 +01.371
-08.537 -06.552 +04.436
-02.482 -09.350 -02.702
-08.770 -03.258 +09.379
+01.837 +07.482 +01.281
-01.175 +01.187 -04.903
+05.691 +03.894 -05.299
-06.844 +08.971 -09.896
+01.437 +05.325 -09.339
+00.499 +09.236 +03.183
-09.732 +09.105 -02.869
+06.303 -09.063 +09.459
+05.963 +05.013 +01.386
+08.180 +08.209 +05.198
+07.084 -00.640 +00.091
-03.910 -03.076 +07.976
-04.867 +01.160 -07.139
-07.045 +03.234 -06.833
-07.872 -01.885 +04.816
-05.937 -01.545 -01.297
-06.783 +09.694 +08.034
+04.663 -09.664 +04.832
+04.476 -03.962 -07.304
+06.626 -06.942 -06.670
-06.974 +05.982 -07.586
+05.177 +03.063 +07.862
-09.347 +02.597 -07.225
-03.255 -07.735 -04.192
+06.709 +03.672 -08.841
+07.128 -07.276 -06.114
+04.326 -03.715 +08.507
-06.096 +01.544 +08.391
-02.522 -01.612 +01.574
-07.616 +01.236 -03.444
-05.286 -02.259 -06.731
-06.086 +05.595 +09.757
-04.885 -07.501 +02.058
+01.726 +00.327 +07.737
-08.703 +03.081 -05.391
-01.079 +05.800 +00.098
-06.843 +02.299 -07.717
-07.038 -08.697 -02.427
+07.276 +06.880 -05.839
+02.424 -03.784 -00.614
+04.476 +08.769 -03.723
+07.910 +06.666 +02.471
-02.641 +06.933 +06.793
+06.463 +06.779 +01.154
-05.419 -05.756 -02.266
+02.282 +06.113 -04.962
-00.691 +01.777 +08.141
+07.910 +08.010 +02.034
+02.342 -08.354 -05.942
-03.392 -08.130 -06.231
+09.686 -04.772 +02.340
-05.117 -03.408 -03.821
-06.760 -00.368 +04.655
+09.071 -03.676 -08.535
-00.154 -01.865 -08.278
+04.868 +04.425 -08.255
-06.887 -09.916 -01.070
+02.171 -07.300 +05.689
-05.347 +06.413 -01.385
-08.238 -05.952 -07.459
+09.159 +06.138 +06.334
-04.514 +05.082 +00.128
+00.744 -07.981 -02.812
-06.890 -03.833 +06.032
-01.392 -09.657 +06.184
-00.106 +07.325 +04.485
-01.239 +04.105 -05.246
+02.344 -06.822 +01.770
-02.887 +00.472 +08.194
-06.819 +05.250 -04.150
+08.364 -06.743 -08.069
+07.825 -01.626 +06.916
+00.981 +07.403 +06.068
+00.093 -05.531 +06.910
+04.602 -06.956 -05.581
-00.872 -07.482 -09.754
+00.464 -03.039 +01.982
+08.436 -00.557 -03.365
+05.925 -05.434 +01.246
+08.716 +02.802 -02.753
+02.716 +04.325 +04.304
+02.755 +02.611 +06.384
-01.524 +02.973 -07.904
-06.776 +07.774 -08.553
+06.809 -04.193 -00.801
+08.517 +02.069 -04.500
-07.760 -02.737 +09.753
-00.252 +07.311 -06.041
-06.279 -04.888 -00.551
+00.415 +05.528 -02.734
+06.539 +07.450 +08.520
+07.113 -02.129 +04.954
-04.787 +01.599 +05.551
-07.187 -00.463 +07.187
-08.618 -07.996 -03.612
-02.896 -08.534 +02.503
+04.612 -01.888 +00.462
-07.395 -01.421 -05.292
-04.592 +07.188 -05.515
+09.206 +04.708 +01.116
+05.127 +09.045 -01.056
-03.506 -09.926 -02.107
+07.820 +06.757 +09.256
-00.814 -06.544 +01.507
-04.395 +06.280 -00.636
-06.723 +03.301 +09.523
-03.842 -00.505 +00.645
-09.347 +07.032 +00.344
-04.100 -09.135 -06.365
+05.548 +09.402 -04.734
+02.702 -05.257 +02.902
-05.219 +05.937 -07.174
-05.121 +06.673 -05.517
-04.768 -03.979 -05.763
-04.289 +07.540 -09.034
-02.057 -07.764 -08.474
+07.121 -03.040 +05.476
+08.319 +01.304 -00.707
-06.352 -02.485 -08.885
-08.816 +07.795 -08.485
-09.299 +05.672 -09.000
-03.152 +02.925 +03.662
+09.352 +00.922 -09.208
-05.141 +03.873 +05.672
-04.876 -05.725 +02.953
-07.484 -09.423 +07.087
+09.781 -07.559 +04.029
-09.548 +09.077 +01.046
+03.819 +09.935 +08.003
+03.882 -08.416 +04.563
+00.231 +05.899 +02.665
-04.627 -07.455 +02.863
+06.404 +07.457 -08.560
+06.809 -01.907 +08.172
-09.159 -00.800 -01.892
-01.739 +04.049 -07.764
+04.687 -09.898 +05.029
-02.937 +05.396 +01.879
-09.424 +08.292 -02.864
+03.184 -02.667 +00.436
-09.170 -09.099 -00.072
-06.253 -05.579 -05.842
-08.714 -09.841 -09.923
+08.514 -06.492 +09.346
+06.245 -03.673 +05.226
+01.562 +02.156 +09.504
+02.292 -07.350 +03.092
+04.372 -06.210 -00.676
+04.268 +06.174 -07.599
+09.818 -09.738 -00.767
-04.875 +00.648 -02.245
+02.031 -05.714 -02.441
+08.119 +08.719 -01.415
+02.033 +01.256 +06.673
-02.063 -06.833 -03.758
-05.929 +04.400 -08.280
-03.895 -08.995 +09.028
-01.140 +00.586 +04.356
+06.645 +06.544 -09.672
-07.244 -02.525 -06.080
+04.101 +09.061 +00.087
+08.489 -02.942 +00.949
-06.034 +07.061 -05.776
-01.251 +08.998 -00.835
-04.633 -01.166 +00.109
-06.654 -06.265 +03.602
+04.972 +09.671 -05.257
-02.618 -00.626 -01.872
-00.666 -07.014 +00.865
+02.188 +07.063 +08.319
+04.389 -02.510 +03.163
+03.539 +02.721 +01.492
+07.212 +04.105 +05.883
+00.484 -07.829 -02.034
+05.967 +01.631 -01.636
+09.369 +00.362 +08.239
-09.506 +04.691 +01.021
+03.671 -03.361 -03.534
-02.384 -06.859 -02.162
-06.275 -09.255 +02.478
-00.464 -00.918 -07.891
-06.027 +01.944 +04.068
+07.608 -05.619 -09.168
+08.714 +09.064 -05.322
-07.570 +09.456 +08.565
+03.699 -06.866 -07.180
-02.389 +00.745 +03.778
-07.649 +06.655 +02.703
-05.217 +07.392 +05.225
-08.137 +08.174 -07.648
-02.396 -08.225 +08.307
-03.218 -09.312 -03.162
+04.490 -08.173 -00.699
-09.461 +04.962 -06.362
-06.181 +06.454 +06.849
+02.673 -03.641 -07.499
-06.030 +02.157 -03.990
-01.187 +06.973 +01.256
+05.285 +05.607 +05.563
+05.222 -06.645 +05.920
+08.995 +03.374 +02.897
-09.502 +05.376 -03.096
-01.568 +04.177 -03.142
-01.213 +01.106 -02.650
-02.440 +03.981 -04.405
-04.655 +05.175 -00.203
-01.612 +04.979 +01.978
+06.574 -05.851 +04.395
-03.772 +07.945 +03.926
-08.330 -08.753 +09.431
+07.613 +06.813 +05.965
+02.166 +07.670 -09.727
-09.577 +07.293 +07.914
-00.077 +01.867 +07.746
-07.347 -05.072 +02.348
+06.398 +02.026 +07.723
+01.452 -00.609 -07.305
+09.169 -04.127 +05.756
-09.306 -07.844 -05.623
-08.878 -02.270 +02.529
+02.109 +07.439 -02.275
+05.654 +03.085 +06.909
-07.456 -02.897 +05.917
-03.521 -07.574 -04.410
-00.607 +01.381 -01.376
+05.879 +07.757 -01.702
+03.991 +07.536 +02.793
+07.698 +00.898 -05.013
-05.702 +09.810 +03.455
-04.225 +03.901 +09.833
+05.195 -08.846 +09.864
+05.756 +01.858 +00.476
-03.636 +06.373 +01.893
-02.170 +01.843 +05.316
-09.559 -07.244 +08.671
-01.633 +08.575 +00.471
-04.819 -05.335 -06.147
-07.930 -08.960 +03.333
+07.282 +02.552 +05.116
-08.925 +01.212 -05.165
+06.526 -05.391 +07.632
-04.156 +04.770 +00.498
-02.879 -05.443 +03.892
+05.176 +05.858 -04.442
+08.391 -05.571 -01.687
+08.094 +02.013 +04.223
-02.268 -03.572 -07.132
+05.841 -04.703 +02.100
+01.740 -02.615 +03.292
+02.286 +09.361 +01.798
+08.113 +05.646 -08.812
-05.172 +02.474 -09.546
+02.220 +04.228 -08.063
+07.307 +06.590 +06.319
-04.988 +03.569 +07.211
+06.967 +00.648 +00.867
+02.788 -08.315 -03.400
-07.394 +06.275 +09.260
-09.885 +09.521 -09.136
-00.664 +09.980 -00.548
-07.951 +03.013 -04.410
+09.091 -03.959 -04.933
+01.261 -08.252 +06.979
-05.226 +07.515 +09.521
+09.303 -09.722 -06.772
-07.973 +08.898 +03.626
-06.453 -09.734 -03.994
-07.234 -06.119 +07.470
+05.008 -04.805 -07.426
+05.215 -06.513 -03.424
+07.879 +04.163 +08.711
-00.618 +07.952 +05.540
-05.511 +00.119 +01.795
-01.871 -01.063 +02.907
+00.322 -09.289 -03.396
-09.405 -01.210 -03.907
+09.949 +07.734 +07.210
-05.839 +08.339 +03.205
+06.165 -01.660 -05.137
+03.627 -03.465 +02.160
-04.936 -08.318 +07.969
-03.112 -05.723 +09.637
-08.329 -03.761 +08.569
+07.491 +09.640 +05.435
-03.779 +02.209 +09.379
+03.816 +09.424 +00.709
-05.464 -08.143 -02.167
-08.629 +06.484 -06.107
-02.531 +04.266 +06.623
+03.404 -02.658 +05.374
-05.188 +06.378 +07.732
-03.246 -03.586 +02.721
-07.882 +09.730 -05.184
-02.883 -02.107 -07.190
+03.436 +05.408 +08.224
+08.620 +02.327 -06.797
-04.542 +05.269 +00.721
-07.496 -06.827 +07.999
-03.924 +06.124 +02.992
+05.870 -05.378 +07.122
-05.361 -05.650 -01.882
-04.777 -06.283 +05.883
-02.288 -04.557 +04.709
+05.543 +04.814 -02.991
+06.729 +00.925 +06.351
-02.128 +09.408 -09.048
+00.798 -01.464 +02.708
+04.142 +09.508 +01.799
+08.429 -01.103 -04.817
+00.318 -09.185 -06.572
+07.998 +09.696 +01.680
-05.454 +09.899 -00.683
-01.201 -05.889 +06.110
-05.001 +09.980 -01.573
+09.547 -04.432 -01.769
-07.784 +02.482 -01.854
+02.617 +02.824 -00.432
-01.428 -09.669 +02.019
+09.581 +03.612 -03.987
+06.134 -06.419 -07.071
-01.444 -05.215 +06.085
+09.342 -09.980 +00.508
-08.443 -03.033 -05.417
+07.268 -09.765 -01.485
-08.985 -06.216 -01.521
+07.988 +01.177 -08.805
-01.810 -02.687 +00.744
-08.662 -02.022 -05.660
-03.122 +01.891 -01.369
+08.636 -02.024 +02.165
-08.158 +06.096 +00.655
+02.165 -08.679 -01.417
-08.528 -04.734 -00.160
-08.429 -06.724 -04.565
-01.600 +08.144 +00.624
+02.354 -07.671 +07.432
-07.810 -09.439 +07.351
+02.122 -08.372 +05.363
+08.908 -07.681 -00.347
-04.655 +07.694 -08.583
+05.521 -01.267 -05.241
-08.910 +07.162 +05.074
+09.824 +06.139 +00.579
+02.082 -00.832 +04.718
+06.144 +09.007 +05.754
-05.501 -05.018 -06.026
-01.187 -05.911 -05.761
-08.086 +03.482 -01.937
+07.406 -05.789 -08.012
-09.488 -04.731 -07.186
-05.697 -06.587 -07.632
+07.693 +05.434 +00.715
-05.710 -06.698 +06.302
-02.725 -00.295 -00.599
+08.399 -08.697 +09.898
+06.180 -02.804 -00.629
-01.771 -06.057 -05.051
-01.286 -09.420 -00.754
-00.559 +04.292 -02.412
-05.975 -00.371 -07.593
+00.396 +08.862 +08.425
-05.629 -03.851 -03.177
-09.479 +02.000 +00.901
-05.218 -01.136 -09.582
+06.860 +04.311 +04.950
-05.329 -01.953 +04.908
+04.364 +06.628 +07.398
+09.694 +03.021 -02.405
+01.668 +04.493 -03.608
-08.930 +05.550 -09.947
-03.104 -02.675 +02.084
-05.645 +09.013 -00.600
+01.219 -08.925 +00.742
+04.005 -09.162 -07.208
-09.093 +03.564 -02.921
-04.957 +07.746 -07.460
+08.427 +01.264 -01.821
-05.302 -05.612 -05.764
+07.164 -07.630 -03.632
+03.997 -07.870 +08.709
-06.729 -06.467 +04.919
-07.933 +07.923 -03.734
+03.647 -07.039 -07.626
-03.529 +07.299 -05.374
+07.463 +02.054 -03.831
-06.997 +03.334 +01.206
+08.450 +07.087 -00.175
-08.041 +01.067 -09.007
+06.302 -03.162 -04.069
-01.839 +04.712 -07.703
+03.054 -03.819 -07.823
+01.475 -06.673 +03.397
-03.731 +05.782 +02.932
-04.844 +06.916 -09.586
-01.563 +09.452 -01.526
+03.052 +06.011 +06.578
-04.727 +04.988 +03.143
-04.478 +00.401 -02.012
+06.128 -09.960 -09.546
-04.568 -04.361 -04.637
+06.188 -06.238 -05.905
-04.719 +01.353 +00.717
-08.445 +08.334 +02.757
-03.948 +09.767 -08.739
+06.242 +08.161 +03.102
+00.626 +00.687 +08.453
+04.369 +00.608 -02.780
+00.526 -07.556 -05.651
+09.332 +09.581 +08.647
-09.311 -02.574 +00.730
+02.523 +06.754 -04.337
-09.552 -00.683 -00.064
+01.918 +08.481 -06.582
-06.928 +02.277 +00.286
+00.980 -04.483 +09.823
-09.835 -09.225 +09.799
-01.987 -08.032 +05.728
-07.315 +05.491 -05.909
+01.704 -05.549 -02.010
-02.519 +03.940 +07.974
-09.538 +07.835 -04.397
+07.932 +01.940 +04.247
-07.368 +04.751 -09.319
+05.568 -09.796 -06.049
-06.373 +06.239 -08.049
+05.650 -06.561 +09.307
+01.697 -04.146 +08.391
-01.288 +01.954 +09.348
-08.155 -07.173 +08.274
-05.857 -02.558 -01.562
-08.843 +00.426 +02.511
-00.374 -03.521 -04.351
+08.962 +04.765 +08.290
+06.658 -05.349 +09.270
-03.772 -05.748 -01.645
+00.290 -02.551 -09.365
+01.322 +01.616 -04.646
-06.551 -03.807 +02.340
+02.917 +05.676 +07.297
+03.908 -05.978 -03.114
-02.732 -05.036 -00.088
-05.625 +05.562 -06.489
-00.646 +04.322 +01.796
+01.787 -09.399 +06.928
-09.373 -05.403 -02.132
-09.462 +00.820 -02.811
-00.895 +02.670 -05.457
-05.993 +04.173 -03.643
+00.498 +00.151 -08.058
+06.230 -04.498 -01.187
-08.442 -04.174 -09.664
-08.415 +05.600 -08.383
+08.043 -00.638 -06.251
+01.791 -08.329 +00.447
-02.634 -03.638 -00.764
-07.458 +08.546 +04.797
+00.422 -07.475 -09.255
-07.509 -03.990 -04.289
-01.498 -05.467 -02.446
-02.089 +06.685 +03.701
-03.683 +02.371 +01.958
-08.294 -09.585 +09.487
+07.499 +02.435 +06.979
-00.078 -00.069 -01.133
-00.156 -00.868 +05.046
-09.671 -04.081 +01.077
-06.487 -00.400 +05.335
+01.310 +01.156 +08.309
-06.172 -00.032 +03.482
-09.883 +06.622 +01.136
+04.629 -09.035 -06.801
-09.019 +00.992 -02.376
+06.255 +07.731 +03.956
+06.027 +07.969 +07.957
-07.153 +05.697 +04.202
-04.236 -01.676 -09.026
+04.468 -08.688 -02.956
-03.985 +09.945 +07.395
-01.434 -08.415 -06.456
+02.695 +09.027 +08.078
+08.716 -01.287 +03.991
-06.442 -09.600 -01.938
-08.847 -01.951 -09.921
-08.258 +07.545 -01.152
-06.684 +00.712 +07.797
+00.174 +09.762 +00.895
+00.486 +08.799 -06.778
-05.779 -00.744 -00.842
+00.869 +05.914 +01.057
-05.802 +02.467 +03.650
+08.201 +00.785 -00.901
-08.196 -09.205 -09.705
+07.388 -09.402 -03.378
+05.074 -05.630 -02.823
-03.430 -09.646 -05.954
-00.878 -02.343 +08.205
+02.471 +01.714 -04.650
-01.841 +05.610 -06.245
-01.584 -09.597 -07.207
-06.981 -07.414 -05.529
+01.901 +03.684 -00.389
-08.546 +02.446 -05.832
-07.875 +06.960 -06.657
-04.705 +08.074 +02.487
+04.902 -07.651 +02.778
+09.553 -05.512 +03.113
+09.029 -03.236 -01.622
+08.487 -05.094 +08.666
-06.679 +00.837 +09.682
+07.241 -06.618 -05.213
+05.790 +04.215 -07.773
-01.968 -01.830 +05.163
+00.566 +09.838 -04.298
+02.636 +06.242 -00.791
+00.759 +02.438 -06.513
+02.922 -04.809 -00.888
+01.997 -05.154 +00.832
-06.058 -08.811 -09.597
-06.452 -01.083 +00.779
+04.885 +03.379 -09.086
+06.751 +05.244 +03.250
+04.021 +02.866 -00.564
+07.958 -07.280 -08.015
-04.351 -07.596 +00.185
+02.651 -08.223 -09.565
-06.110 +08.090 +04.132
-07.608 +09.987 +05.434
+04.298 +02.136 -02.503
-06.531 +02.001 -06.307
-00.444 +01.032 -00.589
-08.461 +04.571 +08.550
+00.338 -08.270 -01.262
+08.421 +01.986 +07.188
+09.559 -00.919 -01.335
-07.580 +02.292 -01.285
+08.725 -08.331 -03.057
+06.428 -08.850 +08.270
+05.326 +00.673 +08.536
-08.370 +07.864 -04.971
-07.065 +08.433 +03.718
+05.321 +06.570 +09.324
-01.265 -07.329 -00.710
+00.240 -04.050 +05.261
-06.288 -01.343 -08.239
-06.595 +03.107 -00.732
+00.973 -04.890 +05.298
+08.167 -09.446 -03.595
+06.654 -05.807 +09.883
-00.063 -03.343 -06.547
-08.896 +06.477 +07.757
-08.848 -05.248 +04.096
-04.169 +08.799 -01.716
-02.908 -01.766 +06.560
+01.345 -05.253 -05.043
-01.497 -06.544 -05.213
+05.886 -07.437 +07.682
-05.991 +03.440 -07.207
+05.738 +03.515 -09.097
-04.784 +01.393 +04.403
+01.409 -05.543 +02.371
+05.207 -07.134 -05.925
-07.410 -09.673 +09.023
+08.104 +06.755 +07.810
-06.341 -05.682 -01.782
+07.395 -05.254 +08.553
-09.725 -09.372 -03.824
+05.064 -04.313 +09.403
-05.119 +03.658 +07.863
-08.375 +03.704 -09.278
-01.718 +08.266 -03.655
+06.015 -07.348 +00.979
-07.607 +09.593 +07.408
-08.202 +01.510 -02.475
-07.212 +08.709 +00.024
+03.242 +07.006 +03.947
+03.104 -00.674 +05.762
+09.677 -02.919 -03.158
-09.867 +06.618 -07.412
+02.316 +03.825 -07.991
-02.224 -06.481 +01.103
+04.169 -00.283 -09.551
+08.601 -08.374 -09.067
-02.327 -03.035 +08.822
+00.708 +05.897 +00.574
+04.325 -00.033 +01.096
-06.887 +02.131 +05.116
+05.519 +02.065 +02.692
-00.186 -02.947 -09.908
-06.621 -09.789 +09.543
+07.550 +03.584 -04.071
+07.663 -04.144 -04.879
-00.130 -09.259 -02.453
+06.302 -00.127 +04.737
-06.902 -00.638 +00.589
+02.902 -02.934 +08.703
-07.248 +01.218 +04.013
-05.263 -04.447 -07.357
-02.590 -07.605 -04.418
+05.684 -07.879 -01.148
+02.431 +05.219 +03.007
+07.166 +01.901 -08.992
-09.817 -06.258 -06.955
+08.947 -02.898 +05.544
+08.771 +07.477 +00.462
+06.920 +04.767 -08.609
+04.801 +05.294 -09.263
+09.376 -07.961 -08.171
-03.685 +09.013 +08.134
+00.077 -08.148 -07.609
+03.431 +08.084 +08.211
+03.221 -09.971 -00.066
+03.943 -07.737 -06.777
-07.818 +00.358 -06.062
-02.092 -02.700 +00.403
-06.601 -03.333 -04.052
-01.280 +08.028 -08.977
-07.231 -07.618 -08.299
-08.524 +07.401 +04.260
-04.121 +01.726 -07.634
+08.674 +06.674 +04.782
+05.593 +07.499 -01.836
+03.373 +00.618 -09.374
+01.345 +06.251 -02.021
+07.648 +00.012 +07.938
-06.195 +02.079 +01.396
-08.579 +09.643 -07.359
-09.788 -07.957 -04.239
+06.254 +06.677 -05.718
-08.449 -02.376 +08.744
-01.424 -07.097 +06.342
+04.665 +06.699 -01.408
-00.731 +08.132 -06.699
+06.821 -08.175 +04.912
+02.435 +09.626 +03.319
+00.731 -04.565 -07.252
+06.370 -02.903 -03.530
-01.700 +01.417 +02.694
-03.798 -04.818 -01.315
+07.392 +05.890 +05.340
+08.676 +02.793 -01.532
+09.764 +03.803 -09.385
-09.871 -05.352 +07.568
-06.294 -06.232 +03.703
-02.977 +05.077 +03.469
-03.832 +03.002 +03.105
+09.089 -01.068 +05.816
+01.552 +02.869 +00.302
+07.334 -00.803 -09.590
-06.796 +08.937 -08.961
-06.445 +06.532 +02.544
+09.118 +02.872 -08.923
+02.109 +07.562 -08.739
+00.521 -03.873 +06.623
-04.001 -08.702 -00.391
-04.877 -08.312 +01.820
+05.398 -07.448 +07.993
-00.547 +08.822 +03.816
+08.829 +03.132 +07.526
+05.900 -09.599 +07.943
+00.586 -08.800 -06.247
-02.110 -03.418 -07.250
+00.067 +08.796 +09.343
+08.054 -09.086 +00.488
+03.650 -02.669 +00.772
+02.955 -09.601 +09.914
-05.449 +09.337 +02.596
-01.689 -03.616 +04.890
+07.727 +05.134 +00.759
-05.184 +09.334 -07.476
+07.552 +08.499 -03.932
+02.612 +04.050 -05.000
+01.681 -05.817 -03.740
-04.036 -04.875 -09.498
+09.356 -09.417 +08.383
+08.376 +06.068 +06.261
+03.052 +04.890 -01.632
-05.840 -03.779 +04.485
-06.407 -00.015 +07.575
-05.689 +09.415 -03.142
+07.721 +09.669 -01.862
-02.483 +00.446 -05.762
+07.851 +04.565 +09.575
+08.364 -00.674 +03.860
+03.131 +05.337 -04.638
+04.675 +00.343 +04.104
+04.604 -09.281 -07.409
+01.942 +02.917 -01.249
+02.933 -00.462 +03.028
+08.979 -03.655 -04.644
+08.430 -08.475 +02.641
+05.190 -08.583 -05.528
-00.726 -02.404 -01.834
+05.582 -01.571 -03.837
+02.000 -07.232 -04.888
+02.429 +05.191 -05.216
-05.212 +03.817 +00.783
+00.862 +09.286 +06.761
+03.790 -08.084 +07.255
+01.056 -04.929 +04.600
+06.784 +08.817 +07.447
-05.901 -00.790 -00.516
-02.671 -05.316 -05.101
+09.403 +04.460 +05.753
+05.830 -09.492 +02.451
+08.906 +01.360 +08.387
+07.312 +09.922 -05.513
-09.968 -02.724 +00.765
-04.358 +04.742 -08.038
-05.321 +02.423 +01.513
-08.896 +06.528 -04.589
+01.429 -03.139 -04.604
+02.080 +02.866 -09.891
-01.797 -04.445 -07.359
-05.600 -01.174 -03.968
-08.200 +03.750 -01.274
+01.187 +00.911 +07.833
-02.704 -06.939 -00.082
+09.752 +05.505 -04.757
-08.762 -07.679 -04.982
+07.628 +03.093 +04.876
+00.250 +01.283 -08.092
+09.830 -09.815 +00.526
-09.228 +01.619 -05.426
-03.456 -05.855 +03.687
+09.586 -03.802 -01.901
-01.862 +09.821 +09.437
-08.709 -00.213 -09.988
-09.365 +04.357 -08.556
+00.242 +02.649 -08.458
+03.503 +05.952 -05.383
+08.284 -04.851 -01.582
-00.335 +04.392 +02.487
+07.715 -06.976 +05.519
+01.591 +00.265 -01.270
+07.485 +08.414 -00.862
-04.328 -07.673 -04.785
+09.202 -04.994 +02.469
-06.119 -02.950 +00.358
-06.636 +04.698 +09.584
-02.862 +04.487 +08.088
-05.781 +08.456 +00.393
+03.596 +07.350 -06.079
-03.388 -06.146 +06.257
+06.932 -01.765 -02.033
+05.812 +05.832 -07.171
+04.486 +04.966 -02.527
-00.983 -02.621 -03.326
+01.199 -09.930 +07.753
+00.124 +05.912 +01.738
-09.083 -09.230 +01.432
-08.509 +02.608 +08.730
+09.851 +04.065 +04.473
-02.338 -07.515 +03.388
+08.313 +07.311 -08.212
-04.747 +09.446 +02.453
-00.877 -01.644 +05.108
-07.865 -00.554 +09.057
+06.465 +06.339 +02.435
-04.009 -08.944 +00.895
+04.992 -08.085 -03.429
-08.812 -00.828 +07.878
+03.515 +04.600 -02.794
+00.230 +07.773 +00.027
-06.081 -06.888 -04.400
-07.335 +05.453 +04.017
+03.463 +01.839 -03.941
+02.518 -04.776 +04.763
-07.633 +07.244 -00.922
-02.964 +09.253 -08.380
-05.850 -09.511 -07.508
+05.224 +04.071 -06.118
-09.651 -09.179 +05.988
-08.862 +05.513 +03.794
+08.020 -03.433 +07.502
-06.310 +07.456 -04.219
-03.693 -05.738 +06.863
+06.812 +02.239 -06.149
-01.834 -02.484 -01.128
-01.350 -00.483 +05.138
+00.478 -03.968 +07.090
+06.477 +03.384 -04.911
+02.456 -05.352 -08.624
-02.551 +06.480 -07.232
-01.977 -01.372 +05.623
+02.505 -03.611 +04.117
+03.091 -09.484 -01.779
-00.087 +07.085 +05.127
-09.264 -07.525 +05.609
+08.104 +03.395 -01.663
-00.002 +07.391 +07.292
-07.670 -08.633 -09.406
-07.032 -01.566 +00.277
+01.272 -04.606 -09.373
-08.418 -07.744 -02.881
-02.469 -07.434 +01.929
-07.738 +09.386 +03.092
+04.546 +04.046 -09.077
-06.424 +06.684 +08.560
+01.676 +04.583 +04.185
-00.505 +07.800 +04.927
-07.896 -05.992 +06.621
-02.689 -00.719 +05.737
-00.809 +03.342 +02.267
+02.845 +06.553 -05.761
+03.977 -05.817 -00.697
-02.277 +07.286 +04.484
+08.151 +07.116 -07.429
+01.480 -08.069 -00.986
+05.489 +09.776 +09.493
-04.179 -03.630 -07.134
+05.930 -08.805 +09.634
-00.127 -05.666 +01.479
+05.643 -02.271 +04.615
-05.603 +03.214 +02.097
+03.693 -08.956 -05.710
+01.448 -01.854 +06.619
-07.054 +04.440 +08.150
-08.229 -04.001 -05.704
-09.867 +02.719 -00.541
-07.831 +02.028 +06.973
-04.627 +08.526 -04.370
+08.192 -09.897 +09.644
+05.630 -09.083 -05.666
-02.836 -09.102 +04.164
+05.621 -00.679 +08.929
+01.058 -06.572 -03.033
+05.615 +07.487 +08.948
+08.823 +08.259 -08.424
+09.649 +00.081 +06.733
-04.352 -07.169 -05.140
+05.510 -01.426 +05.748
-04.007 -03.197 +06.808
+06.774 +06.810 +03.357
-03.477 +05.750 +01.249
+02.150 +04.388 +03.497
+01.395 +07.646 +05.501
-03.783 -07.839 +02.560
+08.217 -04.872 -09.897
+01.930 -03.144 +05.010
-08.639 +03.666 +02.113
+01.265 -01.612 -08.119
+09.393 +06.216 -08.030
+07.632 +04.400 -03.529
-03.758 +07.870 -02.378
+02.916 -07.051 +02.858
+01.678 +03.662 -02.056
-08.709 +05.036 +02.850
-05.976 +09.460 -04.035
-03.444 -07.310 -04.489
-09.314 -00.191 +07.739
+06.013 -05.054 +01.114
-09.008 -06.995 -07.082
+02.280 +04.490 -08.122
+05.274 -07.615 -07.568
-01.498 +07.042 +09.604
+04.996 -00.197 +08.120
+02.897 -03.238 -01.859
+09.637 +04.948 +02.452
-03.882 +05.484 -09.423
-07.873 +01.275 -04.809
+00.681 -00.522 +04.040
-02.010 -01.777 -05.568
+04.861 +08.134 +09.337
+03.398 +04.661 -00.769
-06.422 -04.895 +00.914
-01.861 +00.015 +07.263
+03.051 +08.149 +06.040
-00.225 -03.356 -00.004
+00.130 +04.040 +03.806
-07.991 -03.809 -05.980
+09.645 +09.721 -01.296
+07.798 -07.130 +00.187
+00.922 +09.778 +09.396
+06.508 -02.481 +05.240
+08.797 +04.600 -03.581
-07.413 +06.398 -06.162
+07.492 -05.149 -01.655
+04.871 -05.550 -02.825
+00.976 +06.980 -08.853
+04.660 -07.309 +09.110
-00.702 -01.520 +02.303
+06.219 +08.967 -03.491
-02.821 -02.193 +04.065
-06.767 +05.878 -00.483
+01.019 -04.188 +05.503
+00.487 +04.804 -08.252
+08.264 -08.617 -09.363
-08.492 +03.730 -00.962
-02.911 -03.667 -00.203
-00.111 +04.020 +04.326
-04.029 +01.911 +06.209
+04.280 +00.663 +07.629
+07.154 +08.142 +02.303
+09.322 -08.566 +07.273
-04.039 -03.942 -03.847
+09.210 -09.769 +06.006
+04.685 +01.626 +02.596
-07.639 +09.093 +00.336
-04.114 +02.813 +08.559
-06.843 +05.323 -00.480
-06.820 +08.523 -08.448
-09.578 +06.417 -06.526
+01.478 +06.960 +07.161
-07.791 -09.577 -06.255
-07.362 -05.443 -08.182
+08.314 -03.215 -02.347
-03.419 -07.848 -02.192
-08.519 -05.310 -01.918
+07.571 -09.144 -07.318
-05.973 +01.667 -06.289
+00.186 +09.791 +09.692
-01.023 +04.538 +08.494
+09.588 +00.971 -06.845
-09.087 -02.863 -08.361
+03.067 +09.943 -06.581
-07.769 -06.725 -00.142
+07.927 -06.895 +07.074
+05.362 +01.032 -09.086
+03.436 -07.342 +03.204
-03.273 -04.224 +08.674
+00.593 -03.971 +01.306
+05.405 -08.484 -08.661
+02.740 +06.718 -03.096
+03.187 +03.040 +05.030
+09.600 -06.724 -05.748
-08.709 -04.898 +02.713
+02.535 +03.098 -08.137
-06.334 -06.775 +05.761
+08.806 -01.053 +05.622
-06.764 +06.814 -08.636
-09.734 +07.279 +08.659
+00.442 -01.738 +05.153
+06.798 +07.332 +05.803
-07.064 -03.026 -08.426
-04.867 +09.762 +02.396
-06.829 +05.141 +05.385
+08.386 +05.991 -03.072
+01.904 +09.015 +05.578
-07.342 +03.973 +09.230
+04.438 -02.655 -09.800
+03.288 +07.668 +08.491
+06.207 +01.938 -00.571
+00.785 +05.352 -09.344
-05.267 -06.253 +07.205
+05.069 -00.969 -00.753
-08.466 +08.893 +03.497
+07.157 +09.516 +01.042
-01.556 +03.792 +05.117
-02.630 -04.674 +02.567
+00.245 +04.697 +05.371
+04.377 +02.671 +00.235
+09.107 +01.325 -00.275
-04.925 +08.431 +04.206
+09.945 +02.007 -04.574
+03.950 -03.856 +01.661
-02.126 -06.653 -03.813
-04.316 +01.428 -01.378
-06.259 +05.124 +02.065
+07.519 -04.379 +05.580
+06.657 -01.714 +00.317
+00.335 +03.020 +04.956
-09.801 +08.965 -00.966
-03.376 +06.631 -02.394
-09.456 +07.850 +09.528
-04.437 +04.321 +03.459
-01.417 +02.746 -02.933
+02.679 +00.784 -00.615
+07.715 +07.319 +02.084
-09.779 -01.526 +04.941
-08.192 -03.153 -00.338
-04.883 +00.817 +07.992
-09.429 -06.793 -00.141
+01.648 +02.564 +07.132
-07.000 +04.697 +06.325
-02.981 +06.573 +08.967
+07.429 +07.017 +00.998
+00.494 -06.062 -01.759
+08.597 -01.119 +06.029
+00.267 -02.821 -09.810
+07.471 +06.424 +06.787
-06.723 -00.188 -04.138
+01.411 -05.034 +05.589
-01.832 +01.541 +04.166
-08.365 +01.288 -03.922
+01.512 +06.174 +07.818
+08.555 +07.490 +08.407
+02.199 +07.964 -05.758
+02.573 +08.601 +03.689
-02.700 +04.818 +00.484
+08.993 +00.317 -03.387
-01.025 -08.310 -06.015
+00.232 +07.114 -01.448
+06.614 +08.529 -03.555
-07.458 -07.238 -09.810
+05.930 +01.807 +00.963
-08.966 +06.237 -04.379
-02.362 +02.133 -01.810
-06.315 -05.266 -00.128
-03.085 -05.793 -08.628
+01.123 +06.328 +05.483
+03.972 +03.138 +09.200
+01.989 -04.275 +03.438
-01.367 -08.469 -07.346
-05.521 -02.471 -01.455
-04.244 +00.654 -05.231
+01.117 +06.979 -00.218
+06.853 +09.753 -07.843
-04.488 -00.584 -04.834
-05.985 -04.862 -06.127
-06.031 -08.577 -04.966
-01.335 -00.595 +03.245
-04.283 +07.575 +09.217
+04.290 -08.285 -09.800
-05.429 +04.559 -00.537
-07.704 +02.787 +06.649
+04.944 +09.091 +00.889
-08.627 -04.547 -05.265
-03.179 +02.103 +05.657
+09.476 +02.668 +03.746
-01.873 +03.022 +04.796
-06.386 -02.674 -02.076
-07.906 +09.202 -00.933
-00.117 -08.887 +07.056
-07.489 +02.756 -05.158
+05.165 +06.870 +02.854
-07.433 +00.658 -01.526
+02.981 -02.560 -06.447
-09.137 +06.118 +03.278
+06.217 -06.424 +09.704
+04.604 +00.738 +03.866
+07.721 -02.220 -09.707
-02.938 +05.886 +07.446
+06.981 +00.042 -08.154
+01.822 -04.318 +01.751
-02.420 +06.330 +03.005
-03.845 +02.944 -04.439
+08.760 +03.310 -04.398
-00.416 +04.935 +04.248
+09.759 -05.151 -04.976
-01.326 +04.332 +06.965
+06.812 +06.828 +06.579
-02.467 -01.619 -04.391
+06.343 +02.266 -01.237
-04.185 +00.670 +08.218
+07.663 -03.087 +07.311
+07.141 +00.579 -06.997
-03.835 -05.641 -00.292
-03.381 -00.674 +03.094
+07.696 +05.689 +06.094
-00.192 +08.999 +04.077
-04.339 -07.854 -03.479
+07.748 -04.574 -02.066
+02.692 +09.585 -02.604
+05.524 -00.698 -05.686
-03.590 +03.175 -06.788
+01.719 -01.742 +00.326
-04.575 -04.868 -04.353
+05.737 +02.654 +00.658
-00.710 +09.434 -00.713
+07.043 +09.955 +03.010
-00.491 -05.025 -08.800
-07.960 +02.173 -00.273
+00.315 +02.262 -06.320
-08.531 +01.992 -04.636
+00.540 +08.496 -08.148
-03.829 +04.847 +02.427
+06.306 -02.161 +09.916
+04.559 +09.860 +00.455
+01.719 +08.520 +05.092
+04.498 -06.893 -04.245
-08.908 +04.852 -03.395
+01.664 -09.346 +08.758
+08.335 -00.824 -05.049
-02.285 +09.064 +09.771
-03.954 +00.614 +09.012
-05.411 +08.441 -00.754
+08.031 +04.227 +00.663
+06.699 +00.150 -02.344
+06.538 +01.385 +00.579
-00.290 +06.832 -04.596
-02.277 +06.950 +00.488
+08.440 -00.346 +08.948
-08.444 -05.785 +02.660
+07.354 -06.836 +08.406
+01.817 -01.248 +04.243
-02.188 +01.392 -08.206
-05.986 -03.905 -05.207
+02.101 +07.142 -01.103
+01.142 +09.401 -06.528
+01.006 +06.999 -01.997
+01.878 -03.312 +04.647
-08.908 -00.211 +08.240
+03.111 -07.202 +06.653
+07.248 -02.984 -07.982
-07.676 +05.950 +02.666
+04.382 +05.853 -03.930
+02.772 -00.258 -04.094
-04.400 -03.795 +02.818
+02.079 -03.893 +02.223
+01.553 +00.563 -04.363
-00.400 -09.290 -05.636
+02.771 +01.166 -01.667
+03.927 -00.898 +07.224
+03.052 +07.212 -06.954
-02.050 +06.408 +00.979
+02.267 +06.216 +02.585
+04.923 -06.131 +07.819
+00.053 +04.680 -08.612
-03.493 +07.910 -07.407
+03.572 -08.112 +08.866
-06.901 +03.546 +00.773
-01.188 -03.970 +09.608
+00.732 +04.424 +09.050
+08.672 -04.268 +01.151
+05.937 -08.731 -06.438
+05.335 +00.681 +01.782
+06.693 +03.924 -09.684
-09.936 -04.388 +04.687
-05.215 +04.699 -00.670
-06.997 +01.161 +05.125
+03.079 -08.648 -06.199
-05.626 +04.039 +03.328
-02.582 -02.770 +00.685
+04.583 -00.054 +02.483
-02.103 -09.087 +09.486
-05.304 +04.402 -02.417
-07.945 +07.235 +01.604
+03.169 +05.103 +00.240
+00.225 -08.649 -06.092
+00.425 -06.569 -09.838
-05.505 +02.540 -03.514
-01.477 -09.647 -00.642
-04.243 -04.826 +09.758
-04.574 -04.268 -01.984
+09.527 -03.060 -05.612
+03.994 +05.832 -04.898
-02.381 -09.549 +05.531
+07.609 -00.102 +02.649
+03.157 -05.312 -06.324
-03.444 +03.386 +00.059
-05.141 -04.771 -02.409
-08.442 +00.205 +08.729
+07.214 -04.638 +06.240
-04.444 -01.136 +08.105
-02.016 -03.570 +02.969
+00.565 -01.092 +08.913
-08.768 +06.366 -07.258
+05.394 +07.520 +01.178
+08.265 +08.052 -06.344
-03.553 +08.047 +04.815
-04.797 -05.659 -08.104
+01.764 -02.200 -06.736
-03.235 -03.559 +09.002
-08.425 -01.040 +09.393
+01.780 -00.549 +08.066
+06.907 -03.191 -09.972
+04.246 +07.625 +04.010
+08.225 -01.366 +09.078
+08.113 -01.891 +01.163
+03.441 +03.476 +07.171
+03.021 -01.477 -00.259
+04.711 +06.844 -08.993
+00.509 +05.527 +09.422
-07.603 -01.067 +07.542
+09.888 +06.408 +04.372
-03.051 +04.716 +05.982
-00.869 +06.421 +03.547
-01.226 -07.296 -01.660
+06.385 +02.854 -00.850
-03.845 +08.368 -09.089
+00.975 +03.581 +05.556
-06.727 +07.856 -03.520
+01.046 -07.302 +08.531
-09.294 -02.065 -00.757
+07.317 +08.499 -04.967
-00.918 +04.575 -03.476
+03.004 -05.899 +04.836
+06.511 +02.026 +08.610
-00.024 -06.721 +08.863
+05.466 +05.184 -06.954
-07.723 -00.266 -07.394
-03.374 -05.299 -05.234
+02.575 -04.419 -00.949
-04.481 +00.020 -04.134
-04.313 +03.986 -05.175
-04.308 -08.591 -02.432
-00.555 -02.307 -05.515
+00.022 -09.509 +07.403
-09.865 +01.057 +08.823
+09.417 -02.605 +06.526
-01.356 +01.266 -06.195
-00.511 -00.881 -07.778
+03.465 -03.012 +07.130
+07.972 +03.505 -06.848
-04.578 -08.257 -04.572
-00.445 -02.471 -01.241
-08.749 -05.451 +03.541
-08.118 -01.514 -01.071
+02.838 -00.478 -01.416
+08.482 -06.141 +03.486
+08.758 +03.746 +04.663
-03.971 +01.592 +06.392
+02.726 -02.821 -01.321
+03.678 +03.809 -02.823
+05.214 -03.378 -01.728
-03.908 +02.469 -00.464
+02.008 +02.520 -05.778
-08.395 -06.947 +08.747
+06.183 -04.427 -01.982
-01.491 +02.612 -09.110
+01.212 -00.928 -05.214
+08.455 +09.663 -09.769
+08.387 +04.877 +06.828
+06.121 -09.373 -04.605
-01.996 +06.396 +06.612
-02.332 -09.824 -04.305
+05.279 -02.193 +09.585
-09.710 -07.940 -04.129
+02.782 +03.922 -00.773
-07.972 +07.727 +03.536
-03.758 +06.459 +07.335
-05.188 -00.556 -01.797
+00.836 -04.499 -00.160
+08.901 +07.242 -06.175
+06.242 -00.915 -06.147
-09.162 +02.010 +06.793
-04.205 -09.810 +00.806
-00.907 +01.782 -07.467
+02.112 +03.760 +04.503
+04.560 -05.654 +01.098
+04.908 +09.721 -09.301
-03.735 +02.896 +02.172
-03.815 -01.991 +09.137
+04.381 +03.009 +03.943
-07.448 +04.429 -06.097
-01.471 +07.145 -08.648
-06.742 +08.645 +04.959
+01.754 -08.923 +00.196
-04.354 -09.803 -07.637
+00.109 -04.702 +03.133
+03.503 -03.183 -08.443
-05.240 +08.588 -09.169
+09.469 +05.902 +09.023
+06.897 +02.626 +01.140
+02.293 +07.494 -09.589
+05.355 +02.147 -09.885
+01.054 +07.639 -09.545
+00.315 -02.514 +03.619
+06.063 -01.873 +06.043
+05.786 +03.829 +06.564
+03.979 +05.980 +09.020
-02.327 -01.359 -09.887
+00.782 -06.363 -08.808
-07.216 +04.737 -02.747
+05.703 -07.457 -03.230
-05.515 +07.164 +07.841
+08.568 -05.502 -04.035
-00.733 +03.866 +03.506
-05.683 -06.421 +05.484
-03.554 -03.510 -01.882
-09.704 -07.542 +07.180
-09.228 -01.797 -05.157
-08.544 +07.466 -06.581
+01.623 -04.512 +05.058
+08.661 -01.903 +03.570
-01.608 -06.509 -00.111
-00.583 +05.228 +07.384
-04.402 -00.079 +02.817
-01.310 -08.530 +03.236
+06.064 -05.413 +04.236
+07.560 +04.436 -09.339
-01.039 +00.541 +04.382
-04.679 -00.330 -02.174
+05.013 +09.418 +07.643
-02.454 +04.072 -04.524
-08.266 -01.609 -07.556
+07.654 +08.889 -09.840
+00.081 +00.926 -05.997
+07.746 +06.141 +07.264
-00.475 +00.506 +01.269
-01.093 +06.352 +04.081
-00.280 +07.710 -09.222
+05.875 +02.333 +03.147
-09.735 +05.274 -01.114
+09.445 -04.069 -03.537
+00.434 +05.241 -05.033
-07.253 -05.598 +03.370
-06.438 +07.920 -06.131
+05.607 -05.376 -08.442
+09.268 -07.872 -01.029
+04.873 -02.082 -06.341
+01.607 +08.485 -02.915
+04.710 -06.057 +00.034
-01.947 +06.935 -05.812
-02.122 -04.538 +08.406
-03.496 +01.206 -02.272
+02.319 -05.804 -01.448
-08.568 -08.041 +08.240
-04.296 -06.562 -09.715
-09.793 +03.831 +00.705
+09.333 +02.645 -00.840
-06.101 +00.225 +00.938
+08.920 +05.370 -00.641
-02.547 +02.523 +03.442
+08.436 +07.435 -03.059
-05.593 +03.269 -02.116
-01.687 -02.942 +03.073
-05.452 +04.202 +01.546
-00.286 +07.086 -08.323
-04.549 +03.948 -09.983
+05.195 -03.183 -00.235
+02.949 -05.698 -09.340
-01.293 +03.171 +03.855
+01.417 -01.243 +04.474
-04.022 +08.744 -02.059
+05.858 +04.852 -01.537
+09.142 +01.064 -01.570
-03.278 +03.812 +09.613
-03.810 -09.735 +00.261
-05.937 +03.700 -00.338
-07.485 +01.427 -04.379
+00.524 +00.354 -01.589
+09.774 +09.752 +00.827
-02.176 +04.399 -08.117
+06.003 -06.032 -01.072
-05.126 -05.312 +07.449
+09.010 -09.882 +07.528
-05.417 -09.313 +02.402
-00.255 +02.553 +07.065
+07.284 -03.664 -05.017
+03.699 +09.429 -02.272
-00.383 +05.866 -05.813
-00.943 -02.604 -06.271
+03.725 +04.626 +04.128
+01.930 -06.745 +01.205
+01.684 -03.294 +05.127
+04.454 -01.162 +02.804
-06.810 +03.993 -04.353
-03.661 -06.602 +00.777
+08.417 -09.941 -03.381
+05.719 +02.814 -05.971
-05.411 +03.711 +09.274
-08.544 +03.637 +00.543
+04.103 +08.912 -08.945
+09.805 -07.443 -06.047
+00.236 +01.629 -00.324
+06.580 -09.986 -03.131
-05.470 -05.852 +05.090
+02.765 +08.522 -05.815
+05.977 +09.766 -05.341
-04.920 -07.405 +02.256
-00.741 +08.109 -00.620
+09.858 +04.116 +07.971
-09.408 +00.516 +06.544
+03.612 -08.031 +03.140
+06.110 +03.713 -00.749
-02.608 +01.480 -06.977
-05.490 +03.657 -03.130
+07.110 +01.904 -01.933
+08.960 +01.611 -02.623
+07.765 +07.033 +01.730
+04.742 -05.664 -04.743
-04.878 -04.477 +03.643
-01.809 -06.330 +05.086
-07.363 -03.424 -03.039
+02.801 +01.436 +09.064
-03.927 -02.484 -01.712
-02.380 +04.218 +04.350
-01.030 +08.164 +06.688
-05.537 -09.297 +07.693
+04.361 -06.655 +03.562
-04.127 +05.095 -07.062
-02.781 -03.173 +04.752
-01.756 +00.324 +02.960
-09.645 -04.882 +01.346
-03.880 +08.679 +00.867
-03.747 +03.214 +00.883
-05.796 -02.299 +09.066
+08.404 +01.188 +00.759
-00.951 +02.882 +03.149
+01.756 +02.383 -01.398
+05.659 -08.471 -01.562
+07.315 +04.223 -05.979
-04.072 +02.931 -08.282
+01.438 -02.160 -01.548
-03.787 -09.010 +03.820
+03.799 -03.051 +05.057
+04.156 +00.830 -03.018
+00.578 +09.479 -01.418
+09.850 -02.066 -04.118
-01.451 +09.684 +01.560
-08.101 -09.154 -02.478
-07.997 -01.786 +04.547
-02.466 +05.672 +02.141
+09.790 +05.278 -06.401
-03.121 +03.205 -09.521
+03.395 -05.133 +07.656
-00.825 -08.489 +01.119
+08.245 +05.752 -07.673
-00.391 +06.260 -08.560
+09.361 +05.825 +01.805
-03.169 +00.436 +08.084
+03.626 +07.706 -05.494
+08.252 -09.349 +07.680
-00.505 -09.527 -01.920
+08.498 -06.595 -03.965
+02.924 -08.662 -06.173
-05.490 -08.542 +07.420
-07.295 +06.804 -03.017
-02.977 -06.010 -02.268
-09.029 +02.110 +08.368
-01.055 -05.196 -09.181
-01.763 +02.199 +02.091
-03.748 -07.395 -08.776
+09.852 +09.085 -01.821
-07.770 +01.401 -04.600
+03.903 +00.388 +05.713
-07.849 +02.360 +01.607
-00.803 -00.653 +06.238
+03.528 +02.826 -00.058
-00.832 -08.134 -09.319
-05.247 -02.473 -06.857
+00.292 -09.879 -03.778
+06.384 +05.392 -05.074
-00.534 +09.528 -03.379
-02.731 +07.792 +09.484
-01.716 -03.759 -05.510
+09.260 +09.298 -09.545
-04.133 -03.389 -04.429
+06.952 +05.578 -09.460
-03.513 +00.497 +04.638
-03.197 -02.022 +03.827
-08.322 -06.205 -08.380
+00.792 -06.949 +03.399
+06.182 +09.329 +05.205
+00.694 +06.230 +00.901
+02.848 +02.587 +09.087
-06.875 -05.763 -08.207
+00.778 -00.395 -00.171
+07.668 -09.803 -00.636
-08.649 -08.823 -07.457
+09.322 -05.329 -08.814
-06.277 -02.215 +01.526
-05.765 -08.168 -03.216
+07.024 +00.572 -00.276
+07.100 +03.845 -08.246
-00.246 -03.966 -04.533
-02.692 +02.134 +01.247
+00.718 +05.746 +01.998
-07.117 +05.568 -00.375
+09.212 -06.594 -08.820
+05.098 +07.908 +02.064
-01.411 -07.661 +02.534
-09.303 +01.275 -02.111
-00.732 -06.463 -00.315
-09.471 +00.272 -06.788
+02.159 -04.316 -03.077
+04.605 +00.502 -04.879
+01.121 -09.314 +01.476
+06.564 -04.768 -01.614
+03.325 +05.784 +05.695
-07.630 +01.322 +01.406
-02.608 -08.296 -08.410
+08.749 -02.085 -02.091
-09.720 +00.444 +08.043
+03.737 -09.465 +06.561
-05.924 +07.081 -05.118
-09.963 +07.818 +05.701
-04.800 -06.651 -08.038
+05.534 +08.996 +02.589
-09.653 +08.343 -00.698
+08.633 +03.997 -06.067
+02.704 +08.892 -02.615
-08.424 +01.285 +04.830
-07.346 -00.583 +08.229
-00.598 -08.603 -08.417
+04.375 +05.173 +03.873
+09.773 +01.861 +01.538
-04.982 +09.965 -07.990
-00.724 +01.226 +06.903
+04.759 -05.682 +06.858
-04.228 -07.143 -00.505
+05.673 +07.058 -07.319
-00.220 +08.142 -01.089
-07.465 +01.753 +01.004
+01.829 +09.919 +01.227
+03.725 -04.050 +05.888
-07.339 -06.422 +01.697
-09.359 +00.444 -00.585
+05.294 -06.600 +03.220
+09.044 +04.381 +00.698
-08.910 +01.705 -02.526
-07.500 +08.492 -06.386
-06.261 -05.485 +04.382
+07.522 +04.984 +09.671
+03.175 -00.257 -07.030
-03.972 -00.038 +02.831
+00.268 +02.606 -07.312
+01.390 -04.408 -01.893
+03.966 -02.611 +03.954
+05.677 -04.908 +09.493
-00.545 -03.636 -00.110
-06.349 -08.667 -09.443
+01.703 +00.030 -05.920
-03.036 +07.100 -05.197
+08.814 +09.811 -04.838
-06.796 -02.732 -01.407
-02.736 +06.355 -04.251
+00.087 +04.689 -07.847
+03.917 -03.610 +00.757
+03.549 +02.706 -09.163
+05.896 -09.242 +04.826
-05.252 +00.341 +01.501
-09.811 +05.831 +07.420
-04.888 +01.577 +02.744
-06.766 +02.776 +05.671
-04.226 -04.617 -00.127
+07.707 -02.179 -00.080
-09.957 -07.601 +05.094
-05.503 -09.354 -06.974
-00.754 +09.071 +04.948
+06.931 -04.628 +09.374
-03.875 +05.916 +03.654
+05.709 +07.185 -04.987
+01.289 -07.464 -00.696
-02.596 -01.914 +01.123
-05.334 -07.963 +06.419
+04.913 +03.671 -08.171
-02.093 +01.501 +04.176
+08.369 +03.123 +07.140
+01.744 +04.416 -02.258
+06.905 -01.030 -06.616
-09.571 -02.515 +05.697
-05.279 +02.146 +03.520
-02.033 -09.105 -01.130
+04.876 -05.163 +03.921
-02.715 -01.509 +03.123
-03.870 +08.875 +01.713
-01.435 +09.233 -02.320
-03.629 +07.197 +03.113
-05.432 -03.390 -01.327
+00.274 +00.136 +05.744
+05.519 -01.420 +04.686
+06.055 -04.532 -07.016
-00.279 +08.276 -04.269
+05.706 +06.926 -02.635
-01.188 +09.152 +04.438
+02.734 +08.881 +01.336
-07.188 +01.110 -08.671
-05.473 +04.888 +01.328
+09.864 +06.398 -09.188
+08.809 +09.681 +03.047
-07.431 +00.906 +06.140
-03.200 +03.154 -03.980
+00.422 +01.780 +02.513
+06.745 +01.977 -08.293
+05.927 +05.778 -03.830
+00.960 +00.360 +03.868
+04.282 +00.203 -02.441
+05.051 -04.406 -02.784
-02.196 -08.191 +09.220
-05.121 -06.754 +03.357
-01.077 +08.868 +09.889
+03.879 +09.189 -06.691
-01.204 +04.478 +00.455
-05.667 -06.595 +03.794
+04.470 -04.181 -05.867
+03.641 +09.360 +02.103
+00.786 +02.907 +03.385
-06.235 -06.762 -01.202
-04.975 -05.514 +09.395
-00.126 +09.136 -09.382
-04.084 +03.976 -03.256
-05.585 +02.340 -05.517
+06.901 +04.375 -05.697
+05.171 -01.327 +01.767
-03.262 +00.613 +06.373
+02.277 +07.572 +00.162
+06.056 -00.460 -05.323
+02.263 +07.275 -05.461
-05.073 -02.211 -06.343
+01.720 -08.389 -07.977
-07.311 -09.211 +08.442
+08.178 -03.775 -00.910
+02.067 -00.124 -03.185
-00.132 +07.115 -05.623
+06.856 -00.652 -04.163
-00.971 -09.330 -07.666
-03.320 +01.599 +09.395
-04.952 +04.502 +06.120
+09.720 -00.252 -04.727
-08.289 -04.463 +07.738
-05.313 -01.968 -06.746
+03.487 +09.054 +02.197
-08.316 +00.878 +07.076
+05.850 -09.492 +01.865
-07.659 +04.033 -04.113
+09.106 -01.362 -03.880
+03.913 -05.256 -07.854
-08.249 -09.254 +09.521
-09.562 +06.362 -04.221
+04.410 -02.969 -01.239
+00.215 -00.425 -06.181
-05.205 -03.404 -08.391
-00.480 -01.601 +02.879
+06.448 -01.995 -06.110
+06.062 +07.175 -05.360
+05.193 -06.928 +06.151
-01.485 +08.970 -01.680
+09.306 +02.126 +08.573
+02.762 -05.735 -05.633
+00.583 +03.593 -07.754
+04.380 +05.125 -02.835
-09.388 -04.234 -07.591
+04.500 -00.771 -03.005
-03.946 -07.162 +07.065
+05.227 -04.235 +08.965
+02.444 +01.665 -09.468
+06.244 -03.896 -09.710
+08.654 -02.754 -00.696
-09.417 -05.753 -01.351
+09.945 -01.436 -06.465
-02.848 +00.340 -06.065
+06.542 -01.721 +06.116
-01.764 -06.509 -00.294
+08.271 +03.549 +06.344
+09.182 -02.274 +00.454
-01.965 +06.330 -01.280
+02.790 -00.814 -09.863
+02.274 +01.310 +04.028
+09.444 +06.309 -02.259
-08.326 -08.082 +05.389
+00.884 -08.796 -02.216
-07.481 -09.002 -08.713
-02.582 +04.986 -09.649
-00.976 +09.799 +03.327
+08.362 -09.524 +09.364
+08.277 -08.015 -08.326
-08.169 +06.924 -04.098
+04.585 -03.858 -09.681
-02.021 -03.311 +04.239
+02.124 -06.052 +08.708
+02.428 +08.879 -00.111
+00.668 -01.617 +02.040
-09.971 -05.961 +06.516
+04.699 -06.486 -03.497
+06.153 +02.983 +08.376
-09.613 -00.417 -08.373
+03.591 +06.736 -09.748
-05.569 +04.750 +04.304
-06.049 -04.503 +05.573
-05.614 +00.398 +04.927
-03.838 +01.779 -07.563
-05.764 -03.719 +06.590
+05.698 +02.396 -08.611
+09.531 +00.752 +08.656
+01.561 -08.388 +05.436
-09.296 -01.881 +01.753
-07.097 -09.920 +04.687
-01.021 -08.910 +07.033
+02.422 +09.981 +04.338
-08.601 +02.846 +09.839
-02.671 +03.067 -08.561
-09.134 +05.255 -08.486
+09.737 +09.970 +06.051
+00.647 +06.292 -09.650
+02.693 -04.042 +00.473
+09.736 -07.961 +04.989
-09.823 -07.971 -09.031
-04.063 -03.081 -04.698
+01.850 +01.990 -02.459
+09.552 -02.609 -02.573
-04.069 -09.596 -03.909
-09.483 -06.167 -05.673
-06.946 +04.199 +01.168
-09.940 -04.952 +00.689
-03.559 +06.017 +02.630
-09.160 +08.600 +05.177
+08.954 -07.639 +06.888
+04.356 +09.074 -05.582
-05.577 -09.859 -05.720
-01.904 +03.242 -04.449
+02.474 -03.576 +02.160
-02.030 +06.845 +08.495
-00.563 +05.834 -08.867
+04.306 +01.315 +06.691
-01.260 +02.098 -00.756
-02.704 -06.468 +07.032
+02.034 -04.926 -01.576
+02.758 -06.379 -03.121
+09.029 -09.373 -01.151
+03.082 +04.500 +03.855
+01.678 +07.004 -05.017
-09.373 -04.393 -03.763
+09.898 -01.958 -08.723
-09.389 +06.169 +08.009
-07.532 -02.904 +00.755
-08.433 +06.543 +00.115
-08.361 -09.705 -00.617
+05.003 -09.751 -01.827
-06.735 +03.117 -08.266
-05.538 +07.728 +03.057
-05.438 +00.711 -00.324
-02.670 +04.816 +06.449
+08.975 +00.643 +06.546
-01.316 +02.401 -04.014
+08.064 -05.925 -02.645
-03.842 +02.143 +05.346
-06.712 +02.864 +01.363
+05.645 -00.708 -01.853
-07.436 -00.511 +08.850
+04.979 -06.336 -02.822
-09.404 +04.003 +09.801
-05.375 +08.892 -04.200
+03.735 +06.652 +06.528
+06.761 -02.113 -07.268
+08.729 +01.270 -01.345
-02.699 +08.010 -09.678
-03.867 -05.825 -02.652
+09.412 -02.737 -05.120
-06.488 -00.522 -03.455
+08.452 -03.885 +01.875
-07.860 -04.977 +06.795
+03.077 -08.627 -06.862
-09.383 -05.912 +07.843
+03.267 +00.323 -05.345
+07.544 -05.949 -03.862
+07.665 -06.212 -07.399
-06.130 +06.780 -08.751
-07.386 -05.869 -04.205
-05.919 -08.679 -09.672
-00.603 -02.386 -08.772
+04.908 -08.996 +08.878
-02.377 -02.405 -00.678
+07.251 +06.698 -07.261
+04.665 -03.952 +08.360
-05.101 -02.697 +00.471
-07.826 +04.544 +08.565
-04.133 -07.398 -06.386
+03.996 +04.722 -03.117
+05.809 +08.751 -02.060
-02.079 -00.154 +02.735
-07.194 -07.959 -02.466
-04.484 +07.621 -00.892
-09.776 -00.079 -08.089
-06.626 -07.319 -08.747
-01.229 +04.943 -08.058
+05.410 -01.184 +01.477
-05.048 +01.468 -06.251
+08.111 +01.940 +02.379
+00.813 +09.958 +03.182
-07.916 -03.100 +06.250
-00.709 -05.438 -04.732
+05.948 -05.233 +03.178
-09.253 -02.763 -01.371
-03.002 +07.250 -01.848
-07.357 -07.491 +09.105
-04.268 +03.465 +06.924
-00.823 -02.735 -01.524
+04.628 -06.058 -09.124
+03.273 -04.357 -04.238
-04.450 +01.127 +04.715
+07.638 +07.232 +02.637
-09.394 +03.909 -07.993
+00.083 -01.744 +07.946
-07.268 +04.192 +06.919
+02.530 +09.372 -04.742
-09.007 -05.352 -07.269
+01.452 +03.315 -02.199
+08.571 +03.076 -07.988
+09.507 -03.849 -03.110
+08.312 -06.238 +08.447
+02.591 -08.144 +05.664
+01.867 -02.180 +03.056
+03.400 -01.558 +07.631
+03.270 -08.190 +08.552
-09.564 -07.452 -00.999
+00.527 -05.877 +04.872
+06.656 -02.210 -06.827
-05.763 -01.767 +06.987
-04.964 -00.810 +04.240
-03.827 +01.674 +00.612
+09.168 +00.427 +00.398
+01.880 -08.535 +00.213
-04.204 +04.246 +02.648
+00.028 -01.802 +08.151
-08.231 +07.974 +06.393
+04.421 +01.796 -06.342
+07.071 +00.287 +07.738
-07.619 -04.743 +08.114
-05.623 +07.494 -05.424
-08.483 -06.190 -09.183
+06.450 +03.229 -02.225
-00.148 +05.145 -07.362
-08.498 +05.400 +01.724
-05.005 -08.370 -01.759
-09.134 +06.612 -02.678
-06.669 -07.940 -04.927
-02.971 -05.752 -09.430
+03.961 -08.656 +08.254
+00.915 +01.105 +00.589
+01.569 -05.573 +08.668
+08.883 -01.178 +06.862
+01.541 -04.332 -00.277
+07.180 -06.531 -09.094
+08.632 +07.625 -08.393
-05.468 -02.755 -04.580
+08.469 -08.708 -03.461
+04.582 +00.964 -07.408
-00.066 +01.349 -03.243
-02.297 +08.516 -03.701
+06.108 +07.565 -09.504
+00.429 -02.782 -05.707
+01.358 -07.351 +00.037
+01.711 -07.810 +05.293
-03.422 +05.655 +03.148
+00.594 +03.308 -01.132
-07.637 +08.676 -07.659
+01.493 -08.664 -00.369
-05.215 +03.227 +03.457
+08.638 -07.885 +05.927
+03.699 +01.971 +05.644
+01.822 +00.279 +09.660
-02.764 +00.592 +08.872
-02.236 -00.608 -06.655
-07.004 +09.549 +07.822
-07.594 -06.287 -02.092
+06.463 +07.819 +03.445
-06.706 -05.509 +03.333
+07.921 -09.667 -06.513
-09.482 -09.583 -09.920
+05.516 +02.826 -04.482
-09.660 -05.915 -09.768
-05.485 -08.480 +01.951
+05.090 +06.847 +00.193
-00.407 +06.894 +04.156
+04.012 +03.511 -09.592
+07.715 -00.249 -06.298
-09.305 +06.875 +03.860
+03.456 -08.464 -00.507
+04.746 -02.818 -00.291
-00.147 -00.823 +05.328
-03.121 +09.784 -01.670
+04.151 +03.591 +00.362
+01.771 -03.432 +00.690
+02.891 +04.753 -04.801
+05.240 -04.452 -00.559
-04.762 -00.339 +07.675
+08.032 -00.134 +05.125
+07.938 -02.252 +02.688
-09.900 -00.565 -02.819
+08.144 +07.991 -05.349
+04.692 +06.353 +05.608
-06.906 +08.587 -05.100
-06.716 +03.263 +06.420
-02.699 -04.895 -04.552
+02.426 -09.128 -03.929
-05.376 +03.727 +07.302
+05.472 -09.469 +09.768
+01.872 -03.533 +09.215
+03.299 +08.411 +00.757
+05.108 -07.597 +05.273
+08.622 -01.907 -02.307
-06.587 +01.256 -05.471
+03.996 +03.456 -01.888
-02.994 +06.417 -00.064
+09.341 +06.316 +09.419
-04.388 -07.546 +05.250
-02.247 -09.219 -08.943
-06.462 -09.481 -05.154
-09.314 +05.157 +00.702
+05.899 -09.769 +02.421
-09.695 -02.199 -06.614
+03.984 -01.645 +02.669
-06.131 +08.848 +04.392
-02.362 +07.541 -03.664
+01.212 -09.335 +05.045
+06.639 +01.315 -05.745
+06.869 +05.347 +09.495
+07.873 +04.515 -03.829
-00.729 -04.969 -00.601
+03.337 -05.995 +04.294
-02.486 -06.405 +01.392
-06.215 -09.560 -00.485
+08.171 +09.163 +02.625
+05.686 -05.692 +07.618
-03.309 +03.451 +02.663
-07.937 -08.698 +00.892
+04.654 -07.324 +09.086
-06.239 +04.670 +06.089
+09.780 +03.101 +08.521
-07.812 +01.101 +09.771
-04.891 +07.620 +06.360
-08.483 -03.824 +06.889
-08.078 -03.837 -07.937
-02.097 +09.153 +01.846
-03.118 -00.052 +04.207
-01.642 -04.078 -09.328
+05.477 +04.685 +01.695
-07.423 -05.369 +06.413
-05.831 +07.482 +08.475
+01.566 +02.995 +06.611
-08.600 -03.243 +07.133
+09.606 +05.539 -04.351
+00.690 +04.458 -07.923
+06.475 +01.745 +00.283
-09.840 +03.257 -05.593
+08.859 -08.728 +00.803
-03.379 -03.423 +08.429
-06.700 +09.787 +08.121
-07.443 -06.247 +02.298
+01.181 -03.916 -01.098
-03.544 -06.187 -06.493
-04.119 -06.806 +08.469
+09.271 +09.029 -03.518
+00.774 +07.326 +03.284
+06.331 -02.882 +00.207
+09.715 +01.137 +09.771
-02.354 -06.111 +05.278
+03.316 -09.151 +05.092
+01.071 +00.108 -07.741
-06.973 -05.435 -03.352
+07.831 -03.883 +05.084
-07.075 +03.197 +07.939
+03.560 +09.929 +05.177
+03.263 +02.511 +04.687
-07.634 -05.537 +09.523
-03.634 -00.539 +03.908
-03.854 +09.043 +04.889
-05.065 +04.512 -04.011
+03.218 -09.511 -08.245
+06.308 -08.151 -04.928
-03.471 -02.840 +09.429
-03.873 +06.425 +05.787
+06.955 -04.101 +03.974
-02.632 -05.933 +09.876
-06.941 +09.381 -02.952
-07.745 +09.645 -09.315
+09.713 -04.357 +05.713
-03.953 -08.176 -05.758
-09.911 -00.280 -05.321
-08.801 -08.468 +05.107
-01.599 +01.553 +08.301
+07.150 -00.407 +00.989
-00.870 -09.093 +04.674
+01.170 +09.681 +00.610
-02.573 +03.738 -01.770
-09.613 -04.602 +03.418
-09.466 -00.156 -03.509
-03.321 +06.140 +05.052
+08.322 +01.178 +08.139
-07.825 -04.970 +09.698
-02.020 +08.631 -08.325
+00.291 +03.703 +08.087
+03.468 -09.553 -04.147
-08.693 -06.168 +03.522
-06.203 +09.905 -06.996
-04.860 -05.437 +04.599
+09.921 +02.614 +04.402
+00.613 +01.257 +00.167
-05.142 +02.608 +08.565
+03.140 -04.967 -00.444
+09.748 +04.815 -02.730
+00.715 +00.752 +07.393
-07.306 +08.514 -04.133
+06.427 +07.748 +06.186
-07.148 -06.778 +07.703
-08.938 -06.507 -06.381
+02.590 +03.388 -02.947
-05.969 -03.903 -06.790
-03.361 -08.836 +06.396
-07.412 -09.965 -00.763
+07.077 +08.293 -07.150
+06.699 -02.807 +01.066
-01.326 +06.433 +04.143
-08.708 +02.549 +09.162
-03.415 +05.708 +01.473
+01.182 -00.084 -05.638
-09.200 -09.789 -03.195
-02.697 +02.683 -05.895
-05.564 +04.934 -00.299
-00.317 -09.372 -04.063
-09.584 +07.914 -07.809
+02.924 -01.532 +04.345
+00.817 +08.400 +01.404
+05.830 +06.007 -04.878
+00.629 -02.794 +09.897
-01.840 -08.275 +01.093
-07.808 +03.137 -09.088
+06.041 -05.336 -09.609
+01.621 +01.793 -03.429
-08.918 -05.884 -07.313
+06.425 -05.814 -06.604
+05.714 +01.253 +07.184
-04.934 -01.785 +00.753
-07.023 -03.835 -00.306
+07.989 +03.737 +00.848
-08.071 -03.981 +02.015
-00.700 -02.991 -04.531
+03.785 +00.403 -02.031
+09.287 -06.541 -07.245
-01.755 -04.028 -04.871
+02.412 -03.669 +02.440
-07.451 -02.267 -07.613
-00.794 -05.114 -01.066
-04.892 -03.569 -06.199
-09.155 -03.178 -01.672
+06.803 +04.011 -08.371
-02.806 +08.754 -02.323
+00.734 +00.463 -07.855
-04.905 +03.583 +07.477
-01.913 +09.450 -06.218
+04.496 +02.361 -00.048
-03.593 +02.320 +09.160
+04.908 +04.205 +04.239
+01.235 -02.365 -09.389
-01.494 +08.060 +05.874
+07.826 +07.324 -01.673
-02.255 -03.629 +06.495
-06.275 +00.314 -00.153
+06.006 +05.498 -01.922
-09.643 +09.966 +01.984
-06.066 +01.513 +03.154
+03.406 +01.123 +08.639
+08.940 -00.082 +02.254
+05.993 +01.333 -06.743
-06.965 -09.215 +08.389
+09.690 -02.748 +04.320
-01.513 +04.660 +01.604
-07.153 -07.635 -06.546
+07.358 +06.447 -05.088
-00.206 +04.292 -03.714
+06.036 -02.504 -09.467
-00.510 -00.172 +06.558
-07.629 -01.387 +05.362
+03.674 +02.533 -07.204
-04.197 +02.401 +04.118
-02.213 +05.856 -02.326
-00.396 -00.852 -07.725
-07.889 +08.406 +00.833
+08.752 -06.783 -09.455
+06.445 -05.020 +01.857
-06.739 +05.648 +06.665
-07.041 +07.115 -09.053
+03.553 +04.392 -04.096
-07.355 +00.201 -05.140
+09.603 -09.396 +09.104
+05.843 +02.424 +05.931
+02.837 -00.630 +02.606
+06.119 +07.949 +08.489
+01.542 -09.428 +09.609
+02.793 +03.260 +04.134
+06.711 -02.290 +00.517
+05.155 -02.287 -04.608
+00.552 -00.439 -09.700
+07.675 -04.236 +05.951
+07.157 +05.824 -04.441
-03.350 -09.854 -06.593
-04.681 -07.997 -04.651
-04.359 +05.136 +08.343
-07.154 -01.501 -03.725
+04.104 -05.224 -01.683
+05.263 +08.649 +06.578
+07.562 -02.024 +09.286
+09.549 +06.656 -08.486
-04.347 +03.567 +00.532
-09.956 +06.323 -08.367
-06.812 -08.764 +03.101
+07.027 +02.521 -00.992
-04.800 +07.878 +06.225
-07.221 -04.961 -04.765
-01.387 -02.608 -02.479
-05.258 +08.184 +05.194
+05.296 -08.486 +00.442
+09.961 -08.063 +08.591
+07.291 +04.609 +06.979
-01.769 -03.801 -05.493
-00.277 -00.503 -07.502
-04.951 -02.790 -08.688
-02.115 -08.345 +05.241
-02.483 -02.389 +04.557
+09.570 +01.437 +09.791
-07.978 -02.550 -02.719
+05.349 -05.270 -09.287
-07.063 +03.666 +00.588
+06.073 -09.786 +05.953
-02.559 -02.332 +05.612
-09.249 +04.906 -08.993
+02.591 +00.826 +09.546
-09.636 -08.876 -04.252
+04.629 -02.205 -08.622
+03.716 -00.005 -09.830
+07.889 -03.232 -07.668
+06.184 +03.803 +00.307
+05.359 -05.261 +07.591
+03.019 -08.685 +04.091
-04.951 +02.803 +00.053
+00.719 -08.956 -08.874
+07.578 +01.024 +01.713
+03.862 -08.898 +03.981
-03.100 +04.459 -00.981
-00.980 +09.315 +07.654
-05.410 +09.502 -00.360
+01.009 -00.405 +03.938
+06.168 +01.351 -04.846
+08.604 -08.794 +02.944
+08.592 -03.699 -06.452
+05.258 -00.973 +05.966
+05.912 +03.588 +05.550
-07.974 +04.251 +07.823
+01.045 +01.431 +03.781
-08.213 +02.382 +04.492
+04.399 +07.485 -04.697
-02.963 -08.282 -09.957
-09.039 -00.001 +01.006
+08.094 -01.854 +04.117
+02.753 -08.383 +00.123
-02.074 -06.018 -08.878
-08.879 +05.334 -02.335
+04.824 -06.393 +04.698
-04.805 -00.544 -02.525
+06.425 +03.168 +02.976
-06.043 +06.004 -00.436
+04.503 -05.756 -09.186
+03.607 -06.642 +09.673
+06.202 +09.625 +01.316
-06.173 +03.131 +01.474
-03.197 +01.811 +09.067
-01.442 +04.007 -07.036
-01.318 -01.240 -00.023
+09.745 -00.564 -02.836
-00.914 +05.772 -03.184
-06.778 -01.221 -09.972
+09.303 -04.528 -06.896
+00.450 -01.324 -02.837
-02.342 -07.040 -03.250
+08.181 +00.831 -03.520
-05.878 -05.774 -00.894
+02.258 +01.934 -05.596
+01.925 +02.285 -07.368
+04.589 +06.574 -05.393
-00.221 -07.148 -05.072
+06.068 +00.985 -04.983
+08.137 -09.725 -00.674
-05.697 +04.892 -09.183
+02.874 -08.753 +05.043
+05.257 +06.930 +03.142
-01.898 +02.139 +01.791
+03.111 +01.834 -08.356
-00.133 +07.946 -03.285
+06.028 +09.106 -06.365
-07.375 -06.243 -05.001
+01.414 -04.651 -01.625
+04.858 +00.394 -05.113
-08.621 +06.036 -04.235
-08.205 -00.330 -02.720
-02.227 -05.464 +03.053
+04.799 +03.727 -05.519
+06.859 +08.930 +01.124
+01.973 -00.884 -00.359
-03.534 +07.832 +07.989
+02.445 -08.545 -07.955
-06.770 +01.347 -06.429
+05.768 -04.404 +06.065
+05.116 +07.917 -00.764
-06.544 +07.513 -05.289
-02.432 +02.170 +05.641
+08.022 +09.577 -02.469
+04.236 -04.347 -01.632
+01.183 +04.006 -02.554
+09.556 -09.396 -01.809
+00.038 -01.726 +01.662
-07.944 -06.544 +06.024
+03.887 +00.235 +03.157
-05.085 +00.809 -02.566
-02.384 +04.763 +08.426
+02.300 -04.620 -07.631
-05.989 +09.552 -04.469
+02.496 +05.808 +08.306
-01.465 +02.102 -01.066
+03.919 -08.080 -06.454
+09.523 +07.935 +08.350
+09.087 +00.416 -06.718
+08.326 +02.584 -08.356
-00.604 -04.496 -08.473
+08.357 -00.204 -06.493
-06.616 +09.134 -05.075
+04.667 +02.269 -03.285
+06.718 +07.528 +09.364
-04.790 -07.827 -03.585
-04.670 +02.778 -09.487
+07.473 +03.373 +04.852
+01.682 +06.200 -08.732
+01.553 -07.391 -00.596
-06.234 -08.636 +02.261
-03.676 -09.558 +06.232
+00.837 +08.198 +03.861
+05.729 -08.655 +08.084
+00.876 +07.735 +06.431
+01.118 -06.835 -09.401
+04.823 +02.781 -08.639
+03.058 +03.116 -02.558
-03.046 +06.385 +00.579
-09.755 -04.223 +09.817
-00.500 +03.043 -07.483
+03.805 -06.737 -08.261
-04.328 +04.286 +08.470
+09.091 +00.248 -00.817
+07.511 +07.026 +03.404
-01.637 -00.104 +07.610
+02.361 -07.676 -09.541
+07.546 +01.662 -00.463
+00.523 -07.685 -06.312
-01.625 +04.270 +08.358
-02.043 -00.025 -09.294
-04.108 +04.830 -02.518
-00.256 +04.695 -05.330
+07.542 +07.319 -01.941
-05.858 +01.558 +04.469
+06.764 -04.867 +00.736
-05.936 -01.813 +00.031
-01.900 +08.376 -07.146
+08.453 +06.110 +02.430
-09.026 -05.356 +06.250
+08.972 -06.487 -01.969
+06.599 +06.517 +01.668
-01.997 -02.074 +05.394
+07.658 -05.708 +06.301
-01.679 +08.438 -09.198
-09.226 -04.900 -03.533
-05.888 -03.710 -00.145
-00.763 +08.891 -01.309
+05.435 +06.981 +07.586
+02.399 -03.394 -03.372
-01.719 +05.853 -02.446
-03.083 -00.540 -07.777
+05.437 -02.983 -00.660
-03.537 -03.664 -04.580
+03.762 -08.441 +07.496
+08.422 -07.071 +08.940
-05.864 +06.092 +01.372
+00.923 -01.979 -02.677
-06.543 -05.707 -08.316
+08.341 +01.233 +06.445
+05.836 -02.124 +06.443
-09.616 +08.871 +02.730
+04.135 -09.139 +06.478
-06.088 -05.516 -09.611
-03.595 +02.054 +09.269
-05.126 +09.212 +00.489
-04.778 +05.491 +07.143
+05.835 +07.876 -07.182
+00.419 +02.368 -08.413
+06.464 +07.233 +01.041
-02.755 +00.585 -01.295
+09.579 +01.246 -04.363
+00.658 -09.588 +06.914
+07.596 -07.996 +07.767
-08.703 +06.277 +08.935
+05.009 -00.506 -03.781
+01.040 -05.436 -02.416
-09.727 -05.389 -06.873
+00.005 -08.263 +05.286
-09.020 -01.778 +09.857
-05.179 +00.536 -01.828
+03.643 -09.458 -00.289
+02.980 +00.465 -08.047
-08.415 +08.142 -02.972
+01.655 +06.267 -05.995
-00.627 -01.122 +07.051
+00.862 +07.080 -05.145
+01.199 -09.950 +08.513
+09.236 -08.097 +04.097
-08.765 -07.250 -07.994
-00.887 +09.200 -06.498
-06.192 +01.858 +07.152
+02.210 -01.306 +08.770
-09.571 +07.754 -09.573
+01.718 -03.910 -02.546
+08.026 -01.631 -02.392
-08.903 -08.309 -08.544
-04.151 -07.156 +00.415
-08.558 -04.487 -01.454
-09.911 -08.612 -06.220
-09.889 +09.314 +06.773
+06.236 +01.055 +09.199
+03.498 +01.065 +05.135
-08.662 +04.440 -04.693
+00.731 +03.880 +04.289
-09.277 +00.198 -03.967
+03.137 +01.637 +05.323
-04.078 +03.020 +08.518
+03.526 +07.366 -00.624
+04.144 -09.411 +01.718
+07.366 +02.918 -04.284
+05.696 -01.778 -04.872
+08.624 +04.220 +03.951
-07.054 +05.035 -00.828
+06.562 -00.660 +07.767
-08.601 +00.414 -01.615
-03.020 -05.279 +02.276
+02.479 +01.150 +02.551
-02.357 +05.414 -04.903
-01.362 -05.418 +05.222
-03.752 +08.921 +01.427
-06.324 +06.400 -04.894
-06.593 +05.242 +01.833
+00.643 +09.822 +06.080
+05.475 -05.808 +00.320
+05.705 +02.374 -03.184
-05.924 +00.041 +07.763
-08.013 -07.679 -01.475
+07.870 -02.806 +05.897
+06.182 -05.161 -08.342
+04.371 -05.121 +09.175
-08.203 +01.905 +03.147
+02.068 +02.667 -06.617
+06.997 -05.691 -08.074
-06.528 +05.920 +08.512
-07.438 +03.677 -09.573
-07.456 -05.523 +01.463
+01.997 -00.291 +05.829
+02.942 -00.599 +02.264
-01.315 +06.982 +00.958
-04.482 -04.728 +08.430
+03.062 -03.384 +02.167
-04.853 -03.121 -05.608
-07.438 +01.566 +04.524
+03.898 -00.154 +07.333
-02.398 +04.643 +01.070
+06.800 +00.925 -06.363
-03.609 -01.556 +03.865
+02.183 +08.781 +05.459
+06.552 -04.111 -07.724
+00.427 +04.318 +00.232
+02.088 -03.558 -08.338
+06.981 +01.819 -09.836
-01.698 -05.833 -09.738
-01.363 -02.593 +06.887
-09.802 +08.619 -00.749
+04.872 +09.608 +00.806
-03.687 -04.740 +08.903
-06.551 +04.044 -03.961
-01.319 -02.197 +09.875
-06.300 +05.023 -07.915
+06.369 -06.114 +05.646
+08.485 +06.847 +06.159
-02.309 -07.116 -00.758
+01.340 +08.712 -08.833
-07.843 +09.921 +09.991
-08.896 +06.966 +09.520
+07.167 +09.774 +04.208
-03.445 -04.120 -03.837
+02.028 -00.103 -07.396
-00.300 +04.301 +03.333
+09.367 +00.270 -08.527
+03.676 +03.200 +02.912
-09.923 -00.682 +02.298
+09.686 +07.778 -07.789
+05.707 -06.024 +02.157
-05.506 +02.790 -04.369
-02.426 -04.113 +06.100
+03.910 +00.201 -07.540
-03.178 -08.632 +03.969
-02.249 -02.030 -09.537
+01.610 -00.381 -02.652
-04.547 -04.044 -09.603
+08.479 +01.507 -03.153
+05.826 -08.005 +00.548
+08.832 -07.276 -08.753
+05.522 -08.342 +09.628
+06.153 -01.777 -06.518
-00.098 +09.713 -03.398
+04.964 +04.784 -07.586
-03.876 -03.086 +04.900
+00.678 -09.729 -05.363
+03.736 +02.182 -00.337
+02.011 -00.893 -00.352
+00.693 -00.253 +07.481
-03.508 -08.224 -07.448
+09.272 +05.965 +06.823
-09.014 +05.091 +00.673
-03.086 +00.014 -04.283
-06.220 -02.562 -05.862
-01.760 -05.282 -05.851
+07.051 +02.021 -02.908
-05.133 -07.773 -05.412
-07.332 -09.535 -01.859
-02.868 -00.106 +07.629
-08.863 +02.442 -09.156
+03.513 -02.061 -05.467
-03.726 -05.710 -06.237
+05.831 +05.640 +05.225
-01.824 +01.922 -04.178
-07.049 +08.905 +02.301
+09.958 -03.170 -00.452
-05.028 +05.252 -07.857
+01.382 -08.630 -03.527
+05.888 +02.569 +06.145
+06.456 +03.218 -01.105
-07.854 -05.982 -05.981
-07.467 +04.388 -02.185
+03.549 -03.123 -09.813
+07.885 -06.238 +08.410
-01.870 -09.614 -03.374
+05.088 -06.856 -03.185
-01.504 +03.735 -02.589
+09.008 -06.781 -07.282
-02.163 +06.849 +01.137
+02.986 +05.590 +09.415
-05.948 -04.358 -00.208
-08.046 -08.844 -09.146
-01.097 -06.826 -07.476
-04.132 -07.129 -07.407
+06.893 +05.677 +08.294
-02.587 +05.787 -09.348
+04.407 -08.896 -01.178
-00.204 +02.609 -01.743
-03.162 +06.316 -01.105
-09.232 +04.901 -05.594
-03.141 -02.432 -09.545
+01.071 +07.937 -06.988
+03.714 -07.888 +08.630
+01.237 -05.636 +04.202
-01.207 -01.096 -04.928
+03.500 +06.914 -03.067
+07.402 -03.434 -00.320
-08.780 -04.929 +04.277
-06.544 -09.011 +02.073
+08.630 -06.287 -01.841
+01.787 -08.269 -04.732
+08.147 +02.428 +05.344
+00.998 -07.250 +06.937
-07.098 -05.629 -05.485
-02.829 -05.958 -02.319
+01.429 +09.481 -04.646
+02.501 -08.464 +02.608
-06.276 -05.616 +02.520
+05.746 +04.865 -05.584
+06.756 +02.559 -03.409
+05.135 -06.735 -06.304
+09.873 -00.890 -02.958
+07.991 -09.297 +07.305
+03.335 -01.478 -00.930
-05.429 -06.691 -02.102
+06.152 -09.712 -03.096
+01.558 -06.771 +02.450
-05.597 +07.716 -02.882
-09.767 +09.331 +00.910
-01.512 -00.591 -06.996
+04.429 -02.817 -07.895
+09.129 -03.679 -07.084
+07.741 -00.844 -09.895
+01.426 -02.411 +04.214
-01.079 +01.882 -04.294
-04.944 -02.931 -06.964
-00.194 -01.798 -02.884
-04.422 -07.639 -01.906
-03.863 -08.221 -09.087
-05.309 +05.281 +04.014
+04.216 +09.000 -02.667
-04.728 +01.888 -01.769
+05.994 +05.799 -09.469
-05.475 +09.348 -08.147
+03.401 -03.484 +07.373
-08.451 +00.814 +06.641
-05.146 +06.782 -09.385
-05.980 -02.780 -07.279
-01.511 +09.035 +04.864
+00.255 +02.146 +04.298
+07.233 +09.562 -04.877
+03.560 +02.232 +02.056
+08.164 -09.771 -05.344
+02.236 -04.939 -03.327
-07.125 +05.183 -00.682
-03.479 +00.056 +09.288
+05.404 +03.529 -00.005
+04.057 +01.226 +01.783
-06.767 +07.612 -03.309
-02.930 -03.508 -02.579
+09.357 -04.937 -04.267
-08.517 -07.808 -01.799
-00.434 -03.664 +07.377
+01.200 -08.847 -09.534
-03.851 -08.184 -03.549
+02.520 +00.544 -01.156
-06.093 +04.859 +09.208
+07.655 -07.578 -09.240
+00.458 +09.349 +03.160
+00.209 +06.703 +03.968
+00.266 -03.990 +05.932
-09.513 -07.406 -08.708
+03.300 +08.222 -07.763
-07.598 -00.411 -01.721
-04.058 +06.887 +03.590
+07.559 -05.751 +03.342
-00.254 -07.039 +03.658
-01.412 +09.621 +04.174
+04.697 -04.607 -03.765
-03.647 -09.527 -09.130
-00.950 -02.259 -03.757
+07.078 -06.633 -08.561
+02.745 +00.620 -07.020
-03.696 -03.462 -00.939
+00.527 +07.986 +09.519
-09.943 -03.126 -00.310
+09.243 -01.766 +08.679
-09.207 -08.429 +00.327
+02.484 +07.492 -09.518
-07.269 -09.123 -09.124
-05.118 -03.706 +05.289
+09.692 -02.882 -02.488
+08.053 +03.090 -02.974
+05.199 +01.985 +07.261
+09.454 +07.363 +06.829
+07.172 -07.875 -07.096
+07.267 -08.255 -07.441
-02.397 -00.822 +03.724
+02.587 -08.857 +06.612
-08.108 +02.482 +04.521
-04.902 +09.058 -05.507
-01.966 +09.948 -03.119
+09.143 +01.662 +09.383
+08.084 +07.069 -07.792
-06.334 +05.850 -06.986
-04.934 -00.376 -03.046
-02.084 -09.169 +02.567
+03.494 +01.912 -07.749
+01.950 +06.991 -09.007
-04.887 +08.989 -01.482
-08.607 -00.552 -05.012
+05.511 +01.718 +02.301
+06.029 +00.691 -06.428
+02.487 -09.922 +05.677
-04.530 -06.238 +01.610
+00.700 -07.085 -03.966
-06.355 -01.037 +04.090
-09.850 -01.211 +03.124
-01.076 +01.439 +03.583
+02.964 -08.622 -06.570
-07.062 -00.039 +09.699
-05.302 +02.055 -08.935
-09.787 -00.766 -06.874
-03.109 -00.474 -04.289
-01.865 +05.691 -07.128
-01.416 -02.439 +06.784
-05.303 -00.144 +02.015
-09.765 -07.989 +00.229
+05.889 -05.188 -06.017
+08.264 +08.343 +07.395
-07.440 +07.690 +03.864
-00.383 +00.829 -07.281
+07.274 +04.701 -04.804
+09.473 -08.596 -09.594
-04.350 -05.282 -09.649
-09.898 -03.251 -07.742
-06.678 -03.380 -06.578
-04.870 +02.682 -09.093
-02.065 +04.076 -07.583
-06.249 +05.936 +03.528
-00.359 +05.958 -09.607
+07.578 -05.066 -04.448
-04.152 +02.059 +03.858
+07.939 -00.904 -06.423
+05.967 +06.249 -03.697
+03.357 -05.305 +05.756
-07.361 -06.226 -00.578
-07.721 -05.158 -05.152
+05.792 -04.359 -09.011
-00.551 -00.933 +01.227
+03.291 +05.545 -07.769
-04.803 +06.413 +06.465
+06.061 -04.041 -02.037
+05.437 -05.702 -03.165
-01.430 +05.922 -01.628
-07.224 +02.688 -00.082
-01.782 +03.014 -03.228
-06.861 -09.887 -09.659
-08.588 +09.548 +09.140
+02.382 -06.483 -03.738
+08.229 -08.404 -01.615
+01.592 +00.361 -09.470
+01.372 -07.561 -09.346
+02.423 +08.387 +00.578
+04.587 -03.248 +08.761
-02.460 -05.087 -06.589
-02.472 -08.099 -00.122
-00.039 -08.875 +02.018
-09.605 +06.630 +08.039
+03.233 -08.563 +05.397
+08.741 -00.392 -00.299
-02.079 -09.357 -01.055
+00.525 +02.393 +01.948
-02.079 +04.696 -01.436
-02.374 +04.287 +03.117
-09.994 -08.294 -06.925
-04.550 -03.317 -00.163
+00.709 -00.192 -09.223
-07.576 +00.726 +04.459
+04.550 -03.010 -06.500
-06.100 -01.105 -04.215
+04.191 +07.984 +06.052
-07.704 -01.501 -07.497
+01.771 -07.114 +05.091
-05.223 +07.058 -02.432
-06.032 +09.138 -05.367
+00.135 -08.340 -04.591
-00.128 -03.010 -00.257
+09.811 -02.266 +06.598
+08.402 +02.730 +07.194
+06.663 -05.700 -03.857
+03.745 -03.439 -06.864
-06.776 -06.438 -08.002
-07.253 +06.415 -04.055
+08.101 -05.647 +08.424
+02.300 -08.788 +07.175
+00.080 -03.514 +03.874
-03.534 +01.688 +02.734
+07.939 -08.947 -00.217
-05.271 -07.092 -00.241
-05.567 +09.365 +00.313
+03.950 +07.599 -02.716
+03.732 +04.133 -05.163
+08.461 -07.336 -05.768
+08.348 -09.007 -09.691
-05.318 +03.382 -03.097
-09.362 +00.723 -05.154
+02.292 +02.870 -07.775
-02.146 +01.096 -04.561
-00.686 +00.888 -02.921
-03.759 -01.071 +01.496
-03.021 +07.649 +00.283
-05.144 +06.498 -03.472
+00.596 +04.064 -04.263
-08.169 +07.046 -08.817
+08.414 +07.497 +08.386
+09.029 +07.650 +06.091
+04.387 +01.399 +06.953
+09.037 -07.763 +08.776
+07.256 +03.526 +07.156
+02.642 -04.811 +05.573
+06.611 -07.107 +04.891
-04.425 +00.694 -05.809
-03.919 +04.200 +02.453
-02.677 -02.443 -07.301
+08.095 -08.716 +00.354
-07.562 -08.016 -05.028
+09.599 +09.114 -03.139
+08.255 +05.223 -08.947
+06.188 +00.047 -04.166
-01.966 -04.373 +03.312
+04.688 -07.846 -01.939
+03.906 -05.872 +03.815
-07.388 -05.306 +00.870
+08.706 +05.388 -02.011
+09.088 -03.264 +03.388
-03.317 +06.237 -05.833
+02.389 -06.740 -04.661
+09.137 -00.402 +08.938
-00.179 -07.937 -09.392
-07.700 -07.337 +06.086
+01.616 -08.929 -03.421
-09.081 -05.182 -09.323
-04.007 +03.211 +08.107
-05.071 +01.853 +00.232
-03.639 -08.674 -01.859
-05.046 -03.837 +05.518
+03.422 +09.871 -08.113
-01.490 +07.114 -02.876
-04.308 -01.198 +05.574
-01.404 +07.205 -01.526
+08.208 +05.956 +02.484
+07.309 +02.042 -03.399
-07.597 +05.947 +07.843
+04.236 -05.367 -03.310
+03.928 -02.268 +00.211
-04.455 +00.664 -09.259
-03.817 -04.151 +06.647
+04.028 -03.978 +09.619
-01.396 -07.055 +08.542
+08.576 +07.928 +04.631
-08.627 +09.007 -02.891
-01.818 +01.669 +03.217
-01.461 +02.054 -00.847
+07.280 +02.001 -01.505
+06.135 -04.210 -05.399
+06.835 +06.656 -07.495
+03.582 -00.256 +05.661
-08.939 -03.687 +09.540
-06.230 +01.104 -01.589
+02.261 +03.665 -09.945
+06.585 +00.720 -04.299
+01.700 -06.736 +02.637
+05.754 -02.234 +02.825
-06.937 +02.734 +04.034
+00.035 +02.177 +02.185
+01.174 +07.108 -04.132
+04.401 +03.450 +03.762
+03.927 +02.949 +09.050
+08.412 -09.955 +03.861
-07.339 +06.295 -06.346
+09.219 -02.830 +02.619
-04.942 +01.044 +02.878
+06.075 +00.630 -01.287
-05.977 +06.915 -09.221
-03.328 +04.901 +09.105
-01.400 +00.781 +04.249
+05.359 +08.465 -06.957
+05.199 -05.300 -00.723
+00.533 +01.888 +09.139
+03.511 +09.976 +00.664
-05.969 +06.475 -05.410
-06.849 -01.590 +09.686
-03.975 +04.030 +04.799
+04.503 +02.372 -08.300
-08.506 -04.090 -03.151
-09.129 +09.967 -04.458
-01.662 +00.021 -07.253
-07.816 -02.133 +04.114
+00.279 -02.167 -02.137
-06.989 -06.697 +09.543
+00.299 +06.774 +06.393
+08.135 -06.364 -03.544
+06.694 +03.047 -02.316
+07.908 +01.915 +06.184
-02.094 +08.925 -01.807
-04.464 -09.196 -03.495
-02.752 -05.302 -00.488
-03.118 -02.824 -07.790
+01.747 +00.988 +08.060
-07.132 -09.047 +09.099
+08.677 -04.674 -02.112
+01.735 +01.684 -07.845
+09.650 +06.801 +06.550
+07.445 -04.473 +06.336
-03.113 -06.711 -06.709
+06.412 +00.934 +08.783
-03.444 +06.271 +08.239
-01.046 -07.370 -01.695
-03.146 +08.625 -03.730
-03.165 +02.487 -08.402
-08.659 +03.470 -04.706
+00.430 -09.271 -09.607
-08.748 -09.001 -07.643
-05.841 -04.342 +05.044
-04.849 -08.375 -05.903
-03.804 -06.377 -07.146
-08.603 +03.102 +05.788
+09.338 -04.245 -01.505
-02.052 +07.584 +05.613
+04.410 +03.162 -01.327
-04.074 -05.539 -08.174
-09.621 +00.458 -07.927
-04.595 -01.222 -02.631
-07.260 +01.033 +05.236
+09.066 -01.812 +01.093
-02.615 +03.621 +05.716
+01.697 -07.337 -07.524
-07.884 -03.319 +03.137
+08.396 +08.496 -04.118
-01.377 +02.769 -07.439
-04.331 -04.705 +03.672
+09.097 +01.990 +06.267
-03.348 -09.912 +00.060
-07.088 +06.058 +06.805
+00.883 -09.354 +08.544
+01.155 -03.582 -05.840
-04.930 -00.805 +08.020
-09.996 -07.514 -07.536
-07.634 +01.910 +02.858
+01.792 +04.798 +09.152
-06.552 -08.226 +00.004
-08.519 +04.146 +05.543
+03.570 +08.729 -01.527
-04.029 +05.422 -08.097
-08.228 -03.498 -02.394
+02.272 +02.746 -04.747
-05.295 +02.213 +09.700
-09.887 -09.870 +03.598
-08.082 -08.403 -06.061
-01.850 +00.817 -01.848
-08.193 -00.132 +01.690
-02.266 +00.140 -03.124
-00.917 +06.341 -09.028
-06.347 -05.648 -07.876
+05.468 +05.481 +07.142
-08.899 +05.619 +08.027
+05.005 +07.824 +02.523
-04.129 -05.288 +03.644
-08.918 -07.589 -03.976
-05.041 +03.561 +09.067
-06.908 -06.295 -02.330
-04.835 -04.097 -08.889
-00.922 +07.060 +00.813
-02.376 +09.531 +06.159
-04.300 +00.679 +06.076
+00.467 -06.095 +05.642
-06.013 +09.107 +01.445
-05.368 +02.988 +01.530
+03.064 -04.185 +04.162
-08.719 +01.921 +01.543
+02.406 -06.090 -01.808
+05.032 +03.076 -04.334
-06.609 +08.164 +04.086
+06.833 -09.931 -08.044
+07.960 +05.104 -03.696
+06.134 +03.600 -01.347
+04.782 -03.058 +03.157
+09.342 +01.654 +04.865
+07.174 -04.461 -03.022
+02.645 +06.029 -02.927
-01.529 -09.056 -04.594
-03.592 +04.122 -06.858
+02.222 -07.207 -00.760
-09.073 -01.226 -03.232
-02.270 -07.724 +08.540
+02.369 -07.978 -09.791
+00.415 -01.966 -02.071
-07.618 -08.610 -01.384
-02.250 -04.396 -08.862
+06.185 +06.282 +04.962
+00.623 -07.015 -01.029
-01.403 -01.390 -02.735
-04.180 -00.660 -00.513
+04.437 -00.366 -07.361
-09.917 -06.458 -05.041
+02.405 +08.660 +04.295
+07.341 +03.676 -08.234
-07.284 -01.455 -02.977
+06.498 +06.477 -02.571
+00.497 +06.126 -04.312
-00.461 -01.368 +01.940
+09.933 +08.756 -04.182
+08.185 +05.260 -04.981
+04.422 +04.351 +04.467
+05.302 -07.920 +03.056
-09.308 -09.737 -06.531
+01.611 -03.050 -04.963
+07.731 +02.748 +00.495
+00.084 +07.140 +07.352
+03.313 -04.247 +05.569
+04.197 +09.254 -06.224
+09.345 -08.004 +07.747
+01.430 +02.952 +02.699
-04.638 -01.157 +06.837
+00.654 -03.901 -02.425
-03.368 -01.285 +08.931
-00.041 -08.427 +04.504
+01.595 -01.817 +03.921
+02.380 +08.204 +08.786
+08.528 -00.573 +08.388
-08.791 +05.803 -05.649
+07.270 +07.102 +07.309
+04.788 -06.814 +09.100
-09.482 -07.014 -08.898
-04.670 +08.893 +02.603
+00.343 -05.074 -06.519
+07.538 -09.994 -09.780
-00.560 +09.327 +06.522
-06.515 -02.048 -04.984
-03.223 -02.313 +00.849
-08.610 -08.613 +06.807
+00.054 +08.796 +06.866
-01.003 -00.091 -06.827
+08.722 -08.914 +09.897
-07.346 -01.181 -06.100
-03.732 +06.836 +05.489
-09.251 -01.295 -00.164
+03.832 +01.340 -05.839
-09.969 +01.096 -03.108
-07.566 +06.226 +07.956
+03.916 -06.169 +05.174
+09.169 +06.266 +01.318
-03.921 -03.811 +01.982
+05.227 -02.717 -02.383
+06.570 -05.722 +00.950
-04.901 +06.852 +07.145
+06.355 +02.104 -08.234
-04.220 -05.493 +08.915
+05.838 +01.276 -00.789
+09.435 -05.578 -08.204
+02.623 +02.135 -07.379
-02.947 -07.527 +03.114
-09.483 +06.339 -05.342
-01.861 -08.070 -06.048
+07.722 +03.884 +09.577
-07.453 +02.008 +08.915
-03.069 +06.021 +07.633
-08.515 -03.081 -08.442
-04.478 -05.493 -01.883
+07.911 -02.669 +02.732
-05.544 +09.721 -04.826
-00.002 +06.148 -00.492
+08.359 +07.495 -06.014
+07.893 -04.874 +04.355
-01.456 -03.504 -03.564
+06.687 +02.957 -00.480
+03.383 +00.969 +07.745
-03.019 -01.048 -09.800
+03.045 +04.849 -06.439
-03.797 +02.728 +06.331
-07.890 +09.301 -05.188
+03.148 -00.445 -04.419
-02.545 +05.289 -01.658
-00.835 -02.765 +07.546
+03.296 +01.707 +07.688
+03.814 -06.887 -01.450
+00.634 +00.003 -03.173
-01.941 -02.126 -09.378
+05.267 -06.854 -05.542
-05.674 +00.309 -09.261
+03.621 -01.851 +06.144
-09.296 -08.568 +03.203
+03.132 +05.837 -00.469
-08.770 +02.478 -03.560
+02.189 -05.431 +01.137
-05.258 -08.192 +08.538
+04.090 -05.241 +04.547
-00.236 +00.432 +01.765
+05.904 +04.437 +05.006
-08.214 -07.561 -06.778
+02.900 -06.041 +00.480
+05.640 -05.046 -03.899
-02.427 +02.265 +09.028
-05.965 -00.044 +03.498
-00.391 -06.176 -02.682
+06.668 -01.612 +00.309
-02.844 -01.120 -04.554
-03.772 +08.551 -03.784
+07.448 -02.734 -04.704
+04.813 +09.657 -07.288
+01.585 +08.821 +03.776
+05.178 +07.621 -04.204
+05.897 -03.447 +04.477
-08.614 -09.447 -08.624
-05.213 +08.601 -08.354
-06.831 -06.507 +01.478
-00.186 -03.302 -04.061
+00.723 -00.791 -06.124
-05.385 +03.716 -03.133
-03.626 -08.145 +02.670
+09.130 +05.267 -06.606
-06.702 -00.089 +09.523
+08.325 +07.619 -00.205
-04.264 +05.946 +06.674
-07.615 +05.078 +03.925
-07.151 -04.914 -07.539
+07.715 +09.463 -05.164
-04.479 -05.463 +05.154
+05.641 -09.132 +07.965
-07.734 +07.605 +01.237
+02.794 -07.803 -04.447
-05.226 -06.098 +07.514
+00.010 -09.651 +00.176
+08.702 +06.559 +07.908
+04.051 +02.779 -02.313
+04.711 -01.605 -09.269
-01.471 -05.913 +07.012
-01.270 +02.948 +07.176
-06.674 +08.463 -09.279
+01.074 -00.757 -00.747
+07.683 -06.478 -04.468
+03.381 -02.256 +06.214
+05.640 +04.977 -09.665
+05.277 -05.109 +04.857
+06.535 +08.909 -01.245
-05.704 +02.008 -08.693
+02.918 +02.423 +03.930
+01.214 +07.804 -05.572
-03.142 +06.005 +04.873
-03.719 +03.095 +09.971
+07.852 +07.236 -04.746
-04.436 +03.339 -05.746
-09.066 -07.984 +00.227
-06.678 -02.613 +09.864
+06.614 +04.785 +07.498
-01.778 +08.510 +08.445
+06.371 -01.722 +04.126
+02.267 -00.503 -04.946
+09.645 +05.621 +06.104
-01.185 +03.972 +08.237
-01.350 -04.204 -02.951
-06.385 +02.344 -04.366
+02.290 -08.458 +09.865
-06.770 +06.219 +06.457
+08.474 -08.298 +06.053
+06.466 +08.760 -07.344
-04.460 -07.671 -06.974
+00.477 +09.426 +04.806
+08.457 -05.226 +04.962
-08.717 +09.082 +06.995
+02.855 +07.221 +00.198
-09.652 +01.878 +03.854
-04.229 +05.326 -08.722
-01.428 +02.320 +08.374
-09.890 +06.907 +04.633
-00.109 +05.621 -07.058
+05.268 +07.530 +09.492
+02.928 +07.651 +08.272
+08.977 -02.075 -05.333
-00.307 +07.502 +01.368
+03.268 -02.091 +00.426
+00.023 +03.119 -02.681
-03.962 -07.182 +01.640
+07.156 +00.478 +04.138
+04.556 -04.469 -09.957
-04.246 +04.639 +07.143
-07.633 -07.683 -06.318
-06.889 -00.160 +00.296
-01.987 -01.056 -03.465
-05.205 +06.347 -01.416
-02.475 +08.300 -03.767
+01.462 +01.510 +04.013
+04.316 +04.910 -04.335
+02.965 -06.334 +09.756
-00.567 -07.448 -04.719
-00.330 -09.896 +03.433
+02.648 -08.309 -03.947
+09.364 -06.002 +07.622
-03.515 +03.056 -02.613
+01.867 -00.082 -09.646
-04.014 -00.412 -03.666
+04.108 -02.078 -06.115
+01.530 -09.964 +04.710
+00.554 +02.229 +04.465
+05.402 -00.155 +01.085
+05.339 +09.794 +04.767
-02.748 +07.748 -07.036
-08.802 +09.721 -07.555
+00.881 -06.553 +09.429
-06.912 -05.869 +08.597
-08.205 +00.821 +02.471
+01.683 -03.659 +07.634
+07.205 -05.902 -09.947
+00.618 +01.087 +09.275
+02.081 -05.394 -03.758
-08.849 +01.304 -00.944
+08.645 -02.540 +02.646
-04.079 -06.966 -09.236
-03.657 -06.277 -08.656
+04.666 -08.442 +08.793
-05.197 -07.728 -02.545
-09.841 -08.347 +03.075
-03.806 -08.937 -06.081
+03.754 +09.740 +04.760
-05.755 +05.116 +05.334
+08.432 -07.432 -09.713
-01.725 +09.684 +09.545
-06.427 +08.119 +07.500
-09.179 +01.761 +09.720
+05.988 -09.831 -09.850
-08.240 -06.611 -05.398
-00.754 -02.015 -04.505
+03.743 +07.907 -06.621
-04.052 +00.175 +02.157
-09.659 -04.265 +04.409
-09.038 +06.295 -07.088
-04.876 -06.720 -01.374
-03.753 -06.857 +08.090
-07.113 -00.786 -04.006
-00.812 +06.490 -04.991
+09.499 -05.494 +02.313
+06.603 +04.937 +09.449
+00.642 +04.494 +01.640
+07.261 -02.763 -07.713
-08.973 -03.174 -03.411
-05.776 +05.656 +00.028
+05.182 -04.420 +07.392
-03.202 +06.138 +06.895
-01.533 +08.973 -00.324
+03.601 +04.358 +08.064
-07.285 +07.120 -04.084
+07.573 -00.800 -06.623
+07.125 +07.071 +09.648
-01.696 +07.070 -03.084
+08.137 -03.312 -07.410
-07.084 -00.543 -03.875
+08.295 -07.827 +03.486
+02.321 -09.204 -07.583
-08.942 -07.750 -04.875
-07.238 -03.841 +05.569
+02.042 -06.001 +01.524
-01.831 +08.126 +01.870
+09.984 +08.476 +01.213
-00.587 +05.950 +01.894
+05.700 -06.884 +00.614
-01.337 +03.242 +08.432
-07.696 +05.532 -08.065
-09.027 +00.193 -05.035
-07.673 +03.460 -07.067
+02.124 -00.870 -02.202
+07.693 -02.645 +02.562
-01.821 -08.276 -07.074
-03.459 +06.306 +01.240
+02.646 -09.223 -03.041
+00.987 -02.725 +09.540
+03.537 -09.989 -08.617
+05.036 -02.815 -08.526
-03.904 -07.890 +06.904
-07.074 +02.944 +00.120
-07.913 -08.182 +05.336
-02.251 +01.256 -01.054
+04.290 +06.262 -01.971
-08.490 +06.611 -01.437
+08.916 -09.342 -00.057
-03.388 -05.070 -06.644
-05.075 +07.378 +01.290
+02.536 -01.665 -05.350
-04.145 -08.027 -07.246
+01.261 -01.996 +07.918
+09.602 +06.998 +04.881
-02.183 +02.606 -04.081
-01.538 -09.819 +06.561
-03.346 +09.049 -02.546
-01.892 +04.567 +06.889
+07.518 +06.196 +04.522
+03.324 +09.269 -00.872
+04.785 +03.647 -00.065
-05.855 -08.453 +01.144
-00.135 -01.181 -01.536
+07.968 +05.028 -01.108
+00.536 -05.232 +02.487
-08.980 -03.977 +06.492
+03.416 -03.571 -06.867
+05.083 +02.128 -04.843
+08.828 +03.512 -08.830
+00.235 -08.822 -04.531
-01.211 -01.901 -06.815
-07.178 -06.513 +04.548
+08.733 +07.135 -06.475
+05.023 +00.978 +01.789
-09.488 +02.719 -03.844
-02.289 -05.545 -04.656
-06.770 -01.708 +00.364
+05.191 +07.030 +07.899
-04.172 -05.363 +04.045
+04.048 -08.936 -09.908
-03.039 +03.157 +06.247
+04.159 +02.789 +03.429
+07.324 +03.682 +07.581
-07.564 +05.560 -07.972
-09.267 -01.580 -03.378
-03.794 +07.941 -03.643
-08.928 -07.358 -00.839
+06.220 -00.240 -09.511
-03.765 +06.235 +06.510
-04.799 -07.678 -05.210
-06.318 -02.391 -03.589
-07.483 +00.265 +04.947
+04.518 +00.919 -00.715
+06.789 -08.565 +04.695
-02.963 +05.390 -05.703
+05.938 +00.415 -03.051
-02.109 -02.736 +07.277
+01.314 +06.674 +02.103
+09.858 -09.126 +08.643
-00.867 -08.672 -09.022
+01.414 -04.220 -03.586
+09.789 -03.551 +09.010
+09.661 -05.187 +05.938
+07.171 -08.302 +08.238
-04.742 +03.795 -06.480
+03.490 -03.098 +02.536
+04.073 +02.777 +08.628
+07.172 +06.528 -02.239
-01.050 +06.683 -07.688
-01.131 +03.884 +07.236
+06.810 +06.543 +02.515
+08.577 +06.998 -00.697
+04.919 +04.588 -07.599
-06.060 +06.838 +06.759
-07.202 -03.905 -00.579
-05.316 -01.601 +02.176
+06.343 +08.411 -00.618
+02.335 +00.273 +05.244
+05.438 -00.189 +02.408
-05.301 +08.626 +03.006
-04.380 -03.715 +01.193
-09.139 -03.935 -03.643
-03.977 -08.479 +07.371
+09.205 +01.273 +04.512
-09.475 -05.279 -06.079
+01.558 +07.595 +07.752
+02.227 -05.327 -05.116
+05.619 -01.096 +07.990
+06.389 +01.514 -01.518
+07.592 -01.267 +08.069
-05.083 -03.610 -09.326
+02.201 -09.449 +00.900
+06.381 -02.539 +05.056
+07.921 -01.572 -00.280
+09.994 -06.500 -00.975
-07.845 +08.328 -09.908
+05.760 +05.832 +00.439
-04.404 -01.924 +07.390
+05.952 -04.765 +01.939
-02.290 -09.060 -04.839
+08.241 +03.205 +02.051
+05.035 +01.918 -07.918
+04.525 -08.695 +02.087
-05.269 +07.247 +05.119
-04.736 +02.039 +09.654
-08.398 +06.391 +02.388
-05.650 -09.962 +08.625
+02.879 +04.339 +05.655
-02.073 +05.713 -07.583
+02.316 -00.128 -08.525
+04.940 +06.617 -05.454
+08.444 +07.693 -05.285
-05.181 +06.801 +05.308
+00.464 -02.689 -00.775
+09.892 -03.721 -06.537
-02.025 +01.968 -09.355
+05.796 -00.819 +03.599
-06.992 -09.301 -02.394
-00.373 -07.717 -06.471
+08.326 +04.792 -07.071
+04.832 +02.729 +03.760
+01.530 +02.417 -03.792
+07.006 +02.716 -04.170
-01.158 -09.304 -07.015
-05.180 +04.222 +08.420
+08.980 -06.902 -02.053
+01.556 +07.933 +07.931
+02.790 +02.130 +08.448
-08.717 -00.659 -03.081
+07.295 +03.603 -03.211
-08.705 -09.122 -02.454
-05.162 +08.976 +09.030
+03.674 -03.619 -01.132
+00.372 +08.510 +02.864
-05.221 +07.120 +08.493
-06.758 +02.310 +02.488
+01.310 +03.676 +04.219
-05.403 +05.946 +00.487
-03.421 -08.869 +05.010
-05.173 -00.674 -07.864
-00.587 -07.356 +00.621
-00.518 -07.598 +07.941
-06.316 -09.725 +09.313
-07.951 -05.272 -01.889
+09.509 +03.941 +04.240
-00.559 +09.141 +07.887
-07.824 -02.012 +09.942
-03.555 +08.003 +04.596
-02.726 +00.189 +00.377
+07.526 -07.356 -04.166
+06.756 -08.071 -04.438
+06.093 +08.118 +02.956
+03.184 -01.172 +06.868
+02.467 +08.036 +09.636
+00.905 -05.392 +07.191
-07.402 +04.301 +02.387
+04.408 -01.241 -00.111
+00.073 -02.938 +05.938
+05.666 -04.454 -01.126
-06.233 -06.934 -06.535
-02.003 -07.687 -09.463
-03.861 +05.095 +08.816
-08.212 +08.738 +06.476
+06.399 -09.670 -08.074
+07.483 +00.859 +00.773
+04.880 -08.868 +02.072
-03.588 -08.575 -04.369
-09.180 +07.133 -00.979
-03.501 +01.178 -02.388
+01.518 +05.622 +02.780
+03.336 +01.399 -00.329
+03.229 +09.835 -08.903
-01.316 -00.450 -06.196
-04.102 -05.283 -06.516
-02.071 +01.198 +04.732
+03.842 -08.513 -06.868
-07.595 +07.723 -05.490
-01.169 -06.224 -04.060
+09.345 +04.819 +00.696
+06.863 -05.163 +06.948
-08.637 +06.468 +08.003
+04.528 -01.878 -00.575
+00.941 +05.081 -03.849
+07.206 +05.620 -00.318
+06.586 +09.293 -07.421
-08.972 +05.236 +07.309
+03.919 -04.582 -05.625
+04.547 +09.816 +01.505
-07.353 +06.884 -02.204
+08.476 -08.093 -04.715
+05.697 +05.938 +05.278
+02.669 -02.606 +08.052
+01.650 +08.004 +05.208
+08.180 +07.539 -02.927
+05.838 +04.962 +07.067
-06.329 -00.439 -07.401
-06.854 -06.502 +05.720
-06.812 +01.567 -01.746
+07.986 +08.001 +04.518
-01.710 -01.647 +09.271
-05.343 +09.201 -02.869
+02.457 -05.221 -01.310
+09.203 +07.713 +04.135
-00.448 -06.558 +07.207
+02.046 -07.989 -03.327
+06.215 +04.295 -05.160
-02.826 -00.805 -06.030
-06.914 -06.959 -06.885
-02.716 -02.875 +03.942
+05.854 +09.510 +05.638
+07.430 +07.966 -08.823
-00.370 -07.422 -03.839
-07.937 -02.753 +00.006
+05.231 -03.722 -02.596
+01.500 -00.622 +04.035
-09.577 -02.101 +08.782
-03.301 +01.285 +07.404
+04.821 +06.202 -08.733
-00.647 -02.345 +08.097
+05.733 -00.587 +00.197
-02.384 +02.748 +02.186
+08.713 -02.737 +07.239
-03.037 +05.115 -09.447
-07.036 +00.848 +00.032
+07.196 -07.885 +03.865
+04.007 -01.029 -03.830
-01.476 -04.003 -07.631
-03.229 +07.207 +03.108
+08.003 +08.285 -09.848
+07.622 +03.983 -09.300
-00.213 +02.329 -05.294
+03.187 +09.283 -00.135
+06.322 -01.526 -00.983
+09.944 -04.310 -00.749
-03.424 +08.827 +06.939
-04.156 -03.488 -02.063
+08.707 +03.593 +09.154
+02.709 -01.426 -05.126
-05.185 -01.521 +09.493
+07.446 +06.471 -05.451
+07.517 +04.488 -00.971
-07.484 +06.054 -06.475
+00.317 +07.667 -04.538
+01.832 -08.675 -05.205
+09.306 +04.106 -01.032
+03.124 +02.536 -01.695
+03.852 -03.652 -01.691
-07.886 -01.474 -03.550
+03.528 +01.112 -02.659
-04.552 -01.951 -04.234
+00.232 +03.929 -04.380
+07.313 -06.431 -00.262
-07.267 -06.610 -08.639
-05.136 +07.230 +08.532
+03.273 +02.184 +07.299
+08.347 -04.086 +03.475
+09.074 -03.576 -09.060
-04.488 +07.199 -02.753
-02.738 +01.554 +04.327
+02.351 +02.559 +02.063
+00.364 +03.250 +09.193
+06.698 -05.345 +06.445
+05.075 -02.450 +08.920
-03.690 -01.214 +08.222
-07.844 +08.462 -02.180
-03.702 +03.309 -00.428
+07.398 -03.042 -03.693
-09.887 -00.999 +01.902
-03.963 +04.687 +00.499
+05.737 +04.934 -07.380
-00.081 -06.970 -06.725
-02.887 +06.822 +01.652
-04.194 +08.631 +08.149
-04.092 +09.104 +01.460
-05.550 -02.895 -05.666
+00.098 -05.710 +04.715
-02.390 -04.632 +02.588
-02.033 +06.908 +03.273
-07.466 -01.529 -03.878
-07.994 +07.470 -06.035
-02.321 +05.530 -09.837
+08.462 +02.620 -05.902
+04.668 +08.767 -01.272
+00.137 -04.676 +05.180
+04.230 +07.454 -06.761
-04.985 +08.786 -08.764
-05.928 -04.281 +08.776
-05.498 +03.392 +08.058
+03.509 -01.635 -06.476
+05.322 +04.549 +04.875
+05.927 +01.939 -05.460
-04.345 +03.654 -01.258
+04.698 -09.010 -03.051
+06.840 -08.196 -08.345
-06.259 +09.829 +04.629
-04.551 -00.138 -07.051
+06.032 -03.463 -08.165
+07.844 +09.179 -04.787
-00.807 +07.916 -09.214
+02.476 +08.225 +05.088
+06.248 -07.991 -01.019
-03.351 -00.427 -04.621
+09.823 -00.617 +04.181
+03.498 +05.690 +07.134
-03.986 -06.264 -07.784
+04.238 +08.078 -03.150
+03.369 +06.798 +04.069
+09.443 +05.981 -01.006
-00.855 -02.838 -06.294
+06.231 -03.309 -05.445
+08.135 +02.131 -05.367
-09.573 -07.922 +09.778
-09.542 -06.077 +09.865
+04.345 +05.257 -01.751
+04.052 -02.437 +02.520
+08.455 -03.529 -08.991
+07.403 +03.026 +02.400
-07.692 -02.994 -07.701
-02.038 +02.286 -09.578
+08.026 +04.786 +02.823
-01.462 -01.492 +02.278
-05.821 -08.278 +09.065
+09.547 -08.225 +09.814
-03.004 +07.677 -06.399
+09.127 +03.125 +00.188
+00.360 -03.852 -05.007
+00.736 -05.147 -05.311
-00.555 +02.032 -03.503
-05.397 +06.614 -06.791
+05.713 -02.761 +03.089
+00.852 +09.353 -06.233
+09.505 -03.804 -03.681
-06.376 -08.353 +05.877
+04.985 -01.019 +05.485
+06.595 +01.922 +06.523
-02.205 -05.781 +08.063
-05.723 -07.918 +03.237
+01.145 -04.431 +07.990
+08.145 +04.976 -01.107
+01.467 -01.814 -00.153
+02.199 +07.390 -07.101
+02.177 +00.831 -00.772
-03.957 -04.425 -05.119
-07.715 +07.230 -03.876
+09.984 +00.814 +03.822
+00.489 -08.087 +04.334
-00.442 -06.801 +01.884
-08.465 +06.487 +07.196
+02.378 +03.011 -00.919
+06.178 +03.541 +00.782
+00.740 +08.643 +08.061
-02.367 +07.549 -05.526
-07.482 +04.370 -08.355
-03.154 +07.430 +08.316
+08.819 +04.997 -00.296
+08.585 -03.795 -04.586
-00.098 -00.305 -02.472
-03.181 -01.955 +06.862
+05.863 -04.293 +00.176
+05.033 -07.578 +09.714
-06.763 +06.430 -01.877
-00.209 +02.079 -07.604
-09.360 +02.020 +06.404
+08.143 -05.894 +07.755
-00.020 +00.389 +02.556
-04.683 -00.626 -02.745
-04.100 +09.453 +06.481
+01.207 -01.803 -02.616
+07.491 -08.814 +04.779
-04.675 +03.451 -02.920
+09.714 +01.170 +08.658
+08.264 +08.724 -04.861
+05.132 +02.564 -00.679
+00.932 -04.792 -09.498
-03.053 +06.132 +06.749
-00.517 -02.520 -01.029
+01.519 -00.358 -01.064
-01.953 -09.193 -02.199
-03.213 +01.262 -01.983
+05.453 -00.934 -04.161
+08.825 +07.172 -04.659
+07.817 +06.014 -05.675
+06.111 -08.051 -08.541
-09.825 -05.713 +03.770
+08.033 +05.086 +04.645
+08.621 -01.627 -03.694
-05.382 +07.158 -04.416
+03.086 +00.303 -01.357
+05.385 +04.315 -01.465
-08.563 -04.346 -02.229
+08.033 -00.095 +01.087
-01.408 -01.130 -07.270
+07.872 +05.152 -03.333
-00.811 +05.009 -09.436
+06.756 -04.318 +08.305
-05.087 +01.739 -00.354
-09.337 -01.920 -04.607
+03.336 -09.236 +00.440
-01.801 -00.993 +06.906
+07.067 -04.189 +08.588
+05.722 -09.825 +05.293
+08.124 +00.141 +02.182
-07.681 +03.250 -04.990
+05.269 +00.337 -08.209
-07.480 -02.303 +01.610
-09.052 -07.380 -00.091
-09.161 +02.753 -08.843
-08.645 +01.272 -02.186
+07.184 -00.063 -08.649
-04.236 +09.753 -05.041
+04.363 +04.501 +04.648
+07.690 +02.309 -05.241
-09.761 -05.551 -07.496
-01.658 -03.262 -04.542
-08.923 +05.375 +08.624
-07.612 -00.563 +03.350
+06.446 +08.900 -08.109
-07.443 -02.434 +00.550
-05.053 +00.260 -01.489
-02.192 +00.716 +09.267
+08.854 +05.489 -00.476
-04.904 -02.402 +01.420
+02.172 -02.138 +00.111
+03.530 +04.650 -08.861
-09.282 -04.746 -06.326
-02.966 -02.095 +06.284
+08.078 -09.015 -04.919
-03.204 -08.248 -04.245
-09.141 +02.962 +03.262
-07.292 +02.198 +02.356
+02.256 +06.317 -03.124
+05.667 -07.117 -03.741
-01.005 +07.521 -04.734
+08.072 +07.732 -07.403
+05.579 +08.553 +04.769
+06.350 +01.090 -01.351
+03.297 -04.651 +07.064
+03.164 +08.033 +02.757
-05.786 -06.253 +03.156
+00.727 +08.608 +00.124
+07.667 -06.379 +04.322
+06.948 -07.951 +07.168
-08.787 +04.066 -04.952
-04.767 +07.963 +00.543
-07.909 -00.046 +05.376
-08.257 -08.135 +04.937
-09.908 -03.062 +09.901
+09.647 +01.773 +04.121
+08.206 -00.547 +00.254
+00.760 -00.809 +01.061
-04.552 +07.427 +02.402
-08.211 -06.124 -03.711
+09.348 -02.224 +02.464
-05.068 -05.514 +07.554
-08.213 -06.576 +06.173
-02.494 +02.113 -06.468
-09.898 -09.878 +01.512
+09.612 +01.680 -04.837
+08.863 -05.955 -07.272
-00.838 +06.011 -01.008
-03.115 +01.148 -04.778
-09.062 +00.413 -04.546
+02.176 -00.765 -05.279
+08.649 +05.618 -07.567
-03.344 +02.650 -08.762
+03.258 -08.707 +04.258
-08.485 +07.290 -02.760
+02.796 +07.939 +01.134
-08.213 -04.913 -07.109
+04.970 -09.068 -04.363
+05.933 +00.610 -02.105
+02.754 -06.535 +09.477
-02.711 -09.695 -09.482
+00.536 -04.282 -02.123
+01.006 +01.363 -03.026
+03.885 +09.519 -00.548
-08.841 +08.126 -08.412
+03.166 +03.649 -08.322
+00.978 +07.457 +03.764
+08.106 +06.753 -02.868
+09.813 +09.361 +02.185
-03.326 +09.108 +07.385
+02.530 -08.985 +01.834
+04.216 +03.822 +01.031
+02.967 -01.020 -06.793
-00.670 +06.381 -07.744
+04.456 -09.121 +02.537
+01.044 +06.398 -01.208
+01.919 -09.768 +01.582
+02.721 +09.035 -08.240
+02.696 +05.401 -07.364
+06.628 +09.456 -07.209
-02.036 -09.930 +07.444
-02.479 -00.968 +02.661
-09.675 +08.693 +01.053
+03.056 -01.694 +05.915
+04.996 -05.953 +04.642
-02.903 +09.811 +03.755
-08.103 -04.093 +09.652
-02.070 +01.331 -02.319
+05.135 +00.471 -07.840
+07.175 +09.744 +04.797
+09.451 +09.196 +00.665
+00.369 -01.014 +04.691
-01.207 +01.013 -08.361
-02.685 -06.383 +07.322
-06.587 +01.941 -05.434
-08.559 -09.273 -03.614
+07.483 -03.124 -06.671
-09.110 +07.580 -06.937
+04.717 +03.769 -06.201
-03.025 +03.388 +09.461
+00.132 -09.633 -05.649
-09.024 -00.855 -08.934
+09.149 -00.167 -01.401
+02.067 +04.184 -08.762
+04.581 -05.292 -02.799
-08.747 +00.526 +05.368
-04.455 +08.309 +08.763
-06.408 -08.944 +05.184
+05.807 -00.469 -04.727
+07.524 +09.367 +08.160
-09.310 +05.910 +07.878
+03.625 +03.860 -06.710
+01.111 -08.599 -07.319
+02.749 +00.539 -03.737
-07.388 -05.160 +01.725
-03.344 -08.427 +05.406
-09.010 -07.227 +07.729
-08.019 +09.084 -06.254
+07.941 +00.831 -07.355
+09.977 -02.330 +08.996
-07.529 -02.064 +00.612
-01.866 -00.570 -05.935
+02.848 +01.122 -08.065
+08.048 +06.827 +07.510
-07.105 -02.894 +09.982
+05.837 +02.932 +08.465
+01.823 -09.214 -01.101
+08.909 -04.903 +05.841
+02.185 -00.577 -08.410
+08.957 +05.615 -06.398
+04.172 -03.674 -03.385
+02.325 -07.649 -05.597
+04.708 -00.627 -02.479
-07.713 +09.087 +09.974
+07.527 +06.294 +00.121
-04.430 +06.415 -05.930
-01.390 -06.185 -06.328
-03.770 -01.855 +09.623
-03.083 -04.887 -06.721
+04.184 -09.848 -00.851
-05.744 -09.658 +06.470
-06.040 -02.494 -00.495
+01.315 +01.013 -05.246
+03.208 -09.231 -04.805
-09.663 +00.586 -02.958
-01.128 -08.026 -00.010
-08.176 -02.100 +06.981
+06.468 -04.871 +08.675
+05.361 +08.234 +01.048
-01.011 -06.490 +07.933
+03.942 -08.773 -04.158
+07.748 -08.447 +02.458
-07.041 -06.451 +05.792
+03.481 -02.790 +07.328
-04.696 -06.955 -02.809
+04.928 +00.696 +02.177
-08.229 +04.022 +05.155
-02.750 -07.362 +04.424
-05.501 -06.721 -05.475
+06.773 +06.842 -04.538
-03.916 +01.639 +06.582
-07.038 +04.491 -01.743
-05.052 +01.794 -00.868
+03.421 +07.483 +03.765
-05.663 -05.982 -09.964
+08.372 +06.726 -07.180
-08.390 +00.025 -08.118
-02.911 +07.338 -01.438
+00.738 +07.837 -03.914
-07.785 -05.511 -06.416
+08.331 +06.407 +04.971
+02.900 -09.580 +03.974
-06.982 +06.933 -05.828
-05.914 -05.944 -08.737
-05.252 +00.244 -02.224
+03.598 +04.042 +03.836
+00.415 +09.732 +04.893
+06.016 +06.329 +04.719
+07.192 -09.031 -01.689
+03.185 +08.269 -07.591
+00.774 +08.239 -06.748
+05.966 +07.089 -03.913
+03.722 +03.505 -06.385
-01.978 -01.647 +09.262
+05.491 +09.385 -09.517
-07.322 -04.546 +06.585
+09.980 -07.400 +07.372
-05.709 -03.527 -09.983
-05.990 +06.676 +05.008
-01.779 -09.947 -05.273
+01.172 -01.073 +07.057
+00.087 +03.647 -02.641
-03.754 +01.933 -02.713
-04.466 -01.473 +05.887
+02.669 -08.386 -09.468
-00.750 -02.420 +08.827
+01.594 +06.428 -01.237
-03.478 +08.865 +01.852
+09.306 -08.202 -09.463
-00.055 +03.033 +04.308
+03.005 +03.305 -05.667
+02.420 -03.424 -07.218
-00.439 +03.735 +06.387
+03.484 -07.610 +00.337
+01.625 +06.527 -05.203
+05.173 -02.515 -01.476
+03.592 +09.963 -03.912
+00.110 -05.970 -07.481
-06.439 +05.115 -02.383
-08.723 -09.077 -05.289
+03.397 +04.979 -08.631
+07.109 +09.728 -02.500
+03.225 -05.626 -09.144
+06.803 -02.729 -04.646
+07.342 +04.215 -00.763
-00.865 +02.325 +08.531
+09.736 -09.440 -04.037
+07.142 +03.834 +01.011
+03.990 +08.318 +01.177
+01.884 +01.284 +06.725
-08.098 +08.926 +09.323
-02.958 +02.618 +06.215
-02.015 +02.093 -04.695
+09.459 -05.762 -07.941
+03.827 -00.565 -04.877
+02.532 -05.111 +09.611
-03.603 +04.609 +07.172
-06.135 -04.837 +07.029
-01.690 +01.279 -08.546
-00.895 +00.167 +00.217
+04.922 -02.571 -06.640
-07.212 +00.440 +08.119
-00.210 -04.870 -01.309
-02.307 +06.920 +05.842
+02.295 +07.041 -07.189
+09.973 +09.825 +02.657
-00.147 +07.258 +09.755
+00.810 -07.063 +00.775
+00.109 +07.924 -03.151
-02.668 -03.993 -05.825
+09.129 +06.166 +03.045
-07.778 +09.003 +07.653
-06.871 +07.587 -08.140
-07.680 +02.290 -08.250
+05.784 +01.893 -04.286
+07.532 +06.053 +09.344
-08.550 -03.948 -03.841
+00.962 +07.078 -00.516
-00.428 -05.938 +09.773
-09.061 -01.368 -09.105
-03.225 -06.194 +06.516
-02.794 -09.337 -08.473
+01.535 +00.786 -03.234
-05.338 +02.887 +08.194
-03.663 -02.160 +06.789
-00.335 +07.134 +02.805
-01.496 -01.977 +07.695
+09.474 +05.460 -00.970
-03.987 +06.549 -03.977
-01.719 -02.274 -02.738
+09.275 +01.180 -03.123
+09.478 -00.602 +01.366
+03.753 +08.593 -03.816
-04.451 -03.331 -05.531
-07.247 -01.311 +06.566
-01.997 -00.352 -03.588
+05.890 -07.136 -05.089
+02.136 +06.360 -09.411
+02.691 -04.447 +08.151
-01.109 -05.229 -05.152
-01.917 +01.536 +01.226
-05.222 +06.006 -05.478
+06.975 +08.007 +05.585
-01.725 +05.027 +05.760
-09.942 -00.613 -01.637
-03.285 +09.541 +06.267
-05.991 -08.804 -01.286
-06.027 +05.821 -01.532
-08.887 +06.077 +08.276
-03.067 +00.878 -03.076
+07.582 -01.741 +06.472
+07.222 +05.281 -00.418
+04.182 +01.650 +08.126
-09.617 -01.249 +09.809
-02.285 +01.429 -02.958
-04.103 +04.610 +00.497
-06.318 -09.460 +03.556
+01.802 +01.326 -08.963
+03.749 +06.099 -05.817
-00.119 -06.849 +00.930
+04.178 +03.819 -00.355
+01.183 -09.039 +08.232
-03.314 -00.361 +04.553
+02.350 +09.190 +05.228
+08.364 -08.485 -03.455
+00.917 +03.265 +07.876
-08.656 +06.884 +00.781
-00.831 -03.597 +06.805
-06.027 -01.254 +07.398
-01.310 +09.133 -03.363
+09.585 -08.295 +00.195
-08.486 -09.363 +00.161
+00.982 +08.667 -00.210
-02.270 +08.405 -09.104
+02.645 +07.947 +05.408
-06.174 +01.435 +08.765
+01.977 -04.347 -02.718
+01.030 +00.724 -04.975
-01.156 -05.643 -03.008
-01.296 -06.540 -05.993
-00.405 +08.556 +00.734
-09.704 -08.142 -00.072
+00.650 +05.155 +04.839
+01.577 +02.229 -00.127
+00.565 +06.659 -02.402
+01.257 -03.015 -06.125
-07.844 -06.741 +03.535
-09.013 -00.836 +00.616
-01.913 -05.820 -04.202
+07.623 +06.527 -07.880
+07.252 +00.893 +08.181
+07.372 -09.470 +06.941
+03.109 +07.227 -00.002
+08.092 +06.117 +02.377
+06.088 +07.870 +06.845
+08.437 +09.212 +08.949
+06.075 -06.941 +05.915
+08.912 +08.748 -09.166
-04.608 -04.888 +09.117
+05.848 -05.332 +03.461
-06.734 -07.507 +09.576
+05.740 +08.418 -02.479
+07.295 -08.592 +06.607
-02.539 -00.678 +02.299
+09.976 -00.385 +01.636
+06.140 +07.297 +03.499
-07.960 -09.257 +04.975
+03.559 +06.771 -04.296
-05.786 -01.855 -07.110
+02.225 +07.351 -06.592
-08.490 -02.893 -02.853
+09.421 +03.880 -07.037
-03.164 +01.025 -02.296
-05.896 +04.403 -00.134
+09.266 -02.967 -07.669
+02.609 -06.210 -07.679
-00.568 -03.942 +01.634
-08.977 +08.558 -08.663
-06.142 +05.271 +06.218
-00.414 -00.946 -01.302
-06.286 +05.148 +00.112
-00.105 +03.506 -03.092
-06.799 +01.925 -01.573
+00.588 -09.286 -08.385
-00.865 -00.617 +08.563
-05.416 -06.170 +09.988
+04.511 -06.162 +06.337
+03.837 -01.113 -08.583
+03.793 +08.346 +08.787
-01.346 +02.228 -04.745
+05.923 -01.957 +04.372
-00.787 +05.469 -09.235
-05.545 -02.280 +08.811
-07.999 -01.414 +07.773
+04.482 +01.066 +02.924
+00.115 +08.650 -03.269
+06.001 -04.697 -01.645
+07.126 +03.524 +03.606
+04.110 +04.350 -03.538
-06.115 -06.411 +07.194
+03.960 +01.569 -00.701
-03.753 -05.620 -09.746
+09.933 -06.963 +07.271
+06.537 -05.354 -07.449
+01.238 +05.835 +02.854
-02.493 +06.540 +07.643
+08.933 -00.153 -00.769
+06.835 -05.921 -08.133
-01.794 +01.634 +04.794
+06.281 -08.213 +04.769
+06.562 +04.708 +02.182
+03.323 -06.100 -02.340
-08.659 -09.198 -01.942
+02.881 +09.581 +04.505
+08.606 +08.029 -01.496
-03.097 -06.443 -01.219
-06.195 -02.962 +05.772
+03.914 -02.427 -04.646
-07.285 -01.457 +06.155
+06.116 -09.959 -00.545
+03.027 -02.366 -02.952
+08.174 +07.116 -04.123
+06.050 -03.428 +08.634
-05.927 +05.200 -03.603
-09.344 -05.748 -07.844
-00.654 +09.901 -03.567
+06.330 +00.237 +00.151
+09.351 +05.126 -02.566
+01.737 +01.566 +00.490
-08.338 -08.309 -02.499
+01.137 -09.614 +02.038
-00.698 +08.401 +05.612
-01.684 +08.113 +01.751
+05.221 +08.973 -01.742
+09.758 +00.054 +00.600
+08.200 -05.171 +01.535
+01.776 +09.475 +02.754
-06.145 +01.797 -08.268
+03.506 -00.745 +04.112
+04.422 +07.977 -08.655
-02.493 +06.834 +06.129
-00.860 -07.765 +08.209
-08.286 -02.818 -01.785
-00.618 -07.296 +01.939
+01.951 +03.556 +00.433
+06.642 +02.817 +02.679
+01.888 -08.860 -05.561
-00.011 +05.388 +02.573
-03.435 -09.895 +00.977
-08.193 -09.697 -05.075
+01.335 -00.687 +02.581
+02.526 -05.614 -00.537
+08.263 -04.890 +00.549
+02.271 -03.550 -02.693
-08.548 -05.238 -08.255
+02.658 +07.558 +04.388
-05.325 -06.964 +06.350
+06.785 +03.036 +07.395
-02.054 +04.896 +03.948
+02.432 -06.057 +04.191
-06.181 -00.432 -09.864
-06.982 -08.943 -00.125
+07.334 -06.073 +00.208
-06.422 +09.510 +01.763
-05.197 +09.330 +06.672
+08.531 -06.418 -06.699
+04.554 +05.008 +06.769
-01.538 +09.857 -05.840
+08.542 +07.257 -02.773
+06.500 +05.311 +03.550
-00.693 +00.580 +02.284
+08.320 +00.784 +01.787
-04.956 -05.479 -04.721
-04.032 -00.865 +07.447
-08.109 -02.460 +01.617
+03.745 +07.723 +07.628
-09.111 -03.475 -01.236
-05.813 +01.119 +05.737
-03.238 +03.809 +03.028
+08.784 +00.806 +00.573
-05.622 -00.879 -00.364
-09.982 -08.873 +00.329
-06.113 -01.229 +01.630
-00.955 +01.387 -06.268
-01.391 +01.523 +03.056
-08.741 -02.992 +05.500
-07.657 +03.201 -00.884
+09.902 +04.695 -05.418
+08.338 +04.320 +06.834
-03.898 -07.239 -01.698
-06.778 +00.585 -07.559
+03.971 -01.652 +04.866
-07.949 -07.563 +04.361
+02.742 +09.033 +02.234
+05.807 -03.034 -01.942
+04.046 +09.103 -03.145
+06.555 -05.633 +06.981
+05.368 +09.507 -01.343
-03.348 +02.323 +00.683
-02.162 -00.854 -06.116
+04.239 -05.863 +07.970
-09.466 +01.108 +07.336
-00.650 -00.999 +09.966
+06.966 -07.308 +07.760
+04.694 -08.309 -04.473
+05.166 -02.294 +00.869
+08.171 +09.111 -02.259
-03.847 +08.256 -07.008
+09.370 +09.400 +01.903
-05.236 -07.887 +09.460
-04.479 -08.414 -03.046
+01.252 +09.571 -08.587
-04.662 -07.488 -08.982
-03.702 -03.845 -09.933
+07.755 +08.538 +06.898
+05.555 +08.671 +03.976
+08.451 +09.241 +09.030
-03.613 -00.703 +09.093
+07.041 -08.630 +08.157
+06.389 +09.404 +08.855
-05.340 -01.738 +04.550
+00.100 -01.651 +08.816
+08.913 +07.129 -05.209
-09.799 +01.809 +06.935
+08.264 -02.861 +01.604
-08.363 +05.407 -07.229
+03.984 -08.973 +07.321
-04.081 -09.183 -03.301
+07.832 -05.479 -01.948
-02.063 -06.128 +06.996
+03.440 +07.947 +07.190
+08.176 +07.464 -07.207
+00.611 +04.841 -00.039
+08.248 -05.283 -05.906
+09.359 -04.935 -01.845
+07.791 +03.618 -03.718
-05.828 +01.239 -02.108
-04.861 +05.015 +06.420
-07.051 -08.218 +01.250
+01.535 -09.288 +02.342
-07.535 -05.697 -05.535
-09.453 +04.935 +08.210
+01.250 -02.086 -03.526
+07.992 +09.544 -08.862
+08.788 -05.887 +08.357
-06.368 +05.419 -07.548
+07.757 -01.507 +08.026
-07.911 -04.263 -02.926
-00.741 +07.825 +00.852
+09.155 -02.842 +07.923
+04.915 -06.766 +00.358
-08.106 +01.383 -02.888
+07.598 +07.584 -05.482
+04.942 -04.124 -02.322
+05.642 +02.560 -02.420
+08.152 -05.218 +09.279
+06.957 -09.881 -01.776
-09.377 +02.554 -06.323
-06.164 -04.822 -08.785
+08.428 -07.541 +06.523
-06.474 -07.221 -06.319
-07.091 -03.075 +05.351
-05.002 -08.480 -04.747
+05.568 -02.006 -09.026
+07.781 -04.421 +05.204
+06.150 -03.544 +00.155
+08.781 -08.658 +08.387
-02.300 +00.909 +06.525
-04.676 +00.666 +09.282
+05.505 +05.599 -07.298
-00.683 -07.836 +04.080
-09.124 -07.415 -09.186
+04.383 +06.991 +08.047
-02.149 -01.329 +03.787
-08.849 +03.424 +09.792
+06.420 +09.125 +06.396
-00.916 -04.594 +08.204
-00.350 -03.484 +06.065
-09.690 +07.927 +01.736
-09.303 -09.345 -00.427
-02.735 -05.798 +08.368
+02.884 -07.075 -09.582
-05.308 -04.871 +02.265
-00.892 -00.732 +04.941
+07.516 -05.287 +02.099
+06.716 -05.200 +01.610
+07.285 -09.397 -04.044
+01.207 +00.035 -05.160
+05.028 -01.645 +01.508
+04.431 -04.576 -05.753
-07.161 -04.733 +05.522
+05.104 -05.509 -00.191
-05.581 +02.564 -00.425
+04.812 +01.987 -03.147
-01.388 +05.632 +09.336
-09.677 -07.421 -02.959
-09.695 -05.760 +04.548
-09.249 +06.528 +03.597
-09.218 -01.194 +00.801
+05.790 -04.642 -09.683
+01.959 +04.344 -08.405
-06.770 +03.112 +04.398
+09.709 +07.866 +09.763
-05.129 -03.381 -02.407
-03.365 -02.555 +08.488
+05.091 +09.706 -09.396
+07.829 +09.484 -04.259
+00.676 -03.257 +00.066
+02.968 -06.616 +07.359
+03.596 +00.355 +09.177
+09.748 +02.980 -02.245
+05.156 -06.670 -04.188
-09.000 +07.298 +06.653
+07.579 +02.365 +05.561
+01.367 +08.273 -06.233
-03.692 +02.096 +09.343
+08.069 +00.315 +09.718
+03.937 +03.824 +05.094
+02.015 -02.827 -09.979
+08.974 +08.600 -02.768
-04.065 -04.966 +03.316
-05.055 +01.078 -03.608
+09.944 -08.321 +02.932
+06.756 -06.070 +06.013
+02.467 +00.272 -08.878
+08.407 +00.252 -05.744
+03.667 -08.647 +05.598
-05.322 -05.576 -00.873
+02.065 -07.285 -08.843
-03.582 +02.442 -03.584
+05.920 -09.674 +04.379
+03.874 -02.017 -00.496
+08.335 +04.722 -00.584
-04.526 -00.038 +07.062
+00.670 -08.726 -09.623
+01.806 -03.379 +04.315
+06.687 -06.361 +09.155
+01.161 -00.126 +07.327
-01.323 +02.058 +00.727
+01.909 -06.008 -01.377
+01.781 -07.300 -02.900
+06.956 -07.194 +06.839
+08.677 +08.970 +01.676
-03.104 +04.272 +03.363
+09.135 +00.821 -06.342
+06.567 +08.342 -05.629
-05.777 -06.023 -07.812
-05.364 -08.383 +01.662
-00.709 +09.029 -07.937
+04.657 +08.365 +00.257
-02.284 -09.478 -02.172
-02.511 -03.700 -00.716
-04.920 -02.561 +09.238
-08.909 +04.779 -05.307
-03.997 +00.296 -03.855
-05.379 +00.993 +03.724
+00.438 +05.605 -05.074
-06.613 +01.678 -00.375
+01.011 -07.365 +04.239
-06.694 +00.716 +03.171
-01.044 +01.379 -00.203
-08.257 +01.346 +07.333
+02.828 +06.834 -00.211
+01.775 -04.725 -02.501
-02.742 -02.924 -08.850
+01.307 +07.742 -02.916
+04.210 +02.989 -05.201
-09.813 +08.367 +00.182
-02.286 +08.676 -08.781
+04.347 +02.859 +04.009
+01.847 -06.692 -04.543
-04.926 -03.599 -03.186
-00.973 -07.381 +07.648
-03.881 +08.397 -08.331
-01.653 +00.969 +08.941
-06.529 -00.038 +08.283
+00.826 -02.298 -02.909
+03.553 +01.887 -03.415
+05.472 -06.350 +05.218
+01.072 +04.346 -02.558
+06.715 -02.160 +04.485
-08.895 +02.348 -05.285
-07.737 -04.759 -08.606
+07.139 -08.486 +09.436
+06.677 +00.516 -06.552
-06.610 +00.657 +04.046
-05.671 -09.651 -08.499
-02.623 +06.063 +02.357
-01.252 +01.173 +00.885
-01.290 +09.830 -06.607
+00.215 +08.511 -06.402
+05.632 +09.010 +04.458
-02.393 +00.629 -07.772
-08.613 +06.159 -03.850
+04.522 +04.808 -08.302
+05.716 -02.708 +06.943
+06.103 -05.094 -05.062
+02.204 -09.794 +08.661
-08.731 +00.809 +09.865
-06.576 +06.219 -01.181
-01.264 +00.247 -07.609
+05.112 -04.135 +03.200
-01.117 +02.629 +02.830
+07.951 +05.170 -08.817
-07.393 +09.821 -01.261
-04.783 +09.433 -01.841
+04.541 -05.446 +04.793
+01.843 +08.726 +03.580
-06.649 +06.281 +09.332
-05.218 +07.021 -05.274
-05.285 -04.432 -03.184
+02.873 +09.677 +01.946
-01.145 -04.449 +08.552
-02.487 +01.225 +01.447
-05.254 +05.451 -04.560
-05.055 +01.808 +00.233
-09.783 -06.120 -01.704
+09.504 -04.841 +08.645
-07.175 -07.050 -00.217
+00.580 +00.099 +05.162
+05.026 -05.992 -04.386
-06.182 +07.555 +02.554
-06.484 -03.515 -03.142
+07.931 +07.340 -03.507
-05.209 -07.351 -06.079
-06.121 +07.859 -03.886
-08.021 +05.223 -05.063
-00.136 +03.123 +08.431
+01.865 -09.145 +00.540
+08.758 +06.050 +04.674
-09.947 +00.865 -02.563
+08.323 -07.516 +01.444
-05.161 +01.848 +00.552
-00.026 -02.272 +00.579
+05.658 +05.524 +07.537
-06.838 +04.964 +03.323
+03.758 +02.245 -05.472
-05.816 -06.741 -09.097
-06.975 +07.926 -06.051
+08.964 -01.543 +09.629
+06.619 -06.366 +04.146
-00.882 -04.910 -01.384
-07.501 +07.090 -02.872
+03.477 -08.643 -00.887
-02.153 +05.184 +08.048
+01.473 +03.830 -04.050
+04.419 +03.744 +06.866
+08.253 -06.418 -02.398
-07.656 -09.656 -03.301
+04.940 +02.364 -03.224
+00.119 -04.185 -04.015
+09.679 -04.920 -01.183
+03.983 +08.977 -04.065
+03.380 +09.418 +09.048
-00.451 +08.618 -07.273
+08.722 -03.838 +03.386
+09.507 -02.470 -07.695
-04.014 +04.367 -05.385
-02.081 +00.923 +03.346
-05.215 +02.014 -00.669
-02.080 -03.558 -06.963
+08.603 +00.616 -02.493
-02.072 +08.840 +06.936
+03.032 +02.131 +06.276
+06.833 +09.305 -04.950
+08.689 +08.425 +04.692
-00.949 -03.418 +09.332
+05.264 +04.668 +04.379
-06.241 +08.012 -02.029
+06.845 +03.011 -04.018
-03.839 +06.123 +00.620
+09.639 -03.572 -05.616
+07.306 -00.758 -02.397
+02.042 +04.151 -08.053
+05.168 +01.784 +08.016
+01.545 +06.552 +08.900
+05.243 -03.533 -00.095
-00.611 +09.891 -05.785
-02.197 +02.483 -01.971
+00.821 +05.958 -00.760
+09.183 -07.616 +02.836
-05.403 +03.016 +00.320
-08.121 -00.602 +08.033
+01.406 +09.733 -05.817
+05.271 -06.010 -03.395
+09.004 +05.565 -09.225
+00.033 +00.706 -03.032
-02.025 +04.234 -06.701
+05.905 +02.028 +07.698
+05.266 +01.845 -08.301
+09.823 +00.647 +03.961
-01.399 -01.810 +00.772
-09.164 +00.364 -04.976
+01.663 -07.949 -00.038
-00.350 -07.473 -09.165
-04.518 -09.828 -03.532
+07.223 -04.062 +08.930
+01.259 -06.446 -07.138
+03.458 -01.289 +04.044
+00.551 -06.364 +05.801
+09.161 +07.363 +05.924
-01.554 +04.661 +08.946
+00.430 -05.137 +05.884
+01.259 +03.319 +09.703
+08.145 +03.737 +02.800
+03.217 -06.472 -03.513
+02.272 -04.629 +01.805
+05.995 -09.148 -09.955
+03.549 +08.691 +06.027
+04.815 -00.890 +00.109
-03.215 -08.619 -03.321
-08.929 +03.609 -09.442
+08.409 +05.584 -07.455
-04.620 -04.536 +00.453
-08.085 +03.854 +02.270
-04.194 -07.377 -03.287
+03.711 -03.239 -09.700
-01.737 +01.621 -07.469
-07.753 +07.504 +07.279
-01.571 +07.771 -08.308
-00.794 +06.281 +01.682
+01.425 -00.275 +02.941
-09.476 +05.478 +01.250
+08.984 -08.781 -07.787
-08.847 -07.041 -06.212
+09.784 -04.998 -09.772
-06.251 +03.555 +09.034
+07.444 -00.010 -01.348
+06.502 +09.070 -08.786
+00.704 -07.487 +01.505
+01.675 -07.398 +05.697
+02.666 +08.752 +06.217
-05.869 +08.993 +02.608
-05.502 -03.509 +07.475
+09.112 +01.658 +04.011
+06.971 -09.620 -06.191
+04.432 -06.832 -04.187
+04.621 -04.755 -04.817
+07.415 +01.598 +00.031
-01.913 +03.539 -01.449
-01.508 -07.373 -01.136
-04.805 +03.619 -00.555
+05.402 -01.094 -03.972
-00.874 +00.695 -08.465
-07.344 +04.985 +03.719
-07.313 +08.393 +05.848
-09.179 -09.767 -07.883
+00.461 +05.208 +04.500
-08.101 +05.303 +04.599
+08.491 -00.987 +04.505
-00.496 -02.358 +02.446
+09.103 +04.923 -07.159
-08.905 -01.082 +07.841
+00.769 -04.763 -02.886
-06.108 +03.424 +02.672
-04.403 -01.648 +09.657
+08.931 +03.852 +04.496
+04.882 -02.739 +02.679
-01.440 +01.772 -00.573
-08.145 +09.188 -02.874
+05.193 +07.922 -05.801
-05.615 -09.662 +02.150
+07.551 +01.985 -07.540
-02.849 -01.230 -05.381
+03.600 -08.128 +09.329
-09.801 +05.371 +04.771
-02.218 -07.808 -03.671
+08.341 +07.172 -05.214
+02.443 +05.532 -08.812
-09.279 -00.100 -08.837
-01.070 +08.514 +03.966
-07.489 +07.784 +06.895
-03.581 +04.089 +09.494
-03.529 +09.634 +04.894
-04.853 -03.675 +07.251
-01.858 -05.923 -07.913
-02.621 -00.977 -03.605
+05.200 +06.432 -09.555
-03.376 +07.923 -09.545
+06.752 -04.373 +00.308
+05.919 -03.004 -00.404
+01.739 -03.177 +00.091
+08.014 -03.678 -01.430
-04.030 +04.784 +01.435
+06.131 +02.036 +05.437
-01.750 +01.782 +06.530
+06.926 +01.818 +03.356
+03.102 +05.458 +06.521
+02.382 +00.619 -08.438
-00.975 +07.431 +04.186
+06.018 +08.734 -08.861
+02.153 -03.787 -04.787
-04.073 +09.180 -05.655
+05.255 +07.654 -08.958
+06.196 -00.482 +07.833
-04.112 +00.341 -04.381
-00.017 +07.831 -04.651
+02.580 +09.695 -02.928
+03.559 -02.652 +05.345
+09.295 -07.092 -00.238
-05.180 +07.372 +03.891
+04.542 -05.834 -01.423
-07.547 +01.265 +02.595
-01.947 -08.010 +03.743
+08.288 +06.667 -01.986
+03.734 -02.312 +06.649
-03.595 +08.313 +03.986
-09.953 -01.752 +08.604
+02.188 -08.912 +00.781
-05.599 -00.750 +06.259
-05.079 +07.135 -07.863
+09.715 +05.232 +08.796
+03.458 +02.701 +01.956
-06.167 -00.868 -05.633
-05.987 +02.601 -00.731
-03.601 +03.722 -03.267
-00.352 -00.719 -05.579
-00.584 -08.431 +07.287
-03.413 -03.386 -07.558
+00.375 -08.021 -04.057
+00.174 -01.654 -02.141
+00.066 +04.097 +09.313
-04.809 -07.698 -06.365
+01.761 +00.669 -09.294
+05.210 +07.628 -09.151
-01.778 -04.441 -08.864
+08.623 +06.884 -09.577
+09.548 +02.525 +05.695
+03.816 -06.396 +01.781
+08.770 -00.538 -02.448
+01.660 -03.895 -08.220
+06.295 +03.194 +00.098
-07.598 -07.552 -06.186
-05.047 -09.200 -02.145
+08.121 -08.388 +09.127
-05.435 -06.458 +03.759
-09.730 -08.113 -08.076
+04.275 +07.079 -06.553
+07.487 -07.037 +05.360
-09.188 -03.679 +07.479
-00.503 +07.050 -07.499
+04.735 -00.975 -01.716
+00.789 +09.545 +08.979
-05.825 -07.223 -09.207
-03.373 -04.637 -08.580
+03.738 +02.160 -02.193
-01.053 +05.553 +00.444
-04.101 -00.820 +07.337
-05.761 -00.714 -06.111
-00.118 -00.017 -00.933
+06.715 -09.723 -06.659
+03.566 -01.484 -03.854
+03.461 -03.096 -04.480
-02.535 -01.254 -02.446
-04.217 -06.624 +09.481
+01.434 -08.019 -03.205
+08.843 +09.731 -07.430
-05.341 -06.256 +03.214
-02.797 -02.783 -01.099
+04.899 +09.355 -01.312
+00.266 +05.512 -07.250
-04.201 -09.152 +02.031
-01.901 -09.751 +05.854
+09.960 +06.140 +06.128
+06.502 +04.693 -06.946
+00.745 -07.642 +05.588
-00.201 -08.557 -00.411
-01.328 -02.635 +02.061
+01.025 +00.684 -00.935
-03.825 +00.637 +03.222
+04.588 -02.030 +01.196
-05.092 +06.907 -02.930
+07.156 +04.298 +07.468
-07.561 +08.606 -05.623
-01.984 -08.548 +02.851
-06.623 +09.428 +02.664
+03.908 +00.922 +02.911
+00.314 +04.993 +02.370
+09.048 -05.506 +05.577
-00.482 +01.897 +06.453
-02.272 +01.775 +01.186
-02.516 +05.981 -09.305
+06.295 -04.639 -09.180
+06.485 +03.996 +00.228
+03.269 -02.463 -09.175
-06.606 +04.212 -06.723
+02.263 -08.412 -06.812
-02.967 -05.403 -06.048
-07.479 -06.589 -03.647
+06.777 +01.564 +04.802
-02.280 -08.280 +02.278
+06.108 -04.290 +03.687
+03.663 +03.595 +06.952
+06.814 -04.074 -01.948
-00.279 -09.239 +05.477
-03.211 -05.173 +02.037
+03.119 +07.086 -03.919
+00.978 -02.148 +00.919
-09.415 -05.804 +05.070
+05.688 +02.909 -04.858
-00.186 -03.117 +00.343
+07.428 +07.842 +07.334
-04.948 +09.397 +08.113
+08.750 -07.348 +09.759
-03.461 -02.333 -02.334
-00.479 -02.917 +08.355
-01.928 +08.101 +07.780
+04.885 -08.687 -02.887
+05.452 +09.844 -07.838
-07.485 +07.338 -01.022
-05.446 -00.434 +04.013
+09.134 +05.687 +08.959
+04.352 +06.586 -02.075
-09.559 +02.609 -07.782
-01.450 -02.060 -03.444
+09.765 -08.232 +07.851
+05.908 -05.239 +07.093
+00.084 +08.621 -04.513
-08.467 -07.137 -06.015
-01.062 +05.508 -00.986
+06.098 -08.658 +03.743
+05.047 -03.130 +03.466
-05.965 -02.538 -09.655
-00.307 +08.239 +00.177
-04.995 +09.804 -05.539
-02.773 -02.720 +04.514
+08.297 -09.430 -00.836
+04.834 -01.093 -03.664
-05.554 +03.860 -01.225
+05.943 +09.495 -03.877
+05.419 -04.773 +00.951
+03.432 +01.941 -04.188
-02.527 -09.842 +05.703
+02.849 -00.480 +00.751
-04.644 +00.779 +08.559
+00.565 -01.865 +03.127
+02.772 -07.155 +00.246
+07.537 +05.854 +06.995
-02.551 +03.292 -02.131
+09.824 -09.497 +07.728
+00.702 +08.082 -00.804
+09.762 +02.269 -03.137
+06.068 -02.659 -04.658
+09.190 +00.227 -06.286
+01.289 +08.798 -04.361
+04.703 -04.432 +00.909
+08.857 -04.460 +08.466
+04.605 +01.309 +05.901
+08.712 -09.827 +04.398
+07.365 +05.856 +05.516
-05.560 -03.444 -07.129
-08.553 -01.617 -00.708
-05.857 +09.722 +05.165
-03.365 -02.474 -02.473
+02.665 +05.368 -01.918
+08.014 +02.597 +04.178
+08.496 -04.954 -08.811
+05.018 -04.593 -09.515
-01.936 +01.427 +00.436
+04.803 -07.206 -07.801
-01.959 -02.723 +01.428
-02.093 +06.278 -08.130
+06.469 +05.121 +00.590
-05.013 +00.063 +02.711
-00.504 +08.691 -04.647
-03.909 +04.886 -01.410
-03.390 -06.751 +05.356
+07.912 +02.245 -09.201
-08.089 -04.855 +08.911
-08.877 +02.173 -03.751
-06.195 +06.915 -07.388
+04.517 -01.832 -08.075
-05.617 -05.981 -08.672
+04.779 +03.373 +03.097
+07.451 +08.353 -00.112
-06.921 +00.722 +00.383
-01.722 +01.769 -04.803
+01.034 +08.758 +08.506
-05.065 +07.212 -07.136
-08.513 +03.003 +00.759
+02.978 +05.497 +03.270
-05.738 +00.999 -05.265
+01.345 -07.121 -06.664
+04.006 +00.412 +03.550
+08.903 -05.987 +01.900
-06.272 +04.927 -04.543
+08.025 -05.779 -06.226
-08.497 +01.857 -01.612
-04.269 -00.230 -09.921
-04.479 -07.354 -08.203
+06.734 -08.148 +06.481
-08.163 +03.832 +04.645
-05.874 -05.983 -05.782
-07.704 +08.059 +04.928
-01.942 +05.225 +08.071
+08.593 +02.203 +03.071
-07.050 -03.060 -05.389
+02.009 -09.448 +08.121
+09.730 -00.234 -03.441
+01.888 -03.437 +02.619
+07.009 +06.407 -01.948
-05.256 +08.820 +02.442
-05.136 +00.315 -04.520
+01.460 +09.643 +01.463
+09.048 +05.590 -01.659
+03.993 +08.482 +02.212
+04.969 +01.506 +00.019
+05.353 -09.585 -02.575
-00.300 -09.214 -09.670
-08.423 -00.891 +03.927
-05.371 +00.225 +08.818
-08.470 -01.945 +07.049
-04.322 +03.707 +07.294
+01.781 +08.179 +09.237
+06.664 +01.877 +06.891
+05.637 +04.870 +08.403
+07.798 +06.515 +09.660
-04.410 +08.385 +02.893
+01.981 -08.590 +01.211
-09.166 +08.319 -00.030
+09.062 +04.336 -00.676
+05.910 -08.246 +02.071
-08.572 +07.609 +06.099
+03.107 -04.580 -06.128
-05.689 -00.211 +08.342
-01.171 -05.358 -09.952
-07.881 +05.423 +02.780
+05.271 +02.831 -06.820
+07.075 -00.055 +09.837
-02.342 -00.398 +00.483
+02.064 -05.464 -04.632
+09.746 +04.335 -02.832
-09.566 +03.820 +08.122
+07.154 +08.390 +04.440
-03.636 +07.841 +00.363
-07.489 -07.960 -06.745
-01.422 -03.176 +05.175
+09.800 -03.555 -04.443
+05.211 +00.536 +07.970
-07.505 +06.149 -04.359
-01.479 -04.900 -07.985
-09.473 -05.302 -03.314
-01.304 -04.803 -02.065
-02.661 -02.584 -03.671
+09.034 -07.243 +01.653
+06.040 +09.477 -07.927
+03.666 -07.149 -09.141
-08.713 -08.931 +08.953
+06.714 -07.751 +06.399
+04.249 +07.124 +02.525
-00.862 -07.487 +07.618
-02.413 -02.542 +08.270
-02.537 +06.840 -01.028
+00.499 +05.641 +01.871
+01.497 +04.897 +07.745
-00.748 -08.373 -05.682
+04.201 -07.229 -02.054
+08.939 -02.411 +08.894
+00.781 +03.040 -06.841
-08.946 -02.783 -03.687
+01.544 -02.148 -00.427
+02.464 -08.347 +04.605
+01.706 -04.047 -08.111
+02.948 +00.698 +05.045
+04.099 -02.500 -07.741
+03.657 -08.485 +06.669
-09.753 -04.104 -07.191
-07.752 -03.087 +07.725
-06.797 -04.619 +00.512
-00.038 -08.397 +06.717
-01.045 +03.340 +02.178
+09.424 +06.713 +01.008
-02.189 -01.900 -00.603
-06.777 +09.318 +08.887
-05.311 -06.573 +04.755
+06.838 +08.731 -08.312
-03.777 +09.869 -04.357
+00.701 -09.220 -09.455
+01.652 -03.380 +01.833
-03.030 +08.855 +02.798
+02.004 +01.034 -07.799
+08.868 +08.928 +00.656
-06.903 +09.699 +09.010
-01.667 +04.238 +07.208
+05.316 -05.027 +02.360
+08.411 -00.340 -07.993
-03.620 -05.659 +05.823
-08.279 -05.298 +02.278
-05.031 +00.435 -08.225
+00.369 +09.458 -08.290
+08.665 -02.913 +00.459
-08.260 +00.020 -00.910
+05.421 -08.907 -02.589
-05.516 +08.506 +05.888
-08.752 +08.664 +09.972
-09.938 +08.991 +06.575
-08.913 +04.806 -03.780
-00.411 +02.364 +00.202
+07.849 -05.477 -06.180
-09.836 +08.635 +06.586
+01.458 +07.634 +05.297
-05.435 -07.737 -00.621
+08.008 -02.773 +03.239
-03.596 +01.754 -07.131
-03.669 -09.413 -09.306
+09.026 +00.029 +09.491
-05.354 +03.938 +02.537
+05.923 -04.453 -07.238
-02.389 +02.199 -06.289
-06.622 +02.733 +08.460
+04.805 -06.252 -09.996
-09.648 +05.385 -03.656
+07.384 -00.164 +07.029
+05.437 -00.282 -08.319
-04.452 -05.043 -02.527
+04.718 -09.550 -02.546
+03.354 -00.227 +01.004
-09.080 +06.115 -08.499
-03.707 -05.816 +07.740
-01.948 +00.955 +00.556
-04.703 +01.929 +02.854
-05.941 +05.113 -01.164
+05.813 -06.541 -06.085
-02.812 -06.159 -06.110
+09.338 -03.608 -06.242
-01.006 +07.871 -08.763
-02.587 -02.723 +04.285
+01.108 +01.457 -01.113
+04.051 +05.967 +01.476
+00.932 -09.227 -03.159
-06.071 -04.662 -08.984
-02.070 +01.112 +05.857
-00.409 -07.922 +02.001
+05.755 +04.147 -00.842
+09.714 -03.823 +05.851
+04.799 +06.153 -02.862
-04.773 -03.918 +07.952
+06.614 +02.393 +07.050
-02.858 +02.503 +02.825
-03.600 +02.165 +00.091
-07.072 -01.023 +03.942
-00.311 -08.147 +00.440
+00.450 +08.526 +08.764
-07.246 +01.647 -04.090
+02.818 +04.616 +02.084
-09.371 -09.863 +06.974
+05.697 -08.235 +02.784
+02.818 -07.420 -00.506
+00.247 -04.001 +02.489
-04.999 -09.216 +05.276
-08.111 +05.154 +01.498
+08.210 -01.862 +05.285
-04.990 -01.337 +09.737
-06.560 +06.274 +03.717
+07.353 +06.361 +06.604
+05.960 -03.310 -01.830
+06.997 -01.936 -03.462
-07.263 -03.082 +01.301
+06.103 -00.736 +06.923
+00.992 -00.441 -06.245
-04.183 +07.532 -09.768
+03.495 +04.809 -04.167
+03.341 +03.956 -06.222
-04.640 +09.176 +03.332
-06.531 -00.369 -05.180
+08.731 +01.359 -05.692
-09.478 +01.174 -07.119
-05.592 +07.987 +07.535
-05.400 +03.535 -09.156
+08.255 +02.940 +02.687
+05.138 -09.593 -08.359
-01.289 -01.243 -09.026
+08.825 -02.935 +05.740
+04.155 +03.140 -03.725
-04.833 +06.085 -03.088
+06.734 +03.234 -01.304
-02.852 +09.373 -04.931
+09.737 -08.834 -09.683
+08.701 +08.629 -05.095
-02.772 +04.890 -07.465
-02.411 -06.285 +03.331
+09.463 -00.342 +00.853
+04.455 -09.541 +00.185
+03.846 -08.339 +01.715
+07.223 +03.366 +00.239
-05.099 -08.788 -00.647
+08.407 +01.551 +06.057
-01.442 -09.910 +09.719
-02.350 +09.572 +07.210
-02.275 +01.478 -04.765
-01.722 +06.228 -05.488
-03.227 +03.873 +07.314
+08.840 -07.453 +02.958
+01.048 -06.711 +09.215
+01.415 +04.937 +01.018
-03.891 +04.876 -05.642
+05.583 +05.082 +09.286
-04.815 +01.068 -01.274
+09.741 -02.424 -02.061
-09.030 -04.693 +03.455
+09.950 -09.939 -06.841
-04.343 -06.650 +07.427
-08.869 -04.612 +09.446
+09.867 +06.998 -07.949
-09.451 +04.693 +05.478
-04.319 -09.166 +04.023
-08.957 +05.269 +00.253
+04.616 -03.188 -01.266
+03.238 +08.178 +06.438
+00.993 -07.645 +09.202
+03.129 +01.726 -09.958
+06.635 +09.489 -09.958
-09.657 +04.748 +06.585
+09.623 -01.616 +00.991
-02.158 +05.020 +07.923
-02.693 +00.976 +05.144
-07.236 +08.465 -07.278
-07.278 -07.424 -04.688
+02.701 -04.965 +01.636
-03.918 -01.496 -08.184
-04.532 -01.590 -09.582
-07.784 -08.971 +09.375
+09.792 +00.217 -04.966
+02.077 -09.953 +07.959
+07.847 +08.188 -04.450
-01.116 -06.232 -01.936
-01.446 -07.121 +01.768
-04.662 +04.349 -09.499
+03.659 +05.088 -05.239
-05.542 -02.274 +07.370
-06.217 -03.240 +05.852
+01.007 -06.499 -02.692
+08.052 -05.458 +01.038
-08.863 -09.777 -02.303
+00.664 +06.628 -04.440
+06.350 -00.966 +07.590
+06.307 -01.152 -02.445
-02.296 +09.206 +07.226
+00.018 -06.980 +08.398
+01.266 +02.046 -07.568
+03.927 +09.793 +02.186
+02.827 -00.523 -05.879
-09.860 +06.558 -02.429
+04.685 -04.151 +05.137
+03.808 +09.151 +08.677
-09.171 +07.534 +03.393
+07.884 +00.704 -03.247
+06.267 +06.076 -07.698
+02.889 -04.571 +00.213
+06.377 +02.130 +02.813
-07.599 -03.048 -05.566
-02.722 -03.938 +00.411
+06.559 -06.423 -08.055
-02.581 -06.050 +06.093
-08.285 -07.485 +00.695
+05.518 -02.539 -06.284
-05.169 +07.342 -07.724
+00.664 +09.217 -01.213
+01.792 +04.897 -03.407
+09.037 -07.308 -00.723
-06.259 +00.905 -04.689
+07.128 -07.116 +02.993
+08.065 +09.255 +00.402
+08.403 +02.876 -07.346
+00.994 -04.241 +05.993
+03.668 -09.073 +03.772
-00.181 +00.388 -02.407
+02.381 -04.747 +00.123
+07.544 -08.016 +04.965
+07.993 -03.132 -06.951
+08.076 +05.880 +02.417
+02.719 +07.336 -02.601
-08.274 -00.199 +06.836
+06.974 -01.207 +09.597
+02.912 -02.065 +00.258
-05.244 -03.409 +00.722
-05.040 +02.438 -00.821
-07.263 -06.647 -05.285
+02.725 -06.165 -04.765
-09.078 +00.448 +02.062
-00.887 +06.848 -04.637
+07.613 +09.642 -05.727
+09.125 -08.013 -02.107
+07.245 +06.899 +04.203
-09.068 -08.065 +07.442
+09.909 -06.187 +00.129
+04.840 -03.121 -06.313
-05.533 -05.818 -03.775
+04.360 +00.065 -06.624
-03.517 -05.908 -09.866
-01.659 +06.641 +00.698
-03.964 -08.441 -07.023
-09.276 -00.486 +05.846
-02.535 -03.410 -03.961
-09.088 -04.459 +09.577
-04.567 -09.744 -06.030
+04.749 -07.399 +00.538
-03.637 -02.979 +04.452
-02.051 -02.039 +06.133
-07.002 -06.212 -07.724
-06.507 -03.465 +03.291
-07.410 -05.847 -05.139
+04.381 -03.033 +08.814
+05.112 -05.394 -06.652
+09.038 -09.023 +03.817
+07.418 -05.876 -01.424
+04.051 -02.382 -08.295
+07.681 +08.320 +00.901
+06.971 -08.680 -05.323
+09.142 -00.752 +09.184
+00.679 +07.838 +06.153
-07.503 -08.057 +09.689
+07.917 -07.238 +09.303
+03.929 +00.925 +09.175
-02.209 +03.043 -07.439
+04.756 +02.582 -07.738
-01.933 -00.316 +09.802
-09.266 +04.238 -08.692
-01.660 +03.937 -06.611
-08.102 +01.300 +09.051
+06.568 +05.632 -04.029
+02.250 +08.786 -01.436
-00.172 -01.331 +06.525
+07.830 +05.954 -00.345
+06.182 +08.530 -00.622
+01.240 +07.778 -08.270
+07.942 +03.743 -05.511
-04.838 +06.486 -06.175
-03.722 -07.353 +05.786
-09.356 -04.832 +09.030
+07.734 -01.678 +00.175
-09.239 +08.228 +07.307
+04.933 +03.966 +05.495
-05.005 +04.942 +09.917
+03.639 +08.915 +00.384
+08.445 +04.241 -09.826
-04.136 +03.703 +05.084
+07.116 -02.679 +00.430
-06.241 +03.722 -07.506
+04.978 +06.846 +01.004
+01.667 +07.163 -09.183
+05.198 +06.695 -07.678
-07.489 -01.704 -02.320
+05.917 +05.543 +04.533
-05.287 +07.330 +00.315
-01.377 -01.150 -07.832
+00.866 +05.361 +07.425
+07.122 -08.203 +04.154
-00.243 -00.531 -05.972
-04.410 +05.753 -06.742
+06.918 -01.016 +06.636
+08.997 -07.351 -03.526
-02.342 +03.302 +03.265
+04.250 +09.443 +09.958
-01.734 +00.683 +03.296
+09.701 -03.535 +09.640
-08.682 +07.621 -04.817
-04.044 +05.919 -09.714
+06.407 +05.673 -01.249
+03.457 +02.606 +08.540
-01.502 +01.775 +08.608
+02.038 +01.521 +04.031
-09.329 -00.343 -08.175
-08.431 +07.045 +07.638
+09.714 +09.274 +04.950
-02.966 +07.036 +06.522
-07.833 +02.523 -04.966
-04.586 +00.716 +01.511
+08.036 +09.203 -00.926
+04.200 -09.997 +08.317
+08.364 +08.490 -02.348
+08.066 -01.288 -09.613
-09.815 +08.665 -04.148
+05.538 -06.710 -04.279
-01.104 -06.647 +03.658
-08.851 +00.698 +09.196
-06.872 -09.119 -00.038
+06.342 -07.786 +06.819
-06.736 +00.263 -02.283
-04.265 -02.642 +00.278
-07.192 +04.731 -00.226
-03.742 +09.947 -02.047
-05.739 +07.038 -04.095
+03.054 -00.762 +03.072
-05.765 -04.773 -01.660
+08.039 -03.069 +09.529
+06.461 -01.009 +08.081
-03.223 -08.259 +01.147
+02.509 +08.170 +07.185
+03.602 -02.343 -09.300
+07.342 +03.939 -08.848
+00.520 +01.261 +05.996
+01.812 +03.396 +06.196
-09.861 -02.257 -04.946
+09.337 -01.560 -09.290
-04.302 -06.026 -04.171
+00.630 -04.636 -01.393
-07.382 +08.722 -06.455
-05.346 +03.642 -05.130
-06.916 -06.269 +07.663
+05.891 -01.091 +04.923
-05.547 +06.181 -01.872
+06.791 -05.098 -09.693
+03.711 +07.970 -06.629
+03.322 -02.337 -06.722
-04.515 -00.535 -07.866
-06.472 +08.179 +03.336
-05.921 +02.895 +08.863
-06.296 -09.733 -09.610
+09.639 -01.788 +08.344
-09.996 -05.783 +04.462
+02.237 -03.306 -06.253
-03.481 -06.268 +06.227
-00.823 -03.776 -03.008
+09.978 +00.044 +05.356
-07.141 +07.392 -02.424
-05.423 -06.053 -01.401
-03.195 +04.991 +04.129
+05.686 +00.828 +09.964
+03.715 -08.280 +06.854
-04.363 +07.163 -02.898
-00.217 -04.797 -06.901
+06.428 -04.757 +08.957
-06.820 +07.211 -07.921
+07.549 +03.888 +05.363
-07.178 -06.791 -02.244
+06.747 -02.242 -08.522
+08.612 +08.855 -09.516
-03.942 -02.092 -06.060
-03.479 -02.597 +05.397
-02.598 +07.643 -00.668
-04.044 +05.572 -07.431
+06.258 +08.089 -04.709
-08.734 +03.403 +03.880
-08.860 -08.378 +07.172
-09.191 -09.166 -06.438
+07.537 +03.384 -06.826
+01.436 +05.429 -01.759
+03.673 +00.336 -04.100
-09.250 +00.093 +01.958
-07.363 -08.975 +02.976
-09.202 +02.903 +00.885
+05.015 +06.792 -06.826
-04.160 -04.489 -05.326
-05.814 +04.667 -07.167
-00.537 -02.381 +01.436
+01.087 -06.528 +03.408
-07.399 +03.898 -04.471
-07.000 +09.804 +01.741
-02.796 +03.063 +01.456
-00.511 -05.690 +01.337
-03.769 +08.412 -03.485
+06.153 -09.088 -01.643
+00.217 +00.471 +09.560
+09.586 +02.479 -06.092
-01.390 +07.374 +05.102
-05.802 -05.683 -09.879
+03.045 +01.548 -07.122
+02.242 +05.307 -02.203
-05.618 -01.537 +03.089
+02.060 +01.332 -09.552
-02.512 +09.153 -02.468
+06.817 -07.333 +00.712
+04.181 +07.306 +04.219
+09.801 -05.558 +09.411
-00.704 -06.103 -08.215
-05.822 -07.253 -09.493
-05.194 -05.184 -09.045
-00.705 -09.221 -09.151
+07.085 -05.400 +09.101
+07.177 -02.309 +04.831
-08.161 -00.819 +02.239
+04.948 -08.242 -09.306
-06.334 -06.378 +07.278
-06.570 -01.659 +09.303
-07.467 -04.554 +06.634
-01.930 -07.826 +00.399
+04.338 +04.504 +04.121
-07.681 +04.491 -09.046
-08.791 +01.925 -03.650
-09.897 +03.565 +07.135
+05.607 +00.877 +00.375
+07.161 -05.507 -08.498
-08.572 -09.081 +02.177
+02.548 +03.318 -07.041
-05.548 -08.213 +09.705
+00.611 +06.854 -06.647
-03.268 -06.743 -05.783
+08.570 +09.130 -01.249
+04.267 -07.551 -04.070
-04.636 -04.710 +01.244
-03.578 +05.183 +01.014
-09.041 -01.968 -04.498
-01.912 -08.719 +09.956
+03.787 -01.889 -02.087
+06.457 -03.771 +03.986
-03.340 +06.039 -09.448
-01.793 +06.050 -03.544
-07.358 +07.851 -02.407
+05.400 +05.530 +09.318
-09.678 -02.163 +07.185
+00.430 -01.561 -01.557
-05.302 -08.377 -00.957
+02.251 -08.841 +03.146
+04.805 +04.258 -05.215
-08.093 +08.652 +02.080
-02.165 -00.162 -09.946
-08.172 -04.648 -00.262
-06.542 -02.024 +00.888
+03.957 +08.354 +03.998
-04.565 -08.173 -01.715
-07.059 -09.464 +09.508
-00.589 -08.209 +08.023
-04.321 -04.498 +01.487
-09.686 -04.393 -07.419
+09.855 +09.236 -04.175
-00.341 -00.210 -08.495
+03.788 +09.436 +00.736
+00.384 +01.322 -01.651
-07.929 -00.492 +08.625
+08.930 -07.847 -04.055
-01.418 +08.204 -07.809
+06.265 -08.330 -07.041
+00.741 +06.059 -02.970
-06.842 +09.098 -03.353
-03.973 +06.562 -09.692
+06.200 +01.736 -07.896
+05.659 +07.067 -08.757
-01.588 +02.696 -00.918
-00.110 +02.608 -07.640
-02.267 -07.646 +06.053
+09.740 +05.902 +08.177
+01.173 +00.290 +07.603
+06.306 -02.454 +01.706
-09.043 -08.823 +09.524
-03.061 +08.219 +02.290
+01.082 +01.771 -00.994
+08.208 +02.676 +07.935
-03.257 -09.632 -04.346
+03.402 +02.264 -00.009
+00.529 -08.082 +04.001
+06.354 -00.860 +09.722
-05.509 +09.272 +07.151
-02.338 -09.937 -06.220
-05.257 +05.354 -00.521
+03.104 +05.854 +01.327
-08.712 -09.100 -01.978
-07.508 -03.683 +02.103
+04.959 +04.612 +08.912
+03.233 -05.489 +06.807
-04.014 -00.549 -06.445
-09.147 -07.634 +09.749
+07.684 -04.006 -02.701
-09.051 -07.584 +02.077
+09.302 +08.667 -00.468
-06.682 +01.486 +01.448
+03.531 -07.780 -04.627
-01.739 +02.193 -04.350
+08.317 -04.602 -00.880
-04.627 +02.739 +02.669
-08.589 -03.366 -03.180
+03.673 -09.659 -02.145
+03.112 +04.889 -00.708
+08.564 -00.801 -04.485
+02.467 +04.556 -02.821
+02.618 +08.693 -00.285
-09.283 -00.294 -03.130
-01.054 +01.692 +02.027
+08.782 -02.000 -09.974
-01.191 -02.480 -02.631
+02.226 -00.533 +09.372
-04.051 -08.016 -02.368
+03.159 +05.560 -06.814
+01.135 +00.309 +01.302
-00.859 -01.342 -07.003
-02.491 -07.160 +02.014
+00.942 -03.129 -07.227
-08.232 -00.917 +00.459
-09.800 -02.659 +02.701
+09.962 -05.084 -07.336
-01.608 +09.331 +06.428
-01.269 +05.713 +08.079
-03.930 +07.818 +00.660
-09.173 -07.991 -09.388
-05.349 +07.568 +03.500
-06.126 -07.867 +04.979
+07.907 +01.445 +03.358
-07.498 -04.277 +05.787
-09.974 -05.121 +08.091
+00.654 -03.471 +02.984
-07.151 +09.668 -07.580
+02.051 -00.725 -00.033
-06.848 +09.618 +04.168
+02.062 -03.382 -03.226
+07.197 -01.798 -01.033
-05.426 +05.380 +01.412
-01.332 -08.938 -03.035
+03.308 -02.837 +04.690
+02.489 +03.006 +02.317
-05.020 +04.600 -04.800
-01.276 +06.429 -08.106
+07.228 +02.238 +05.040
-06.843 +04.336 -08.634
+00.684 +00.430 -04.860
+05.696 -05.829 -05.108
-00.943 -09.846 +09.407
+01.591 -03.581 +02.094
+04.811 +02.039 -03.500
+00.025 +07.954 -08.787
-03.324 -06.806 +09.872
-09.160 -04.036 +05.880
-07.430 +06.807 +00.568
+05.415 +05.030 +08.127
-02.851 -03.436 +01.915
+02.652 +02.334 +09.925
-00.669 -05.603 -02.039
+02.782 +06.143 +03.700
-05.687 +09.871 +08.332
+03.598 +04.708 +07.829
+08.390 -08.700 +01.723
+04.187 +05.440 -07.689
+03.236 -06.938 -02.352
+04.897 -09.826 +06.089
+09.641 +04.233 -07.706
+02.346 -08.226 -05.708
+09.219 +08.594 +08.740
-04.882 -09.373 +05.636
+03.279 -04.939 -04.595
+09.974 +07.422 +05.842
+05.206 -05.919 +06.581
-05.106 +05.949 -02.869
-05.176 -06.192 -08.332
-01.402 +00.659 -07.907
-06.814 +08.787 -09.885
-07.971 -04.752 +04.272
-07.133 +08.484 -09.904
-08.900 +05.584 +07.638
-05.498 -03.144 +06.468
+01.435 -03.133 -04.184
-05.900 -04.416 -02.160
-06.664 -06.532 -03.583
-06.405 +07.209 +09.574
-00.019 +01.190 -04.837
+07.481 -03.408 +00.835
-09.955 -03.086 -05.230
+07.243 -04.194 -08.519
+07.106 -07.167 -07.740
-03.931 +03.604 +07.366
-04.804 -09.392 -03.376
-00.565 -04.763 -02.355
-07.374 +06.920 -01.069
-03.456 +09.190 -04.532
+08.039 -06.300 -05.470
-04.958 +04.976 -00.032
-07.522 -03.169 +03.285
+08.250 +02.993 -03.592
+04.968 -05.719 -06.002
-00.614 +06.988 -05.367
+04.220 -03.687 +08.211
+07.568 +04.669 -09.632
+07.439 -08.157 +04.350
+08.926 +04.871 -05.392
-06.548 +00.859 +01.855
-09.976 -05.367 +09.802
-07.196 -09.161 +00.211
-00.433 +08.809 -00.624
+05.960 +09.694 -03.113
+00.464 +06.356 -06.822
+00.384 -05.364 -04.157
-04.368 +03.367 +06.222
+09.365 -09.432 -07.355
-07.735 +08.136 +08.075
+00.918 +09.383 +00.722
+07.045 -04.292 -05.602
-03.546 +03.119 -06.090
-06.745 +02.160 +04.506
+03.342 -07.877 +08.513
+05.685 +08.251 +07.923
+04.871 -08.975 +00.262
+09.058 +00.189 -04.231
-09.011 -01.592 +09.615
+05.012 -06.438 -01.539
-09.696 +01.208 -09.575
+01.479 -01.283 +08.244
+09.593 -07.239 -07.323
+04.113 -03.261 +02.152
+05.018 -06.491 +01.833
-04.549 -02.198 +04.433
+00.166 +00.300 +09.441
-02.066 -05.108 -07.320
-07.070 -06.893 +09.310
-01.311 -07.684 +08.696
+01.598 -08.706 +03.659
+09.476 -05.513 +03.898
-09.542 -08.979 -04.674
+02.917 -09.938 +00.172
+05.616 -06.975 +09.379
-01.157 -07.047 +08.509
+06.847 +03.564 -05.661
+04.852 -01.579 -06.746
-01.193 +04.453 -07.052
-00.610 +00.648 +02.174
-03.149 +06.902 +03.784
+01.407 +08.851 -09.792
-08.097 +06.218 -03.849
+06.881 +01.216 +04.163
-09.106 +04.370 +07.427
-03.982 +05.019 +08.602
+00.037 +08.863 +05.728
-00.953 +02.207 -02.793
+08.531 -00.548 -07.631
-09.040 +04.466 -07.885
+02.240 -09.408 -04.329
+04.484 -09.494 -05.131
+06.580 +08.488 -07.652
+07.505 -02.266 -04.778
-04.001 -06.519 +04.313
+00.017 -03.962 -03.098
-03.021 +00.357 +03.580
-07.301 +04.329 +02.527
-09.905 -04.585 +05.466
-05.015 +02.741 +05.758
-02.229 +08.757 +06.708
+00.793 -01.567 -01.054
-09.059 +08.246 -00.856
+00.855 -05.025 -05.537
-04.144 +01.620 +07.768
+01.881 -00.727 -04.775
-00.646 +07.898 -08.236
-03.185 -06.725 -05.072
+03.631 -06.657 +07.381
-00.291 -01.117 -02.331
+04.641 +06.983 -06.314
+05.235 -00.654 +06.876
+03.157 +00.220 -08.228
+05.135 -06.936 -05.509
-04.758 +06.145 +04.986
-02.510 +06.825 +09.378
-07.379 -07.601 +06.410
+09.641 +09.543 +07.015
-03.493 -04.193 +01.177
+06.521 +05.514 -09.164
-00.815 +08.981 +01.110
+09.626 +04.492 +07.402
+06.034 +06.849 -09.843
+05.713 +08.834 +08.046
-04.960 +01.289 -04.654
+05.440 +04.213 +09.457
-01.590 +00.121 +00.546
-00.836 -06.078 -03.219
-09.167 -06.943 -04.241
-00.465 -02.019 -04.703
-01.389 -00.117 +09.932
-07.785 -00.645 -05.256
-06.761 +04.133 +08.657
+05.371 +04.293 -00.577
+03.680 -05.944 -03.704
-09.120 -04.221 +04.375
-05.713 +00.770 -07.875
+04.475 -07.768 +06.770
+01.889 +05.141 -05.154
-09.738 -04.239 -02.648
-01.226 -07.081 +00.212
-02.581 -00.253 -08.686
-03.665 -04.974 -03.447
+03.919 -05.125 -08.274
+09.832 +03.740 -07.128
+02.730 -04.372 +03.230
-08.393 -06.954 -09.686
+09.492 +09.463 +03.277
-08.962 -01.801 +01.454
-06.405 -05.459 -01.107
+03.787 -04.244 -05.081
-08.119 -06.028 +06.074
-01.224 -02.241 -00.945
-00.502 +07.745 +02.701
+08.777 +03.337 +01.113
+07.073 +09.318 +03.928
-08.119 -00.974 -06.198
+00.738 -00.007 +08.102
-02.655 -07.991 -08.042
-05.700 -08.118 -06.720
-07.274 +05.338 -03.515
-09.862 -02.956 +02.000
+00.987 -01.865 -07.587
+02.257 +04.437 -02.251
-07.289 -07.886 +05.448
+07.554 +04.115 +00.676
-03.475 +03.969 +02.944
-01.193 +03.802 -08.944
-08.814 +08.059 -01.571
+07.567 +09.667 +02.584
-08.020 -02.214 -01.815
+07.835 +01.042 -08.353
+04.839 -06.614 +03.525
+05.311 +08.837 -01.057
-02.423 +01.229 +09.476
+08.807 -02.462 -03.585
-08.666 +08.756 -07.726
-07.001 -08.509 -09.507
+03.074 -02.871 -01.258
+08.830 +00.305 -08.365
+03.287 -08.237 +03.463
+07.721 +09.511 +04.823
+05.831 -05.725 -02.306
-07.298 +05.935 -00.780
+00.429 -03.253 -02.007
+06.836 +09.380 -03.891
-06.728 -05.607 -03.493
-09.543 -00.265 -03.956
-02.279 +09.963 +01.158
+05.723 +02.110 +02.798
-00.748 +03.526 -05.529
-00.894 +00.735 +01.584
+03.978 +06.288 -07.569
+06.332 +05.935 -05.579
+01.066 +05.313 -05.258
-02.830 +06.029 -02.311
-04.639 -07.869 -01.389
-06.367 +08.565 +05.547
-02.660 -06.653 +02.009
-09.618 +06.485 -01.432
-04.495 +04.400 -05.959
-04.498 +03.166 +03.663
+07.901 +07.485 +03.761
-07.361 -06.252 +06.996
+02.986 +00.457 +09.165
+02.929 +05.402 +01.170
+01.316 +06.684 -02.106
+05.083 +08.353 -03.362
+08.264 +05.065 +02.134
+08.282 -08.166 -06.189
-01.273 -09.403 -04.162
-05.844 +09.286 +04.158
-01.545 +06.632 -02.077
-03.970 +01.397 -06.178
+02.172 -04.024 -07.207
-09.052 -00.871 -00.037
-07.317 +01.886 -03.669
+07.862 +00.177 -06.149
-04.225 +02.320 +09.298
-02.438 +04.421 -09.272
-08.173 -02.439 +03.433
-02.105 +09.028 +09.481
+05.913 -01.760 -09.437
+03.729 +06.513 +00.763
+00.448 -08.261 -00.868
+03.945 +01.842 -00.616
-01.143 -06.614 -03.964
+02.412 +07.086 -07.559
-02.842 -00.066 +04.992
-09.523 -01.933 -04.408
-07.760 +04.793 -05.499
-04.151 -01.053 +08.405
+00.957 +09.882 +09.347
-02.450 -06.295 -04.269
+04.501 -01.964 -08.290
-07.099 +06.236 -01.327
-06.734 -03.085 +08.486
-04.001 +04.499 +02.371
+00.820 +06.083 +05.885
+04.486 -02.863 -09.162
-09.269 -05.895 -00.116
+03.363 +05.937 -00.339
-01.254 -03.759 -03.092
-05.358 +03.166 -01.152
-06.359 -04.519 +02.573
+08.193 -03.701 +06.696
-00.570 -04.634 -00.285
-00.084 -02.668 +03.690
+09.053 +00.521 +02.915
+01.028 -07.283 +07.888
-00.113 +04.721 -05.787
+05.993 -03.556 -01.245
-07.240 -04.434 +09.968
-09.731 +01.535 -07.341
-02.405 -01.527 +01.032
-04.338 +05.677 -03.192
-07.549 +00.590 +01.811
-04.720 +09.761 -06.471
+07.774 -06.496 +07.233
+08.610 -01.248 -02.630
+04.798 +09.421 -08.723
-08.432 +02.228 -00.816
-07.054 +07.472 +02.274
+07.206 +07.820 -00.104
+01.633 -01.815 -06.935
-00.628 -06.441 +07.066
-02.725 -07.442 +01.895
-04.969 -03.049 -03.606
+02.225 +05.873 +06.325
+01.356 +02.285 +09.207
+02.506 -09.137 +09.591
-03.775 -03.196 +04.742
+00.660 +06.007 +07.942
-04.072 +08.763 +00.543
+03.073 +07.373 -06.002
+09.134 +05.970 -01.602
+03.014 +09.540 -04.189
+05.380 -09.887 +04.508
-03.604 +09.008 +02.968
-00.263 +03.584 -02.761
-01.948 +08.056 +00.414
+01.564 -08.075 -00.082
-03.260 -02.884 -04.242
+00.909 +06.767 +06.059
+08.957 +07.878 -05.269
+01.724 -08.846 +00.989
+05.103 +04.981 -05.134
+07.083 -04.849 +08.038
-06.801 -03.514 -00.325
-04.016 -00.883 +03.858
-02.930 -08.010 +09.134
+04.320 -01.589 +09.363
+07.222 -02.168 +08.835
+05.161 -05.741 -04.772
+05.355 -01.007 +08.590
+02.914 +00.838 +08.365
-03.577 +05.019 +07.186
-07.383 +09.715 -04.996
+07.151 -00.259 +03.550
+01.539 +04.827 +00.640
-01.393 +00.988 -01.482
-00.302 -04.480 -08.748
-06.054 +06.558 +05.762
-00.930 -08.217 +01.185
-01.016 +04.248 -06.560
+09.169 -05.081 -09.028
+01.918 -04.804 +01.108
-08.926 +09.589 +05.453
-05.597 +08.331 +05.381
-00.438 +07.443 -08.861
-00.279 +09.845 -02.793
-04.804 +03.125 -08.086
-02.929 -02.199 -04.265
-03.473 +07.738 -07.180
+04.671 +08.349 +03.990
+06.258 +01.959 -02.703
-06.221 -09.572 -04.694
+03.871 +06.389 +00.054
+03.231 -07.231 -05.686
+05.727 -06.740 -01.080
-07.989 -04.961 -07.350
-05.411 +06.048 +04.609
-05.339 -08.387 +07.459
+05.010 -05.257 +07.867
-08.468 +06.584 +00.887
+05.471 +09.130 -00.507
-03.180 -01.699 +03.366
+03.251 -03.132 -01.970
+08.523 -07.951 -06.734
+01.192 -06.487 +06.636
-05.961 -09.980 +01.629
-01.113 -09.590 +04.176
+01.996 -07.710 +03.606
-00.808 +07.384 -05.539
-03.684 -06.665 -08.995
-06.436 +01.000 +03.715
-08.128 +00.451 +05.165
-03.327 -02.552 +07.531
+08.321 -04.949 +08.856
+06.008 +04.568 +07.610
+00.501 -03.661 +07.865
+00.763 -08.993 -04.157
-07.687 +07.804 +08.748
+08.468 -08.197 +06.536
+00.816 -01.584 +00.773
+03.391 +02.795 -01.978
-04.136 -04.543 -07.989
-05.201 -02.729 -07.068
-01.883 +02.076 -08.605
-04.375 +08.696 -07.018
+01.515 -04.292 -02.353
+09.948 +02.087 -00.883
-01.011 +06.696 +00.687
-00.983 +09.512 +07.400
+07.511 -07.790 -07.095
+00.308 +09.872 +09.175
+06.813 -06.173 -02.994
-05.139 -02.284 +02.824
+01.506 -04.939 +00.466
+08.653 +06.562 -05.034
+00.363 -08.310 -08.173
+01.921 +06.053 -03.429
-05.105 -06.212 +02.891
-05.622 -07.445 -06.913
+08.702 -07.907 +00.720
+05.214 +08.841 -05.652
-06.858 -03.454 -06.090
+04.755 +04.691 +07.485
+05.897 +01.248 -06.915
-01.053 -01.774 +09.179
+05.273 -08.727 -06.240
+06.660 -07.928 -08.566
+07.091 +01.359 -07.468
-01.113 +00.280 -09.681
+07.161 -05.116 -07.347
+08.593 +06.372 -03.736
+04.225 +07.036 -03.981
+09.623 +04.868 +07.061
-04.604 -07.884 +09.763
-03.185 +01.904 +01.451
+00.821 -08.160 +03.502
-03.711 -04.563 -06.939
+01.887 -08.618 +07.276
+09.708 +05.609 -01.683
+06.898 +05.041 +06.181
+03.447 +09.849 -02.153
-01.313 +07.825 -00.741
+05.163 -03.971 +04.920
-04.521 -09.334 +08.496
-01.534 -04.507 -00.057
-00.019 +00.016 -06.423
+03.698 +09.001 +08.227
+07.742 +08.792 +06.005
-03.123 -07.175 -07.603
+08.369 -01.152 +06.701
-02.788 -08.708 +00.945
-03.269 -01.925 -09.843
-02.989 +00.213 -05.238
-04.557 +01.750 -02.220
+00.807 -07.942 +06.850
-03.452 -05.289 -00.240
+04.082 -04.961 +07.202
-04.503 +06.491 -07.093
-06.979 -05.309 -01.065
-09.687 -03.522 +09.081
-06.931 -02.339 +02.424
+00.684 -08.621 -05.988
+06.051 +02.143 +04.657
+03.687 -07.017 -09.907
-00.247 +02.285 +07.921
+03.486 +05.413 +01.649
-05.202 +08.039 -00.455
-06.389 -05.792 -07.987
+03.862 -06.895 -09.887
-06.075 -01.904 +03.247
+03.388 +05.107 -08.847
+00.850 -07.879 -01.923
+00.764 +08.940 -00.425
+09.325 -07.893 -02.900
-02.252 -02.020 +02.821
-00.370 -09.164 +01.183
+00.405 +04.767 -08.337
+08.095 +02.651 +08.401
-09.704 +04.326 -07.445
-06.794 +09.490 -01.812
+09.443 -04.884 -00.943
+03.006 -09.706 +00.500
-01.963 -02.641 -00.868
-08.154 +09.949 -08.017
-06.309 -04.037 -00.189
-04.301 +07.427 +08.141
+06.710 +02.180 +01.727
+08.966 -07.354 -00.367
-01.104 +01.658 -00.129
-01.511 +01.886 +06.792
-05.750 -05.418 -05.211
-05.432 +07.058 +05.973
+03.321 -07.449 +07.416
+01.117 -02.270 +08.814
+02.840 +03.680 +00.079
+05.675 -06.229 +03.746
+05.037 +01.298 -00.430
+03.808 -01.222 -00.662
-01.137 -09.639 -00.234
+00.840 +07.594 +07.896
-01.292 +06.202 -02.264
+01.598 +00.568 -09.334
+02.680 +09.331 -07.981
+07.844 +00.398 -07.543
-05.193 +04.651 -04.602
-03.346 -03.738 -03.250
+05.933 -04.412 +09.686
+09.345 -05.190 +03.961
-04.878 +05.020 -09.839
-05.191 +02.611 +07.125
-03.635 -00.832 +04.040
+04.776 +08.517 +06.826
+07.873 +01.231 -06.931
+04.317 +07.787 -04.401
-06.436 -08.639 +09.687
-03.524 -04.662 -03.375
-02.610 +00.245 -04.794
-09.263 -07.311 +09.018
+05.795 -06.622 -01.811
-02.983 +07.645 -03.648
-09.214 -02.316 -09.338
-07.732 -02.637 +05.485
-07.060 -08.985 +05.500
-04.748 -03.926 -00.784
+01.157 -07.945 +09.124
-01.448 +00.707 +01.116
+09.721 +04.578 -06.545
+05.316 +07.840 +00.471
-01.151 -09.545 -06.665
+05.842 -02.816 +09.629
-02.567 -05.416 +03.513
-00.318 +02.614 +03.422
-00.059 +05.582 +01.620
+00.947 +00.735 -09.327
-07.795 -05.723 +04.735
+06.849 -03.965 +07.282
+00.757 -03.992 -05.565
-08.561 -00.053 -02.393
-01.473 +05.652 -07.197
-09.551 -07.696 -00.440
-08.779 +05.831 -03.719
-02.892 -03.944 +04.778
-00.046 +02.268 -09.213
-09.897 -00.147 +09.654
-09.182 +07.512 +00.855
-03.760 -03.997 +01.780
-05.825 -01.590 -00.361
+09.340 +03.390 +00.545
-09.082 +04.964 +00.269
+06.993 -01.788 -02.345
+02.510 -05.697 +09.694
-01.981 -03.596 -05.763
+01.693 -04.533 -03.550
-02.445 -04.831 -01.868
-05.642 +09.277 +09.368
-00.550 -07.940 +04.571
+06.856 -07.130 -06.739
-09.612 +00.849 -08.430
-08.595 -01.230 +08.804
-09.429 -03.170 -05.574
-01.512 -06.847 +05.348
+07.493 +05.245 -06.526
+07.182 -09.814 -03.504
+03.150 -00.007 -04.376
-02.992 -09.855 -08.529
-06.402 -05.114 -06.086
+07.180 -08.425 +02.189
-06.644 -07.603 -04.571
+05.358 -08.771 +08.658
+03.045 +05.708 +02.957
-04.790 +07.069 +03.786
+07.482 -04.161 +09.510
-07.849 +03.158 +01.391
-02.175 +03.590 -06.409
+07.072 -07.083 -08.514
+01.987 +09.942 -07.772
+00.116 +06.316 -09.733
-09.900 -00.374 +05.783
-00.067 -05.789 -05.964
+07.723 +01.287 -04.995
-09.744 +09.411 -05.676
+05.952 +01.500 -05.897
+00.935 -04.153 +01.419
+01.576 -07.195 +01.244
-06.689 +03.859 +00.012
+04.901 -07.529 +04.000
+06.232 +07.178 +08.501
-09.757 +04.715 +08.294
-07.495 -07.264 -05.977
-02.277 -09.435 -08.714
-05.251 -07.287 +00.670
-04.163 -05.697 +00.201
+09.016 -04.963 -04.635
+02.115 +07.278 -06.394
+05.406 -09.088 +06.008
+04.347 +09.154 -04.241
+03.141 +06.013 +08.775
-00.387 +00.693 -03.642
-09.714 +00.074 -07.046
-04.488 -02.752 -07.620
+08.601 -00.077 -03.052
-09.023 +00.145 +01.961
+04.350 -03.862 +03.302
+06.905 +00.164 -04.690
-08.373 +00.105 -06.872
-08.261 +06.990 -04.126
+02.754 +01.903 +03.147
+07.098 -07.512 +07.137
-00.237 -06.336 +04.189
+05.866 -02.044 +02.730
-03.426 +05.915 -06.822
-03.288 -06.234 +05.493
+09.856 -09.546 -04.699
-03.904 -03.354 +06.741
-02.505 -04.261 -06.186
-03.790 +06.215 -05.032
+00.351 +03.519 +04.259
-06.982 -01.870 -03.680
+07.232 +05.027 +03.433
-02.273 +03.314 +03.394
-05.351 -04.803 +05.232
-03.220 +01.472 +08.966
-07.424 -05.205 +03.194
-07.899 -04.545 -05.226
-04.737 +06.080 -09.124
-02.583 +00.465 +02.819
+04.183 -06.780 +02.988
+02.601 -09.554 -01.190
+05.125 -05.850 +02.468
-02.283 +01.472 +05.284
+09.613 -09.874 -06.179
-04.165 +09.420 -02.760
+09.542 +05.147 -01.080
-01.284 -06.576 -07.746
+02.039 -00.009 -00.977
-03.592 +03.234 -05.771
-06.671 +09.429 -07.673
-01.852 +05.731 -09.735
-04.755 +03.870 +09.498
-08.376 -01.031 +06.416
+02.191 +00.178 -06.318
-00.186 -08.042 -07.878
-06.651 -08.862 -00.226
-02.632 +03.911 +06.775
+04.234 +00.103 +07.573
+05.105 -08.818 +02.282
-04.368 +02.590 -07.293
+08.873 +07.819 +09.633
-05.121 -00.891 -01.650
+03.185 -07.196 +02.651
-00.459 +04.319 -01.866
-05.011 +04.712 -03.449
-04.017 -00.706 +03.864
+01.826 +05.677 -06.197
+06.886 -04.256 +04.388
+09.226 +05.073 +00.797
-04.121 -08.889 -08.078
-08.741 -05.623 +04.823
+05.725 +04.864 +06.550
+04.354 +05.854 +04.017
-06.990 -01.333 -06.891
+03.143 +08.175 +06.567
-04.540 +02.512 +04.570
+01.888 +03.586 -01.074
-02.496 +00.241 +07.009
+09.972 +08.773 +01.512
+03.242 -00.651 -09.575
-04.813 +02.038 -03.635
-06.015 +08.940 +06.653
-03.622 +02.030 -03.613
+09.076 -03.462 +07.261
-06.772 +07.226 -00.379
-01.943 -07.984 -05.363
+09.341 -07.245 -04.435
+09.841 -09.946 +01.315
+07.030 +06.745 +04.004
+01.512 +05.794 +08.963
-07.707 -00.768 -03.912
-06.202 -04.790 -01.832
-03.795 +04.576 +04.471
+06.087 +03.437 -02.736
-08.262 +02.425 -06.824
-07.285 -04.534 -02.930
+00.106 -04.443 -04.246
-08.945 -09.456 +07.553
+06.242 +04.054 +01.859
-03.139 +09.344 +06.144
-07.930 +04.082 +08.472
-05.199 +01.685 +07.563
-01.988 +01.647 -08.088
-08.380 +06.309 -06.690
+07.003 +04.395 +05.019
-07.677 +09.155 -00.614
-06.539 +07.248 -03.159
+06.687 +06.423 +08.376
+07.690 +03.984 -05.954
+00.314 +05.011 +02.821
+07.365 -09.021 +01.470
+07.259 +00.901 +04.965
+07.730 +05.098 -04.525
-00.277 -06.404 -05.131
-09.857 -07.605 +04.102
+01.518 +05.854 +02.899
+00.753 -05.227 +06.115
-01.150 +07.533 +04.324
+00.196 +01.138 +06.379
-09.506 -02.386 -08.615
+02.376 -03.068 +07.355
-09.532 -05.465 +02.281
-00.673 -01.208 -08.395
-08.772 -00.094 -06.573
-07.846 +05.537 -05.506
-02.367 -07.487 -04.875
+02.460 +06.080 -09.895
+06.449 -09.385 +01.494
+03.474 +05.365 -07.179
-08.749 +03.528 +04.319
-02.686 +00.732 -08.427
+05.890 +09.387 -08.705
+07.488 -06.861 -06.797
-03.353 -09.418 -05.982
-00.698 -08.937 -01.131
-04.255 -08.639 -00.073
-02.894 +08.382 -01.435
+07.661 -03.802 -03.088
-09.980 +09.505 +05.188
-07.716 +09.926 +05.188
+07.380 +00.213 -02.969
+05.283 -09.554 +02.789
+00.893 -08.350 +07.861
-07.037 +03.546 +01.999
-06.002 -05.799 -01.805
+00.095 -02.699 -01.244
-02.235 +04.431 -02.274
-07.856 -00.492 -05.231
-00.611 +01.373 +08.122
+06.485 -04.862 +03.357
-00.914 +04.205 +02.651
-05.110 -08.610 +09.343
-07.599 -02.907 -01.470
-01.800 +02.650 +05.175
+01.044 +03.478 -00.661
+05.673 -07.220 +02.716
-07.052 +00.965 -06.067
+07.650 +09.193 +02.247
-07.348 +07.717 +06.906
+07.154 -08.862 +01.054
-03.031 +06.968 +03.586
-08.529 -05.506 +04.077
-00.365 +05.831 -04.509
-03.420 +03.565 -06.773
-09.144 +01.431 +05.794
-06.829 -03.760 +06.324
+04.366 -05.631 -02.088
+09.041 +05.577 -02.110
-07.308 -08.610 -01.688
-06.025 +05.191 +03.267
-09.250 -08.934 -02.136
+01.446 -06.775 -00.448
+01.551 +03.504 -05.766
+07.220 -02.291 -01.079
+09.736 +09.308 -05.112
-01.945 -01.951 -07.040
+05.295 +08.077 +09.733
-02.672 +00.604 +01.623
-06.793 -07.604 +00.269
-05.094 -08.488 -05.950
+08.704 -04.863 -04.402
+01.306 +09.169 +02.809
-02.917 -06.617 +02.200
+05.308 -09.464 -06.606
-06.726 -05.791 +01.166
-01.276 -04.804 +01.997
+08.725 +01.876 -05.141
-02.153 +09.766 -07.089
-08.599 -08.266 -05.924
-04.244 -03.711 -05.221
-03.451 +01.999 +01.972
+03.738 -02.752 +08.727
+05.392 +02.012 -02.172
+04.301 +02.988 -04.770
+05.170 -00.288 -06.419
+02.828 +09.485 +04.891
+00.473 +03.184 +02.334
-01.714 +07.491 -02.068
+02.858 -05.389 +06.938
-00.678 -06.727 +00.593
+02.115 -04.270 +05.437
+04.797 -05.882 +06.563
+02.609 +03.028 +09.278
-09.587 -00.423 +00.723
+09.515 +04.947 -04.522
+06.784 +00.793 -03.525
+02.084 -06.739 -04.990
-02.413 -03.833 +06.181
+03.880 -05.905 +05.385
+01.845 -00.630 -05.681
-05.368 +08.521 +05.021
+06.275 +03.348 +05.253
-04.013 +08.801 -08.454
-03.817 -09.248 +02.367
+04.188 +02.870 -05.737
+08.147 -00.764 +02.673
-06.495 +01.945 -05.731
-02.366 -06.220 -06.507
+03.924 -00.652 +03.242
-01.407 -04.165 +07.495
+05.897 -03.991 -01.918
-03.278 +04.898 -07.496
+06.327 +03.867 -05.037
-02.470 +01.016 +09.091
+08.076 +00.176 -01.707
-07.497 -01.969 -01.711
-08.611 -09.774 -01.871
+01.107 +08.746 +01.025
+01.222 -08.212 +06.376
-01.266 -03.677 -02.049
+04.210 -06.526 -00.591
-09.863 -07.370 -06.913
+02.747 +06.218 -07.214
-06.707 -08.333 +06.133
-06.157 -04.593 +01.975
+03.597 -09.791 -09.897
-08.044 -09.696 +04.127
-01.490 +08.114 +08.271
+07.235 +02.499 -02.866
-07.456 +00.663 +06.579
-08.619 +07.508 +05.829
+07.466 +09.567 +01.934
-04.554 -08.980 +08.322
+07.106 +01.737 -02.882
-07.890 +00.121 +08.040
+06.118 +06.554 -04.654
-01.376 -02.595 +04.909
+09.260 -08.586 +09.352
-09.335 +08.165 +09.132
+08.276 -00.191 +06.581
-07.404 -04.146 +05.474
+07.371 -02.670 +05.914
-06.380 +08.504 +02.695
+03.102 +09.466 -07.370
-09.193 +07.371 +08.616
+09.038 -01.889 +04.570
+02.154 -05.257 -00.521
-03.817 -03.823 +03.424
+08.261 +08.950 +04.050
+07.825 -00.728 +04.130
+09.729 +03.528 +02.789
+02.662 +02.366 -05.509
-08.905 -08.945 +01.412
-08.273 +09.693 +07.958
+03.231 +04.970 +08.005
+09.809 -05.093 +01.819
+05.220 -06.295 -05.274
-01.640 +07.433 -08.813
+02.097 -02.831 -01.885
+00.352 -08.770 -01.639
-00.826 -00.047 +02.923
-00.491 -08.644 +03.231
+09.860 -06.619 -02.999
+06.893 +04.934 +03.302
+08.215 -09.667 -08.748
-05.567 +02.189 +05.475
+07.049 +08.335 +02.789
+02.077 +06.148 +03.926
+00.910 +04.534 -06.339
+04.122 +05.020 +02.480
-02.424 -04.607 -05.949
+00.453 +00.760 +08.197
-07.275 -07.504 +06.956
+03.266 -02.917 +03.228
+01.847 +06.635 -08.879
+02.692 +04.749 +03.354
-02.825 -01.572 -00.390
+02.790 -06.951 -09.909
-01.264 -07.794 -08.139
-00.579 -09.743 +05.775
+08.752 +08.514 +09.692
-02.386 +07.263 -00.399
+00.245 +08.341 -04.418
+02.237 +08.586 +02.197
-04.966 -04.482 -01.289
+04.347 -09.437 +04.450
-08.619 +03.811 -00.125
+00.688 -02.749 +09.654
-03.869 -01.887 +07.044
+07.939 -03.272 +07.020
+08.362 -05.162 +04.651
+09.793 +05.380 +09.189
-06.669 +02.561 +01.786
-00.247 -04.342 +09.928
+02.027 -03.838 -00.433
+02.357 +03.596 +08.460
-00.079 +04.467 +06.729
-08.740 -04.017 -00.772
+03.414 -01.127 +09.899
-08.025 +05.355 -03.716
-04.393 +08.883 -09.073
-08.434 -00.478 +07.014
+07.840 +09.594 -06.686
+01.382 -05.794 +01.598
+09.490 -08.417 -08.497
-05.073 +01.364 -03.318
+06.286 -09.909 +01.306
-08.210 -01.247 -06.480
-01.034 -07.510 -04.299
+07.713 +06.724 +09.733
+09.705 -01.159 +07.972
-04.239 -05.967 -00.876
-00.615 -06.681 -03.677
+09.351 +02.570 -05.730
+03.738 -00.017 -01.796
+01.727 +00.086 -05.741
-05.324 -05.852 +08.970
-08.492 +05.907 -04.495
+06.087 +03.349 -09.536
-05.410 -06.116 +00.410
-02.879 +05.855 -04.766
+07.447 -01.812 +09.392
+05.310 -07.490 +01.826
-05.235 -07.147 -07.874
-05.238 -04.915 +01.197
+02.840 +08.737 +04.286
-01.918 +00.185 +02.863
-09.097 -08.861 +01.287
-04.137 -08.484 +01.257
+02.933 +06.407 +09.972
-04.462 -07.487 -01.825
-08.369 -06.398 +06.478
-07.563 -00.774 +05.830
+07.584 -00.801 -07.696
-00.649 +05.479 +00.551
-02.512 -07.566 -03.527
+01.222 -07.618 +01.956
+02.666 +03.214 +04.186
+01.442 -02.271 +00.170
-06.590 -04.881 +06.128
-01.739 -09.137 +01.678
+08.272 +00.369 -00.456
-04.563 -00.994 -00.448
-02.202 +03.742 -02.151
-08.668 +05.739 -01.876
+07.021 +03.853 +04.915
+01.878 -00.710 +03.717
-01.864 -06.273 -04.406
-09.535 +05.731 -01.711
-07.158 +02.398 -09.080
+07.211 +06.520 -07.436
-09.146 +08.108 +00.025
+03.423 +04.893 -07.940
-00.216 +05.185 +03.841
-05.158 -09.947 +05.205
+07.361 +08.933 +03.507
+03.203 +00.942 -03.272
-01.206 +01.515 -02.341
-03.005 +02.154 +02.833
+09.676 +03.952 +09.132
-00.440 -06.989 +04.534
+01.073 +06.151 +04.269
-03.738 +04.910 -01.404
+06.118 -04.899 -08.908
+08.340 -09.981 -07.437
+08.114 -02.112 -06.882
+05.590 -05.860 -06.543
-09.167 -09.056 -00.835
-04.765 -05.969 -06.271
+05.488 -02.269 -06.913
+06.557 +05.003 +09.226
-05.577 -04.644 -00.562
+04.716 -09.648 -07.511
-05.808 -00.847 -00.048
-00.010 +00.753 -09.912
-00.816 +04.748 +06.340
+02.558 -03.121 -05.429
-06.634 +09.497 +05.934
+02.481 +09.696 -07.346
+09.768 +05.547 -03.759
-03.822 -07.449 +04.447
+05.930 -00.268 -08.319
-09.342 +09.990 +02.646
-06.497 +04.235 -07.385
-06.373 +01.672 +01.968
+09.221 -07.320 +09.461
+09.404 +07.964 -07.809
-03.334 -08.869 +05.775
+06.408 +07.517 -02.994
-00.271 +00.721 -00.744
-02.898 +09.280 -06.855
-01.283 +01.814 +00.019
+01.776 -00.868 +06.533
-02.246 +01.849 -08.569
-01.020 -09.658 -09.109
+05.374 +08.425 +03.364
+09.301 -00.422 -01.697
+01.416 +01.337 +08.502
+09.488 +00.783 -07.801
-06.044 +07.191 -00.430
-02.113 -02.198 -02.689
-07.340 -02.440 -00.176
-07.984 +07.162 +02.039
+09.181 -02.609 +02.157
-00.004 -09.691 +03.127
+01.755 -03.668 -04.061
-04.012 -09.503 +03.635
+06.712 +09.526 +02.814
+01.016 +05.317 +09.686
+08.809 +01.393 +01.558
-00.699 +03.470 +05.608
-00.260 +03.098 -01.033
-05.079 +00.514 -01.544
-04.002 +05.856 -01.305
+07.473 +02.936 +09.969
-00.189 +05.671 -09.104
+08.228 +02.327 -02.634
+01.687 +06.977 -03.587
+02.832 -03.966 +09.059
+04.318 -09.306 -00.321
+04.773 +06.825 -08.569
+08.742 -05.289 +04.518
-04.106 -02.882 +03.203
+04.577 -06.899 -00.900
-06.204 +00.915 -09.653
+01.158 -04.161 -08.801
-02.977 -06.099 -08.200
-01.171 -02.117 -01.878
-02.310 -07.779 -04.023
-09.352 -04.630 -01.105
-04.582 -04.859 -01.732
+07.025 -05.528 +05.045
-07.522 +05.151 -02.387
+07.824 +07.524 -07.814
-06.650 +04.048 -06.045
+01.014 +03.397 -02.257
+08.357 +03.870 -05.069
+06.682 -02.611 +05.231
+04.710 -06.227 +00.408
+06.241 -06.899 +02.761
-04.619 +06.589 -00.287
+08.650 +09.738 +04.689
-05.807 -07.991 -05.407
+05.093 +06.193 -02.723
+09.358 +08.535 -01.805
+03.010 -00.335 -09.254
-06.448 +06.394 +08.442
-01.401 +07.947 -09.398
-09.576 +05.380 +03.333
-09.347 +07.975 +06.992
-04.949 -04.291 +01.425
-03.265 -02.901 +09.315
-00.571 +09.625 -04.198
+08.412 -09.242 -06.525
-07.288 +04.064 +02.622
+07.596 -06.199 -09.631
-04.657 -03.257 +06.201
-04.006 +07.708 +05.298
+00.093 -02.170 -00.111
-01.204 +02.494 +09.053
+09.856 +09.084 +02.978
+03.867 -00.622 -06.619
+07.413 -09.987 +06.853
-04.400 +07.136 -02.871
-07.026 -02.633 -07.760
-08.583 -08.091 +00.631
+00.498 -05.293 -01.936
+09.701 -07.525 -02.564
+00.564 +04.549 +06.170
-04.543 +07.062 -07.813
-06.358 +06.538 -08.760
+01.210 -06.789 +05.310
+08.733 +04.890 +05.871
-06.731 +00.442 -06.412
-04.254 +02.870 -03.841
+08.840 -06.942 +03.789
+02.965 +08.806 -01.364
+04.002 +07.623 +00.875
-06.995 -04.153 -02.012
+03.691 +04.252 +06.827
-00.981 +07.827 -03.249
-03.162 +02.934 +03.201
-00.374 +00.257 -08.552
+05.887 -04.396 +07.196
+00.445 +05.858 +08.247
-00.120 +08.975 -01.396
+09.226 -03.312 +00.073
-06.512 +07.941 -08.189
+05.783 +03.218 -04.484
-07.362 +01.320 +04.542
-05.358 -02.111 +00.904
+08.184 -07.319 +08.637
+04.716 -04.192 -03.742
+04.791 -01.952 -07.703
+03.420 +06.698 +06.742
+06.323 +09.769 -04.428
+05.141 +02.907 +03.869
-06.086 -08.008 -04.047
+06.169 -02.549 +09.184
-01.851 +04.900 +06.977
+03.527 -08.546 -01.432
+02.346 +02.032 +07.924
+08.888 -06.128 -09.635
-07.663 -05.783 -04.465
+01.776 -01.391 -04.331
+03.564 +09.743 +00.031
+06.881 +05.134 -02.719
-02.393 -02.688 +08.162
+03.520 -00.981 -00.478
-08.139 +08.384 +03.455
+01.326 +05.336 +04.619
-02.116 -06.904 +02.498
-06.660 +01.176 -02.338
-09.389 +09.866 +02.194
-01.509 -07.471 -05.332
+01.861 -03.626 +05.827
-09.690 +05.915 -02.651
+09.785 -07.256 +02.384
-01.846 +04.694 -03.742
+09.337 -03.763 +01.973
+05.564 +09.066 -09.211
+01.947 -06.249 -04.138
+00.382 +04.414 -01.864
-08.251 -03.725 +00.081
-06.326 -01.763 +09.668
-09.046 -07.530 -07.892
-08.331 -05.649 -04.918
+08.440 -01.728 +04.747
+02.024 -06.989 +00.994
+00.882 -07.630 +02.844
+09.854 -03.725 +03.761
-07.460 -07.713 +05.110
-03.257 +05.646 +00.261
-08.792 -01.263 +06.349
-00.300 +01.096 +03.547
+06.754 -09.066 -06.086
-03.746 +03.055 +09.383
-08.093 +07.903 -00.609
+07.620 +05.136 -05.591
+07.987 +06.074 -09.963
+00.245 -02.410 +05.937
-08.177 -03.492 +06.418
+02.505 +03.824 -09.059
+01.953 +04.658 +05.443
-04.809 -01.622 +06.299
-00.319 +05.987 +00.137
-04.802 +08.701 +01.659
+02.404 -03.156 -03.509
+04.804 +01.512 -06.002
+05.021 +08.964 -02.877
+08.691 -04.449 -00.045
-02.464 +03.244 +04.992
-03.643 -09.787 +00.676
+08.113 -01.459 -08.853
-09.738 +04.139 -09.147
-03.699 +04.247 -02.615
+00.350 -03.107 -00.710
+01.839 -01.060 -04.882
+06.079 -04.578 -02.531
-03.673 +06.042 -05.685
-06.537 -04.486 +04.318
-05.966 +02.694 +03.083
+09.451 -04.014 -03.288
-02.155 +07.541 -05.157
+02.812 -08.330 -07.465
-00.672 -04.932 -04.890
-07.022 -06.499 +03.862
-02.009 +06.913 -05.152
+04.598 -03.582 -05.733
+00.889 +07.249 -02.207
-03.000 -06.700 -03.708
-06.589 -05.168 +01.954
-00.718 +06.344 -04.969
-09.486 +03.494 -01.202
-01.456 +05.580 -00.102
+08.766 -00.945 -03.435
+06.369 -02.862 +07.257
+06.739 -07.194 +09.607
+06.553 +09.966 +01.649
-08.869 +08.761 +05.575
+09.520 +05.055 +07.159
-05.494 -06.388 -08.062
-03.197 -05.370 +02.741
-05.002 +07.419 -01.748
-08.432 -03.268 -02.995
-02.309 -09.086 +02.672
-08.503 +08.717 -05.874
-09.162 +04.426 -00.900
+07.548 +08.979 +01.547
-01.165 -09.700 -01.271
+00.054 +08.321 +09.697
-05.358 +02.077 +00.491
+07.497 -04.654 +07.574
-05.508 +07.824 -00.926
+07.284 +09.703 +00.496
-01.732 +06.797 -04.838
+07.688 -08.568 -02.350
-05.783 +01.853 +07.634
-08.484 -08.508 +07.210
+09.644 -07.656 -09.630
-00.263 -00.056 -07.796
+04.623 +02.659 -05.880
+08.772 +00.157 +08.882
-09.561 +09.609 +06.471
-05.650 +05.991 -06.865
-05.405 -09.122 +02.489
-09.741 -08.439 +08.420
-04.520 -01.514 -02.297
-03.539 -03.181 +03.985
-00.659 +06.084 -04.221
+06.877 -01.503 -07.030
+07.665 -04.810 -04.422
-08.218 +00.500 -00.259
-03.214 +03.028 +06.575
+03.851 -03.192 +07.422
+08.313 +02.149 +01.825
+00.413 -07.005 +04.607
-06.421 -07.848 -09.480
+09.862 -02.086 +06.876
-00.293 +08.327 -05.944
+04.994 -00.318 -06.526
-09.021 -02.511 +01.100
-04.198 -08.450 -03.410
+02.990 -00.085 +02.093
-03.777 -02.574 +04.818
+02.233 +04.153 -02.971
+02.395 +02.469 -08.358
-07.568 -08.422 -04.549
+08.867 -07.286 +00.047
-01.643 -03.356 -02.462
+04.881 +06.830 -07.816
+01.211 -08.043 +01.294
+07.005 +00.080 +07.504
+09.370 -09.476 -03.432
+02.037 +04.844 -03.617
-03.846 -08.757 +08.520
-06.491 -09.457 +05.069
-06.142 +00.424 +00.209
+09.479 -05.089 -07.644
-09.977 -08.330 -01.958
+04.773 -03.605 -08.293
+00.280 +07.332 +00.178
+08.116 +01.433 -09.113
+08.250 -08.212 +04.811
+02.892 -03.634 -06.833
+05.692 +09.747 -08.498
-09.039 +00.156 +02.156
+06.171 +08.708 -03.384
-06.118 -04.023 -07.493
-00.412 +04.865 -01.119
-02.003 +07.941 +04.112
-03.567 +04.821 -07.195
-07.918 -09.783 +07.059
+09.231 -05.753 -01.374
-06.315 +09.272 -07.491
-07.671 +03.367 -03.166
+06.363 -05.316 +08.896
-09.508 -00.405 +01.968
-00.396 -07.419 -09.712
-02.956 +07.080 -05.355
-03.574 -03.100 +08.248
+07.793 -06.098 -08.620
-05.788 +05.720 +09.522
+04.862 +05.114 +01.412
-09.935 +05.293 -06.146
-04.997 -04.447 -05.096
-02.539 +06.347 -04.975
+00.969 +09.651 -09.432
-04.046 +00.430 -03.702
-05.172 -05.379 -07.324
+00.884 -06.664 +01.297
-03.587 -08.492 -00.010
+04.725 +01.261 +08.606
+00.720 +06.415 +06.208
-06.551 -05.829 +00.701
-03.333 -02.647 +04.519
-00.849 +04.887 +06.651
-01.424 -04.350 -02.255
+01.803 +02.357 +09.056
+02.007 -07.941 +02.763
-00.431 +05.736 +09.927
-08.580 -08.053 -06.747
+09.031 -04.663 -05.555
-08.378 -07.920 +02.348
-06.687 +05.877 -08.349
+07.555 -09.479 +04.421
-08.444 +01.051 -08.347
+09.884 +08.830 +02.935
+04.794 -01.570 +08.077
-02.584 +08.294 +02.979
+05.049 +06.423 -05.343
-03.661 -07.792 -02.232
+02.910 -08.473 +02.225
-00.390 +01.419 -07.831
+07.345 -08.810 +02.728
-04.788 +05.770 -01.890
-02.685 -05.929 +05.631
+07.107 +01.536 -04.561
-01.721 -03.210 -06.266
+06.929 -01.996 -07.108
-01.019 -02.185 +04.786
-01.995 +05.357 -02.625
+08.207 -06.812 +03.657
-02.608 -02.276 +07.805
+09.297 +03.426 +06.652
-06.749 +04.935 -08.502
-09.599 -01.011 +00.711
+03.249 +09.341 -08.882
-00.840 -02.605 +08.874
+04.340 +06.124 -00.381
+05.328 -05.065 -00.492
-07.239 +09.120 -08.082
+06.776 -09.807 -01.879
+02.793 +00.025 +04.455
-04.912 -09.046 -05.798
+08.471 -07.338 +04.950
-07.566 +09.372 -09.614
+08.278 -01.020 -06.501
+09.788 +08.861 -07.190
+05.436 -01.255 +04.216
+02.542 +08.444 -02.885
-04.637 -02.648 -07.065
+02.278 +07.011 +04.086
+00.328 -01.187 -09.390
-07.803 -07.008 -06.971
+06.086 -05.701 -05.753
+01.191 -07.727 -09.146
-04.589 +03.416 +02.165
+09.227 +04.832 +02.596
-01.821 -05.422 +09.897
+02.353 -00.031 +02.877
+00.768 -05.071 +00.992
-06.257 +04.550 +08.783
+06.066 +08.226 +03.286
-06.865 -01.265 +02.086
-03.203 -01.307 +06.262
-05.021 +00.532 -02.196
-01.202 -03.582 +06.956
-07.594 -04.651 -08.875
+02.384 +01.668 -06.454
-06.615 -03.044 +09.529
-06.665 -05.320 -04.506
+00.965 -08.786 -04.563
-08.047 -08.878 +08.425
-09.206 +09.643 -08.715
-01.612 -00.290 -01.563
+05.393 -05.481 -02.773
+03.052 -00.512 -03.371
-04.595 +04.715 -08.930
+01.482 -04.595 -02.557
-03.526 +07.297 +02.245
-02.431 -06.554 +05.444
+01.024 -01.628 -09.205
-03.636 -01.483 +02.917
+05.896 +09.830 +07.798
+05.415 +08.082 -02.920
+06.307 -06.749 +06.575
-02.077 -09.672 +08.623
-03.568 -08.198 -00.634
+04.423 -01.324 +08.346
-08.633 +03.997 +05.948
-01.176 +09.774 -01.127
-02.772 -00.047 +04.613
+03.653 -03.428 +04.222
+00.587 +04.074 +01.867
-00.752 +08.317 +05.522
+07.751 -04.359 +02.558
+03.393 +03.232 -05.668
-03.510 -05.400 +01.647
+01.685 +04.304 -09.169
-06.568 -03.104 -04.149
-01.907 +00.852 +08.504
-00.837 +08.467 +06.362
-09.574 -00.269 +00.121
-00.012 +05.964 +08.919
-05.711 +04.514 +00.271
+03.560 -02.120 -01.801
+00.032 -01.083 -04.180
-00.255 +03.090 -00.217
-00.756 -08.253 +07.142
-03.964 +05.287 +01.740
-09.152 -01.106 -09.926
+04.660 -05.742 -03.459
+03.173 +00.843 +03.717
-06.234 +07.409 -08.202
-09.235 +01.149 +00.396
+06.194 +06.574 +09.183
-03.273 +06.286 -01.522
-02.990 -00.651 -07.679
+02.144 -05.149 +07.876
+09.920 +06.253 -06.828
-07.137 +01.929 -09.493
+05.570 -09.090 +02.675
-03.535 -05.696 +02.121
-04.514 +01.723 -03.014
-05.594 +05.217 +03.860
+03.210 -01.347 +03.761
-01.924 +00.169 -07.865
-06.977 +09.427 +03.130
-05.704 +09.953 +01.030
+00.721 +02.856 -05.893
+05.632 -08.057 -07.987
-05.095 +00.955 -02.994
+02.077 +08.384 -02.804
-04.622 -09.383 +03.624
+09.638 -09.429 +05.310
+04.741 -02.985 -05.037
+02.642 +02.566 -03.909
-08.752 +03.613 -00.949
+02.096 +03.843 -00.363
+02.857 +00.820 +09.239
-04.623 +08.988 -02.422
-09.964 +09.416 +09.052
+07.567 +02.512 -01.631
+02.636 +01.422 -04.716
-00.616 -00.329 +01.635
-00.643 +04.018 +06.713
-02.491 +00.006 -07.710
-08.914 -02.796 +02.957
+08.441 -08.782 -01.966
+05.681 -04.048 +03.088
+00.138 +08.631 -01.440
-06.909 -03.533 +06.701
-00.926 +08.634 -06.103
-07.024 +06.426 +04.581
-08.941 +03.938 -02.866
-02.954 +08.055 -04.710
+09.024 -03.220 +09.117
-06.185 -07.204 -07.735
-00.302 -04.758 +03.428
+03.709 -00.139 -03.610
+08.884 -00.153 -05.817
-03.008 -00.145 +02.881
+00.448 -00.527 -00.517
-09.430 -04.528 +04.189
-06.011 -02.462 +05.546
+05.989 -04.921 -06.701
-06.411 +06.195 +07.740
+02.176 -05.470 +06.915
-06.176 +00.938 -01.770
+01.297 +01.080 +06.297
+07.851 -00.293 -01.962
-09.584 +06.640 -07.102
-06.586 -02.799 -07.241
+04.570 -01.841 -07.610
+06.151 +03.113 -00.637
-04.967 -06.961 -04.666
-07.478 +00.886 +03.615
+08.919 -08.442 +08.047
+03.653 -04.863 +01.176
-06.525 -08.995 -09.155
+02.607 -02.201 -00.876
-06.197 +03.453 +02.670
+08.952 +06.835 -09.361
-07.173 +01.118 +06.291
-01.042 +01.218 -01.723
-00.326 +07.612 -09.430
+09.426 -06.453 +04.164
+04.805 +03.781 +05.055
-00.165 -06.669 -08.905
+03.564 +09.374 +06.396
-04.177 +03.447 +00.011
-03.185 +06.069 +08.412
-08.418 -05.339 -07.759
-07.664 +08.965 +01.492
+05.005 +07.520 -06.207
+04.865 -02.204 -00.203
+03.090 -09.309 +02.138
-08.614 +08.328 +04.902
-03.175 +01.390 -01.163
-03.612 -02.362 +03.788
+05.026 -07.469 -07.532
-01.429 +05.249 -05.849
+04.780 +09.638 +07.241
-01.327 +00.818 -02.055
-09.918 -04.401 -01.097
+05.498 +09.841 +08.686
+07.702 +08.279 -00.313
+01.415 -08.320 +00.454
-06.535 -04.135 +05.727
-08.884 +05.730 +01.684
-06.793 -02.803 -08.069
-01.619 -05.514 -05.186
-09.883 +08.928 +07.242
-00.872 -02.271 -02.363
+04.670 -05.504 -03.999
-06.928 +03.640 -01.201
+01.546 +01.837 +08.759
-07.206 -04.141 +09.168
+06.962 +08.832 -06.096
-00.798 +03.113 -02.159
-03.890 -03.617 +01.997
+09.799 +08.043 +00.884
+06.172 +09.198 +02.755
-08.731 +00.161 -07.073
-00.912 -03.170 +08.002
-02.180 +04.923 +03.257
+05.036 +02.470 -04.248
-00.887 +05.961 -04.821
-02.796 -03.320 +07.138
-06.115 +08.755 -00.833
-03.965 +05.721 +09.181
+03.393 -09.974 -02.471
+04.897 -09.706 -05.936
-05.387 +07.744 -07.935
+04.322 +00.826 -07.369
+04.495 -00.423 -01.433
-05.866 -07.976 -03.331
+02.702 -01.040 -01.553
+05.606 -04.901 -03.014
+07.938 +04.812 -06.853
+06.163 +00.098 +03.258
-02.097 -01.461 -06.385
-07.750 -06.634 +06.404
+03.175 -05.641 -01.822
-03.111 +01.429 +03.401
-08.274 -06.803 +07.833
+01.901 -05.564 -00.079
+03.157 +03.270 -01.084
+06.947 -00.426 +07.506
+09.203 +00.482 -09.250
+08.208 -00.790 -06.492
-09.152 -00.215 +08.575
-03.438 -02.035 -05.663
-04.204 +05.905 +03.471
-09.315 -05.584 +02.685
+04.117 -01.474 -03.026
+06.610 -09.953 -00.947
-04.459 -05.080 -05.329
-09.235 -04.762 +09.613
-09.768 +08.933 +07.173
-05.741 -06.235 -09.803
+07.709 -00.159 +07.637
-07.232 +07.483 +05.412
-01.375 +05.431 -09.989
-06.840 -01.835 +05.872
+08.821 -02.572 -08.986
-08.756 -00.138 -08.692
+03.395 -02.443 +03.460
+09.005 -02.090 +04.117
+02.452 -00.428 +07.956
-04.698 +03.895 -05.773
-01.539 +05.514 +09.128
-03.825 -00.536 -05.548
-02.734 -07.936 -08.865
-04.370 -05.505 +07.406
+02.013 -08.869 -00.193
+02.486 +05.104 +07.328
-03.526 -00.062 -08.740
-07.970 +07.124 -03.480
+04.736 -01.038 -07.983
+01.694 +08.798 -05.839
-06.473 +05.940 +00.509
+08.503 +04.103 -02.717
+00.419 +06.428 +02.434
+09.666 -02.388 +06.548
+09.340 +07.979 -09.167
+03.759 -09.265 +08.807
+09.061 -06.497 -07.648
+00.753 -09.700 -04.752
+02.815 -01.132 -07.736
+04.847 -08.387 +08.929
+07.097 -05.222 +06.842
-07.927 -04.535 +04.007
+01.960 +06.311 +08.881
+08.503 +01.897 -02.987
+09.836 -03.668 -00.345
-03.462 +07.525 -00.253
-07.560 -02.508 -07.700
-08.758 +08.152 +07.656
+06.992 +02.823 +01.172
-04.562 +04.001 -03.773
+05.898 +01.065 +08.087
+04.847 +02.096 -09.051
+04.499 -04.794 +01.424
-00.950 +08.902 +08.960
-01.127 -05.693 -05.138
-01.218 +05.239 -06.204
-00.827 +07.266 -07.434
+09.278 -01.994 +01.450
+00.438 -09.265 -09.702
+08.507 -07.123 +09.607
+05.165 +03.225 -06.851
+07.767 -04.379 +01.330
+03.217 +00.982 +08.669
-08.442 +09.911 +04.777
-06.311 -04.166 +02.395
+03.612 +01.631 +00.880
-05.025 +00.036 +07.576
-05.467 +02.800 +04.819
-06.495 -00.379 -06.927
-04.404 -06.895 +09.156
+01.616 -08.032 +04.205
-04.417 -07.293 +01.344
-03.650 +01.895 -00.519
-06.917 +08.259 +03.766
+06.838 +03.218 +02.575
-07.329 -05.562 +04.299
-04.351 -01.466 +05.804
+06.188 -02.292 -05.035
-01.461 +01.121 -08.017
+02.840 +01.885 +08.664
-09.371 +04.513 -08.304
-00.378 +00.979 -00.348
+06.230 +09.956 +02.922
-03.986 +01.947 -06.558
+00.503 +02.648 +01.997
+04.541 +02.404 -04.702
-08.243 -08.738 -06.599
+04.175 -07.809 -05.188
+07.563 -05.720 +09.504
+08.025 +09.221 -02.712
+03.486 +03.938 +03.549
-01.010 +09.579 +09.611
+06.916 -07.849 +02.097
+07.309 +04.735 +02.594
+03.782 +00.259 -09.496
+08.216 -02.830 +06.723
-01.533 -05.330 +03.449
-00.495 +02.478 +04.559
-03.113 +09.099 -04.247
-02.855 -02.664 -05.500
-02.276 -02.456 -08.836
-04.354 -06.762 +07.858
-06.975 -06.426 -00.215
-04.264 -02.695 +07.052
+03.147 -04.358 +05.868
+08.668 +08.407 -00.153
-08.593 -03.310 -05.145
-07.607 +03.432 -09.073
-04.765 -01.573 -06.511
+05.776 -03.016 -08.841
+03.663 +06.143 -05.992
+05.235 -07.185 -07.531
+05.464 -02.030 -02.112
-08.572 -05.450 +00.731
+07.782 +07.950 -01.544
-06.984 +02.032 -07.797
-03.433 +07.655 -08.798
-03.750 +08.409 +07.954
+03.422 +08.905 -00.590
-04.534 -06.724 -07.178
-00.531 -05.229 +01.772
+00.582 -09.971 -08.806
-05.329 +00.656 -00.380
-03.775 +01.108 -05.026
-02.686 -00.398 -03.376
+04.387 -09.893 +04.412
+04.614 -08.277 -03.677
+09.537 +07.308 +00.274
-00.432 +03.286 -03.253
+00.535 +05.393 -06.613
+02.283 +06.534 -03.752
+02.561 -04.372 -01.514
+07.733 -01.531 +09.996
+00.914 +09.851 +06.376
+06.407 -01.007 -02.201
-05.054 +05.828 +01.712
+07.853 -01.535 +03.105
-04.700 +08.042 +06.725
-09.877 +08.385 -07.513
-09.136 -03.964 +08.881
+01.510 +05.943 -02.624
+06.121 +05.885 +09.079
-09.641 -06.427 +07.742
+02.450 -03.396 -09.337
+08.567 +01.737 +06.048
-08.424 +01.634 -00.489
-07.484 -09.310 +07.567
-09.756 -04.314 -05.102
-01.194 -09.689 -01.600
-05.736 +03.610 +05.262
+07.643 -04.327 +00.181
-03.614 -02.027 -05.263
+01.223 +06.112 -02.813
-02.071 -04.881 +01.870
-01.632 +09.244 +08.422
+06.470 +04.799 -08.923
-05.539 +07.112 -00.518
+02.201 -09.248 +09.180
+09.902 -05.244 -07.907
+03.289 +03.947 +06.038
-02.145 -02.436 +05.137
-01.853 -08.513 -08.485
+03.264 -06.905 +04.362
-07.610 -01.193 -04.058
+08.780 -05.433 +09.157
-02.716 -05.818 +03.137
+00.343 -08.902 -01.496
+09.861 +09.468 -08.055
+02.120 +01.305 -03.212
-08.404 -05.841 +02.418
-03.689 +00.639 -01.801
+06.464 -03.992 +06.534
+03.919 -00.698 -06.289
-05.514 -06.815 +07.703
+05.290 +07.165 -08.163
+08.922 -02.087 -06.034
+02.645 +01.004 -08.951
+06.093 +07.518 +02.914
-04.914 -05.875 -06.692
+02.852 -02.818 +09.039
+06.815 +05.787 +04.058
+07.326 -09.302 -03.821
+08.287 +05.199 -01.656
-08.014 -05.115 -09.879
+00.714 +02.966 -08.592
-06.671 +03.138 -07.178
-01.311 +08.144 -02.275
+07.249 +09.622 +07.173
+07.109 -04.306 +00.446
+00.284 +08.203 +02.848
-04.167 +08.312 -02.249
+04.131 -05.584 +04.122
-07.969 +00.389 +05.432
-05.127 +05.230 -01.615
-04.338 +08.797 +06.588
-01.403 +08.641 +03.010
+05.341 +07.008 -02.363
+03.539 -03.475 -07.941
-06.690 -09.605 -09.196
-06.209 -01.427 -00.925
-06.767 -09.140 +02.239
+03.075 -09.074 +03.843
+09.199 +03.665 -02.061
-06.563 +08.057 +07.497
-08.721 +02.706 +07.082
+09.859 +06.155 +06.633
+00.150 +07.633 -08.005
-04.320 -09.836 +06.790
+07.434 +03.604 +00.432
+06.013 -05.537 -04.643
+03.467 +05.469 -02.385
+07.543 -06.602 +02.427
+04.005 -07.733 +03.990
+06.543 -01.190 -04.368
-01.560 -07.919 +00.497
-03.017 -07.556 +03.250
-02.242 -03.210 -09.484
+01.148 -01.969 -08.029
-04.644 -06.814 +07.497
-08.626 -04.383 +00.836
-00.725 +04.912 +00.429
-00.318 -09.361 -02.059
+09.744 +05.386 +06.483
-09.509 -02.730 +09.098
-07.529 +08.117 +00.597
-04.743 -08.902 +07.362
-08.613 -07.097 -08.429
+06.203 +09.170 +00.891
-06.174 -03.964 +02.474
-03.491 -05.674 -00.572
-06.640 +05.200 +00.414
-05.011 -00.304 +04.936
+01.985 +08.217 +04.790
+09.711 +04.906 -05.734
+04.454 +01.086 -09.883
+07.958 +02.950 +09.457
-02.188 -00.627 +00.194
+09.310 +01.534 +01.287
+07.736 -02.839 +04.767
+07.334 +08.831 -00.953
-06.877 -06.103 -03.432
-02.595 +07.697 -01.980
-04.806 +04.099 +07.290
-09.267 -04.117 -07.883
-03.334 -08.517 -06.915
+07.540 -08.495 +02.736
-02.911 -07.703 -04.346
-07.917 -02.023 +06.057
+00.068 -01.293 +08.345
+07.683 -04.462 -08.873
-09.369 +08.216 +09.471
+07.087 +01.469 +00.632
-03.383 -06.452 +07.417
-04.167 +05.482 +05.797
+00.863 +08.551 +09.456
-02.141 +05.389 -03.146
-01.498 -04.056 -07.128
-08.520 +07.247 +07.405
-00.469 +00.036 +01.254
-07.309 +02.917 +07.322
-04.066 -06.206 -09.702
-04.979 -09.122 -02.991
-03.651 -05.801 +00.857
+03.982 +05.997 +04.546
+04.119 +02.910 +01.518
-03.675 -08.888 +00.819
-08.978 +03.302 -07.342
-01.920 +08.612 -06.151
-04.517 -06.723 -06.533
+07.881 -04.705 +03.310
-06.531 +01.185 +04.038
+07.335 +08.818 +08.240
-09.932 +03.641 -08.885
-02.413 +00.458 +09.704
-03.166 -01.620 +09.343
-05.575 -01.421 -09.828
-09.528 -08.534 +09.080
+04.804 -03.904 +09.594
-05.838 +06.089 -08.305
-02.179 +04.210 -07.494
-06.820 -09.509 +02.427
-04.201 +05.966 -03.223
-08.969 -06.176 +07.189
-01.399 -04.299 +09.033
-07.572 +00.053 +07.666
+06.235 +06.311 -05.390
+00.349 -05.835 -03.215
-04.148 -01.810 -01.540
-00.290 -00.337 +04.392
+08.637 -00.398 +07.894
-07.864 -01.813 -08.604
+08.015 -04.016 -00.859
+06.767 +01.768 +05.166
-06.661 +02.304 -08.286
-02.621 +08.673 +09.824
+03.465 -00.787 +07.925
+03.021 +00.625 +05.174
+06.255 -00.590 +05.759
-03.995 -08.618 -00.831
+06.711 +05.653 +04.956
+09.243 +09.919 +08.155
+08.972 +02.949 -01.107
+04.267 -08.481 -07.687
+00.726 +02.769 -03.874
-05.192 -01.596 -06.890
-02.784 +00.814 -06.444
+09.547 -00.118 -09.980
-02.685 +07.490 -02.431
+02.962 +02.900 -05.699
-02.771 +05.638 +01.819
+07.048 +09.579 +08.673
+02.468 -01.173 +05.346
-09.358 +09.113 -07.125
+06.937 +01.619 -07.384
+01.375 +07.721 -01.101
+01.737 +09.211 +03.494
-09.661 +07.484 -07.352
+05.136 +02.781 +02.153
+06.924 -09.398 +03.859
+01.462 -07.923 +09.354
+00.901 +02.783 -06.530
+06.447 -07.783 +03.368
+05.503 +00.675 -04.879
-03.888 +07.774 +02.735
+06.912 +04.631 -05.838
+00.656 +09.469 +02.895
+00.359 +08.984 -03.928
-08.672 -08.978 -04.289
+07.743 +08.542 +05.127
+06.179 +00.518 +02.192
+01.363 +04.724 +09.390
-07.526 -07.636 +07.413
+01.789 -08.513 -05.507
+07.108 +01.869 +09.827
+04.600 -02.868 -05.469
+04.058 -03.710 -09.244
-03.242 +04.464 -04.581
-05.355 -03.792 +05.151
+05.399 -03.881 +08.527
-02.263 -02.991 +06.192
-07.577 +09.833 +09.585
+04.534 +04.747 +03.659
-01.079 +00.156 +06.094
-04.381 -02.457 +04.273
+06.104 -05.800 -00.907
-05.284 -08.725 +01.825
+06.541 +03.424 +05.847
-00.339 -09.590 -00.619
-07.820 -06.235 +00.643
-01.962 +06.161 -00.004
+03.043 +01.889 -02.967
+06.976 +01.235 +09.426
-03.798 +00.754 -05.425
+04.248 +01.693 +06.199
-00.500 -06.076 +05.297
-06.510 -00.452 -04.549
+03.048 -07.917 +04.508
-06.194 +05.193 -03.816
-02.626 +06.050 +02.334
+02.347 -05.729 +09.884
-00.564 +02.790 -01.310
+03.216 -07.261 +00.035
+08.646 -09.638 -00.970
+00.101 -03.429 +08.236
-00.661 +06.144 +02.892
-03.164 +00.017 +05.088
-02.938 +03.752 +00.394
+00.037 -02.243 +06.417
+07.160 +03.406 -09.286
-06.715 +07.867 +01.618
+05.416 -03.504 +08.015
-04.826 +02.281 +01.500
-07.317 -08.746 +05.755
-06.017 +04.506 -05.133
+00.976 +03.160 -07.936
-00.331 +00.019 -06.127
+08.175 -06.864 -07.979
-07.827 +06.252 -08.244
-03.260 +03.763 -09.832
+02.253 +01.251 -08.003
+02.392 -06.668 +04.359
-09.820 -06.104 +06.673
+02.502 +04.195 +08.344
-08.854 +00.818 +05.832
+04.113 -02.987 -00.437
+00.976 -05.674 -09.984
+06.724 -08.355 -04.763
+06.113 +08.924 +08.202
+04.474 +03.842 +08.591
-09.181 +08.319 +03.247
-00.593 +03.296 -03.265
+00.733 -06.594 +04.244
+00.802 -03.966 +09.532
+05.705 -04.821 -02.596
-03.812 -02.675 +04.780
-03.352 -03.893 -01.598
-00.840 -01.233 +08.589
+01.915 +01.975 +09.691
-06.089 +06.653 -03.074
+00.047 -04.089 +08.906
-04.513 -07.429 -08.076
+07.208 +09.353 +09.033
+03.526 +09.234 +07.642
+05.358 -04.611 +07.835
+07.763 -04.161 -03.549
+03.688 -02.995 +03.239
+07.426 -03.655 +09.494
-03.289 +09.962 +08.063
-02.414 -03.448 +07.035
-07.192 -09.545 +03.217
+03.903 -06.902 -03.879
+09.542 +02.894 +05.253
-04.017 -05.258 -02.966
+01.783 -03.981 -04.391
+07.295 +03.928 +09.672
+02.052 +04.225 -08.353
+06.157 -05.312 +04.559
-01.066 -04.077 +01.673
-08.250 -08.834 -04.046
-05.583 -09.155 +07.526
+04.889 +05.645 -04.066
-09.644 -05.229 +08.024
-08.586 +01.270 -05.979
-01.616 +04.904 +04.673
+06.833 +05.990 -06.571
+08.027 +01.993 -05.592
+00.147 -00.045 -06.760
+05.449 +04.496 -03.289
-04.143 -03.642 -08.523
-09.969 -00.086 +08.432
+01.570 +04.445 +07.833
+02.961 +06.231 -00.254
+08.500 +03.042 +09.999
+04.565 -03.562 +08.817
-04.147 +03.546 -03.505
-04.488 -03.795 +04.621
-08.041 -04.709 +07.508
-09.277 +00.363 -07.448
-08.518 +02.306 -07.207
+05.293 +06.502 -09.917
+08.372 -03.212 +08.407
-09.709 +02.337 -04.952
+01.322 +00.544 -05.420
+06.594 +06.347 -06.460
+08.775 -03.174 +09.510
+04.732 -01.867 +08.600
-01.831 +03.197 -06.015
-05.409 -04.811 +01.752
-03.795 -00.157 -00.878
+06.659 +04.999 -06.933
-06.947 +08.110 -06.515
-03.958 +07.313 +02.837
+09.069 -03.484 -06.061
-01.567 -03.944 +00.387
-06.531 -04.797 -05.436
+05.424 -07.501 +03.437
-04.510 +09.861 +02.008
+02.491 +06.257 -07.263
+00.484 +06.039 +02.550
+09.416 +03.016 -00.783
+03.985 +07.516 +02.359
-09.990 +08.724 -01.287
+04.706 +06.681 +04.500
+03.495 +03.090 -02.245
-07.164 +08.156 +00.817
-00.496 +06.314 -07.259
-06.307 +01.707 -04.962
-04.588 -05.264 +04.923
+07.916 +02.571 +05.113
+08.125 +04.222 +06.464
+09.329 +09.825 +03.831
+08.178 +05.993 -06.988
-00.461 -01.771 +06.914
+06.034 -05.099 -02.428
+05.489 -00.609 +06.011
+01.401 +06.090 -03.507
-05.365 -04.995 -06.944
+02.119 -00.316 +01.464
-09.860 -09.450 +00.492
+01.649 -00.963 -01.269
+03.012 -01.061 +03.862
+04.365 -01.588 -04.257
-06.560 +06.914 +02.693
+02.849 +03.491 +05.352
-02.870 +03.448 +01.039
+01.263 -07.729 +01.551
+04.225 +00.872 +04.977
-08.066 +00.882 -04.247
+06.436 -07.842 -08.165
-02.246 +08.745 -06.070
+03.342 +04.421 -03.497
+09.865 -06.441 -04.123
-03.805 +08.803 -04.850
+00.298 -05.710 -01.403
-04.910 +03.001 -06.354
+01.501 -04.896 -01.023
-04.013 -09.363 +09.746
-09.986 -04.515 -02.559
-03.099 +07.737 -03.989
+08.376 +04.979 +01.442
+01.677 +04.897 +02.472
+09.539 +06.248 +04.288
-03.000 -06.074 -06.822
+05.608 -01.315 +07.728
-01.595 +04.406 +03.783
+02.039 +00.874 +06.497
+07.328 -04.356 -05.548
-02.898 +07.526 -02.504
+08.215 +05.373 -06.552
+04.076 +07.506 +05.943
-02.165 +00.142 +08.413
-08.306 +06.985 +03.039
-07.065 -08.097 -03.055
-00.839 -07.320 +01.268
-05.447 +01.451 -09.389
+09.350 +05.722 +00.872
-01.861 +02.306 -05.236
-07.766 +01.707 -09.490
-05.116 -00.160 -00.128
+04.931 +05.114 -06.062
+07.631 -07.869 -03.714
-09.964 -01.195 +04.343
-06.971 +01.042 +03.829
+04.890 +08.554 -03.264
-04.047 -09.834 -05.484
-03.102 +05.096 -02.629
+02.423 +02.969 -06.280
+09.055 +07.465 -03.828
+06.935 -06.540 +08.501
+06.905 -04.712 -02.553
+05.898 +05.968 +04.459
-02.544 -01.674 -08.527
-01.616 -09.439 -03.892
+08.549 +04.001 +00.143
-03.026 -07.578 -06.645
-06.997 -02.013 +09.691
+06.085 +09.237 +02.173
-06.611 -05.209 +00.369
+01.204 +06.098 +00.311
+01.846 -01.585 -09.133
+06.002 -05.278 +02.650
+05.407 -00.882 -02.695
+06.324 +06.259 +04.967
-06.541 -03.605 +08.612
-05.821 +02.432 -01.403
+05.869 +09.449 -04.106
-00.058 -06.297 -09.374
-09.909 +03.638 -02.404
-00.772 -02.884 +01.007
-04.931 -05.254 +08.091
+00.508 +09.002 +00.938
-01.898 -00.012 +02.586
-03.215 +04.262 +01.684
-09.482 -03.144 -07.590
+05.343 -02.393 +04.166
+03.095 -06.591 -03.968
-09.975 +06.585 -04.154
+00.074 +01.031 +09.460
+07.329 +03.423 -08.826
+09.291 +03.779 -00.356
+02.730 -03.108 +00.506
-04.237 -06.693 -00.189
+05.532 +09.939 +05.156
-04.268 +06.583 +01.826
+01.774 -01.226 -05.989
+08.158 -06.840 +01.748
+05.798 +01.069 -06.046
-08.677 -00.379 -09.598
+06.696 -07.081 +08.776
+08.810 -00.453 -00.809
+08.090 -08.703 -09.189
-03.059 +08.140 -00.920
+00.432 +02.434 +09.767
-03.838 -08.527 -01.772
-02.417 -02.429 -08.609
+07.421 -02.730 -01.930
+09.219 +07.604 +03.609
+08.587 +07.535 -09.120
+02.148 +08.119 -07.262
-08.608 -07.780 -03.219
+01.178 +03.663 -09.608
-03.186 +05.374 +08.328
-09.819 +00.451 -06.545
-02.756 +01.223 -01.612
-03.827 +02.694 +09.285
+09.713 -02.455 +00.255
+06.589 -03.551 -03.466
+07.040 -04.282 +07.988
-00.494 -05.335 -02.360
-08.087 -08.740 +09.886
-05.589 -05.165 -07.173
-08.098 +06.906 -08.840
+09.208 +07.384 +04.386
+07.228 +09.674 -07.347
-00.019 +08.482 +08.859
-00.162 +06.755 +01.001
+02.546 +06.149 +04.158
-07.662 +03.865 -06.959
-01.860 +05.055 +05.209
-07.700 -00.327 -09.354
-07.191 -02.569 +02.090
+08.912 +04.391 -05.151
+06.179 -08.733 -04.257
+03.324 +03.845 +00.141
-00.023 +07.469 +03.270
-05.552 +00.820 -07.861
+00.554 +03.187 +06.827
+03.954 +06.573 -08.459
-08.463 -07.435 +00.372
-09.203 -08.480 +00.395
+03.685 +04.642 +08.181
-09.314 +06.645 -08.036
-05.495 -09.956 +08.836
-01.237 +03.174 +04.687
-01.001 -05.686 +00.047
+04.631 +00.645 +08.990
+02.480 -06.280 -04.787
+08.625 +09.852 -04.292
-07.553 +00.977 +07.405
+09.816 -04.439 +08.123
+00.977 -01.982 +04.054
+08.531 +09.468 +06.625
-04.213 +00.574 -05.666
+08.047 +00.640 +03.463
-04.710 +01.407 -07.304
-07.326 +04.776 +01.883
+08.920 -07.836 +03.449
-03.192 -00.368 -09.865
-03.150 -02.961 -04.463
+01.721 -04.872 +00.575
-02.835 -04.070 +07.634
-08.406 +09.695 +02.865
-02.525 +05.524 -09.481
-00.742 +03.576 -08.650
+08.604 -02.943 +09.121
+05.111 -08.274 -06.371
+04.298 +01.663 +03.338
+03.819 +01.159 -05.740
-03.127 +04.995 -07.547
+05.546 +05.930 +02.285
-02.429 +05.191 +05.875
+09.877 -02.507 +02.170
-07.407 +05.957 +09.871
+00.193 -04.133 -01.704
-02.515 -07.212 +06.014
+09.076 -02.168 -01.759
-00.023 -00.706 -07.690
-02.533 -05.704 +08.170
-07.541 +02.732 +03.436
+00.393 -04.921 +06.196
+06.979 -05.898 -08.347
-00.143 -03.870 -01.401
+08.509 +00.381 -01.474
-03.724 +02.557 -02.224
+06.515 -03.612 +00.069
-06.498 -08.410 +06.602
-04.732 -05.084 -05.880
-07.306 +08.530 -07.693
-06.578 -05.459 -08.857
+06.120 +00.952 +00.771
-07.078 -09.396 -05.122
+01.770 -07.798 -05.489
-09.895 -09.395 +02.389
-03.710 -09.954 -08.982
-06.263 +05.088 -08.403
+06.697 +04.290 -01.460
+00.939 -06.015 -04.068
-00.928 +07.509 -00.370
+00.346 +08.520 +06.815
-02.029 -07.954 +03.163
+02.725 -05.081 -05.457
-08.302 +02.324 +00.253
-00.780 +02.797 -09.839
+05.511 -02.265 +05.708
-01.955 +01.088 +05.485
+09.741 +08.631 +06.797
+00.856 +04.313 -04.089
+04.262 +04.889 -00.829
-08.736 -05.589 +06.426
-09.007 -05.180 +07.133
+07.700 +01.786 -06.225
-00.595 -08.590 -05.764
-01.045 -00.545 +08.035
-01.620 -09.059 -09.167
-06.180 -01.447 -05.537
-07.098 +09.318 -05.333
-05.970 +05.359 +00.669
+00.398 +06.225 +02.979
+01.694 -06.788 -01.509
-09.996 -04.313 +02.466
+04.280 +00.828 -07.604
-07.207 +01.453 -07.363
-04.920 -00.931 -09.310
+04.997 -02.791 -05.619
-07.700 -04.124 +03.290
-03.234 -05.778 -06.557
+06.018 -08.719 +05.465
-09.824 +01.041 +08.816
-06.842 -02.696 +06.151
+07.032 -01.512 +02.947
+01.504 +08.136 +05.660
-09.350 +07.607 -00.680
-04.021 +08.573 -09.894
-09.045 +01.942 +02.469
-05.893 -08.153 -00.779
-05.888 +05.711 +01.939
-07.381 -00.992 -07.793
+03.991 -00.442 +06.295
-03.583 -08.122 -08.094
-05.420 -06.313 -02.286
-01.659 -00.832 +04.133
-07.806 +05.202 -00.625
+04.736 +03.535 -00.631
+02.101 +07.911 -04.786
-01.051 -09.730 +03.548
+06.266 +02.197 -00.886
+02.935 +00.916 -07.755
+04.889 +00.561 +05.744
-08.026 +03.151 -02.073
-02.865 +04.002 -08.350
+03.628 +03.656 +03.177
+01.844 +02.741 +07.936
-05.148 -07.939 +08.795
-03.855 +01.468 -06.684
-09.487 +00.045 +05.149
-04.917 +03.868 -00.693
-07.128 -04.423 -06.961
+00.396 -06.940 +04.095
-02.704 +09.149 +03.715
-03.765 -03.021 +07.189
+02.434 +08.573 +05.349
-05.970 -07.184 +01.891
+09.009 +01.015 -03.003
-03.685 -08.923 +02.405
-04.641 +06.579 -00.281
+01.612 -05.593 -04.237
-02.899 +01.292 -07.974
-01.875 +00.782 -01.277
-03.219 -01.741 -06.231
-06.037 +02.540 -05.509
+01.884 +06.583 -00.091
-01.920 +08.275 -09.282
-04.698 -00.991 -01.935
+08.539 -01.286 -08.891
-08.050 +09.662 +05.407
+04.436 +05.063 -09.436
-02.145 +04.671 -09.548
+05.999 +09.089 +04.599
-08.104 +01.950 +03.994
+09.605 -02.836 -02.598
-04.468 -04.080 +02.372
-06.126 +00.082 -01.800
-07.337 +03.751 -04.858
+07.898 +04.256 +05.032
-07.233 +09.650 -03.499
-06.810 +03.791 +01.613
+02.791 -03.846 +04.577
+07.190 -00.689 -01.599
-09.056 +08.226 +03.267
-08.858 +07.924 +04.075
+02.967 -05.172 +08.505
+02.554 -09.459 -05.863
+00.652 +00.488 +05.328
+04.976 -04.273 +07.412
+09.123 -01.213 -07.741
+08.830 +08.867 -08.530
-01.056 -01.105 -01.514
-05.686 +06.711 -05.356
-02.919 -02.880 +00.999
+00.657 -03.549 -01.418
-05.629 -01.588 +02.655
-09.140 -02.438 -04.878
+00.646 -04.893 -09.757
+02.685 -05.022 -09.162
+01.641 +07.600 -00.786
-06.574 +09.959 +07.511
-07.198 +01.713 +03.258
-00.472 +01.381 +01.388
+08.599 -06.865 +00.413
-00.970 +03.209 -05.293
-02.867 -00.519 -07.219
+08.743 +05.053 -00.181
-01.082 -01.376 +05.979
-03.510 -05.497 +09.296
-04.649 -07.349 -00.172
-07.486 -09.564 +01.642
-05.172 -07.366 +07.251
+04.933 -07.193 +02.117
+03.572 +03.069 +05.870
+07.810 -00.436 -00.151
+08.091 +00.249 +03.819
-00.404 -00.525 -07.208
+02.599 +06.409 +08.772
-01.096 +00.667 +07.051
+03.489 -05.354 -08.949
-06.376 -03.420 -04.007
+06.529 -05.628 +02.783
-04.203 -04.140 -08.947
+05.008 +04.178 +00.983
-07.036 -05.653 +09.179
+03.951 +05.048 -07.095
-07.701 +05.321 +07.889
-08.891 +07.583 -00.584
-06.291 -07.747 -04.177
-02.557 -02.002 +03.059
-02.554 -00.704 -00.415
+06.893 -06.799 +03.264
+01.923 -09.133 +03.897
+06.084 +01.681 -05.768
+02.954 +08.008 +02.728
-08.308 +08.462 +06.799
+08.611 +08.005 -09.554
-01.331 -04.796 +03.009
+08.936 -09.859 -05.099
-06.870 -09.188 -03.025
+06.180 +00.244 -04.578
-05.378 -00.469 -01.811
+00.342 +07.899 +01.450
+02.986 +06.461 -04.736
-05.567 -07.843 -06.620
-04.422 +08.757 +03.336
-05.976 +08.973 +07.693
+09.745 +02.995 -02.508
-04.095 -08.151 +04.893
+09.309 -00.292 +06.930
-04.180 -07.658 -08.722
+03.141 -07.452 -08.941
+07.135 -02.964 -07.101
+05.875 -02.347 +09.290
-01.313 +05.818 -08.854
-09.081 +06.374 +00.713
-06.142 +08.152 -03.510
-03.379 +04.704 -08.363
-03.868 +04.224 -04.282
-03.809 -02.721 -04.404
-03.375 -05.652 +00.463
-09.739 +06.482 +03.334
-06.577 -09.719 +07.299
-05.328 -02.120 +02.757
+08.255 -03.693 -01.984
-05.284 -04.913 -05.650
-05.678 +07.996 -02.796
-00.903 +02.628 +04.918
-04.341 -09.220 +01.248
-02.848 -02.144 -06.819
-06.809 -00.790 +03.250
+06.823 -08.576 +06.585
-08.902 -04.310 +07.684
+00.079 +01.972 -09.336
-02.839 -04.356 +08.854
+08.201 -09.540 +03.078
+05.862 +08.481 +06.556
+05.877 +01.907 -06.848
-00.658 +09.108 -03.510
+00.818 -09.753 -02.524
+08.439 +06.879 -00.113
+01.567 +02.206 +01.081
-01.889 -09.920 +02.710
-01.150 -01.115 -05.790
-09.631 +07.526 -08.628
+09.658 +05.677 +07.205
-09.313 -00.194 -05.314
-03.020 +01.031 -05.588
+02.528 -05.156 -02.240
-07.388 -06.421 -01.180
-05.299 -07.569 -05.735
+03.482 +05.168 -08.611
-08.017 -07.192 -00.654
+02.761 -08.022 -06.744
+01.661 +01.837 -01.110
-08.736 -06.341 -00.460
+07.590 -08.188 +00.263
-01.465 -08.099 -06.812
-07.800 -03.764 +02.473
+07.177 +07.680 -04.322
+04.442 -07.918 +08.272
-07.424 +07.688 -07.103
+00.360 -00.205 -02.230
-03.651 +02.089 +03.401
-05.396 -09.905 -09.347
+00.764 +00.486 -01.161
+08.417 -09.133 -05.349
-04.672 -05.692 -06.199
+06.433 +08.430 +02.716
+03.487 -03.167 +06.959
+05.748 +04.502 +01.843
-03.899 -05.530 +08.527
-06.715 +01.876 +07.024
-06.538 -02.825 -09.387
+04.913 +03.614 -05.944
+02.411 +02.523 -00.804
+03.982 -01.113 -06.695
+01.018 -09.253 +08.077
-02.727 +05.422 +06.702
-02.070 +01.899 +03.119
+09.471 +09.650 -04.881
-03.096 +01.328 +09.831
+05.062 -05.996 -05.955
-00.725 -09.922 -06.345
-09.238 -03.680 +05.085
-05.965 +06.479 -08.045
-09.657 -01.744 +04.013
-05.649 +01.022 -07.304
-07.641 +04.301 -01.343
-00.215 -08.038 +07.439
-03.409 -05.477 +04.154
+06.401 -06.250 -01.905
+07.469 +04.020 -09.694
-02.445 -04.902 -04.060
+09.502 -02.540 -02.207
-02.525 +09.163 +03.672
-00.540 -08.413 -04.578
-01.873 +05.870 +01.018
+09.295 +04.105 +07.750
-06.485 -01.258 +03.138
-01.990 +07.790 -02.780
+01.032 -04.368 -04.139
+09.544 -01.790 -00.059
-06.204 -01.570 +00.449
-08.025 -01.131 -00.551
-06.982 -09.657 +07.030
-05.256 -09.544 -08.263
+05.726 +00.038 -02.888
-02.198 -03.273 +02.822
-07.613 +07.822 -06.797
-02.627 -00.339 +04.880
+05.415 -06.941 -02.112
+08.211 +01.105 -06.900
+04.327 -05.171 +05.844
+00.395 -03.093 +00.828
+04.114 -01.075 -00.253
-08.480 -04.462 +04.787
-02.015 -07.693 -02.287
+02.243 +03.675 +01.254
+01.004 -08.940 +08.493
-06.303 -04.308 +05.755
-03.936 +09.939 +08.923
+00.288 +02.929 +06.668
-08.341 -06.024 -03.032
-04.474 +07.846 +06.151
-09.305 -06.643 +00.155
-08.003 -09.709 +02.956
-04.549 -04.496 -05.470
-05.976 +04.125 +02.279
+04.043 -00.078 +09.270
+05.824 -08.515 -05.638
+00.833 +09.558 +08.379
-04.601 -04.765 +00.821
-06.716 -07.353 +00.694
-03.898 -03.901 +07.802
-04.418 -04.265 +04.693
+07.632 +01.625 +03.056
-05.988 +02.811 -08.694
-08.028 -03.872 -08.785
-03.445 -04.063 +02.919
-01.232 -08.245 +05.488
+08.330 +04.379 -07.680
+02.098 +01.310 +08.029
+08.474 -02.863 -07.881
+01.338 +00.508 +05.981
-09.575 -09.594 +02.402
+09.892 -09.351 +08.330
+04.575 +09.344 +01.707
-06.037 -02.623 -06.373
-04.122 -06.093 +00.124
-07.559 -06.054 -00.670
+09.163 +09.530 -01.519
-03.514 -03.112 +00.154
+07.744 -03.172 +06.142
-00.235 -06.550 +02.671
+00.042 +01.508 -07.055
+01.208 +01.690 +02.172
-08.000 -03.246 +03.045
-00.350 -02.001 +02.157
+01.203 +06.794 -05.584
+05.461 -01.877 +07.801
+09.789 -09.196 +00.026
-03.323 -02.148 +06.827
-03.895 -06.474 +00.062
+03.381 -02.058 -04.508
+03.937 -02.448 +08.547
-07.047 +00.261 +03.824
+09.601 +08.116 +03.333
+02.788 -03.000 -01.631
+06.172 -03.067 +05.196
-01.954 +04.484 +03.132
+03.246 +03.518 +02.480
+00.308 +05.354 -07.270
+08.257 -05.550 -04.026
-06.967 +08.057 +03.015
-05.138 +03.994 +00.176
-05.847 -09.327 -08.528
+05.691 +03.772 -06.003
-06.253 -01.899 -07.475
-05.475 -04.173 -07.757
+02.134 -04.066 +07.686
+04.817 -02.874 +04.627
+08.574 +02.153 -07.094
+02.720 -04.468 +01.277
-07.264 +01.599 +08.673
+05.921 +04.824 +09.622
-05.209 -09.875 -04.925
-08.701 +07.004 +06.269
-06.172 +07.618 +00.275
-04.168 +08.656 -01.068
-06.216 +07.553 +05.071
-05.053 -06.943 -01.304
-07.640 +01.428 -07.190
-02.659 +08.926 +04.784
-07.414 +06.450 +06.660
+04.069 -02.017 -07.707
+05.813 -00.731 -01.352
-09.271 -04.473 +07.113
-01.912 -01.425 -04.087
-01.111 -07.725 -01.095
-08.491 +01.767 -08.893
-04.071 -00.693 +08.696
-04.440 -03.726 +08.242
-02.945 +06.051 -03.827
-04.244 +03.233 +01.650
+00.098 +09.046 -09.811
+02.751 -04.262 -04.683
-03.455 -07.140 +09.948
-06.864 -00.010 +01.012
-08.231 -07.803 -08.595
-09.080 +06.958 -04.075
+06.751 -03.296 +03.860
+06.846 -07.785 +07.671
+00.147 -03.939 -03.260
-08.801 +08.674 +01.304
+02.155 +08.864 -04.069
+07.525 +06.058 +04.298
-01.432 -09.973 -00.365
-00.128 +03.475 -06.119
-06.178 +03.993 +07.449
+02.766 +02.994 +06.804
-03.979 +00.999 +01.796
-06.878 +01.715 +02.205
+04.396 -02.689 -08.639
-04.017 +04.279 -02.848
-09.902 -06.969 -06.126
-06.463 +00.104 +01.151
+09.072 -02.017 +09.670
-00.751 +06.217 +07.142
+02.018 +09.793 -07.806
-07.000 -07.203 +05.214
-09.287 -04.405 +03.763
+06.058 +07.074 +09.076
-06.404 +02.080 -09.927
-07.861 +01.924 +03.487
+01.751 +09.668 -09.320
+03.519 -08.585 +04.718
+02.358 +04.058 +09.239
+07.325 +07.669 +07.358
+02.033 -03.910 +07.338
+04.298 +04.349 -02.509
+05.893 +06.976 -05.992
-08.456 +08.504 -04.356
-00.254 -03.821 -09.934
+00.804 +06.312 -07.828
-05.117 -06.512 +06.048
-09.441 -04.410 -01.753
+03.133 -03.361 +08.883
-05.414 +02.802 -05.367
+04.207 +09.360 +02.724
+08.805 -04.852 +01.252
-02.367 +02.280 -06.215
+03.685 -05.416 -07.244
+02.552 -01.108 +07.420
-03.631 -09.069 -04.881
-00.049 +07.296 +00.659
+09.366 -06.487 +01.277
+07.908 -08.480 +08.627
-07.547 -09.256 +06.727
+07.835 -08.021 +04.116
-00.107 -05.679 -00.160
-06.390 -07.308 +01.733
-01.126 -07.066 -06.050
+08.116 -07.765 -08.207
+08.813 -03.281 +04.833
+01.259 -03.080 -07.633
+05.760 +00.533 -09.255
-00.899 -06.931 +03.943
+08.773 -08.564 -06.929
-08.449 -04.770 +03.707
-09.676 -09.130 +04.327
-06.608 +06.760 -02.143
-05.436 -05.756 +03.395
-08.569 -00.957 +06.927
-09.541 -05.395 +03.649
+04.145 +00.500 -02.323
-06.421 -03.065 +06.119
+01.254 -04.473 -06.713
+05.886 -05.701 +08.439
-09.775 +08.066 -02.162
+02.353 -07.416 +00.697
+09.344 -04.698 +04.807
+01.684 +01.190 +09.217
+07.124 -07.621 +04.025
-07.946 +03.629 +09.651
+03.635 +04.674 -06.325
+05.388 +08.953 -03.543
-05.610 +01.661 +02.512
-04.422 +05.772 -07.462
-06.180 +04.607 -01.758
-03.212 +01.981 +05.268
+00.159 +04.684 -07.566
-05.686 -06.571 +05.847
-01.093 +04.439 +08.088
+04.615 +09.600 -08.607
+02.263 -05.098 -02.943
-06.013 +04.372 +06.226
+03.909 +06.684 +06.942
+03.596 +05.712 +03.014
+02.549 -01.323 -08.003
+08.601 -09.111 +05.026
-08.440 +00.908 +08.863
+05.908 +04.289 +05.456
+00.559 +03.775 +00.564
-00.227 -00.709 +04.611
-02.063 +00.889 -00.914
+00.223 -08.898 -06.629
+00.049 +07.775 -03.455
+01.020 -05.592 -05.945
-07.941 -06.236 -08.251
-08.969 -07.171 -01.932
-05.357 +08.454 -09.684
-02.175 -02.530 +03.081
+01.573 +08.662 +00.591
-05.818 -03.049 +08.127
-09.207 -01.377 -08.330
+03.183 -04.271 -04.899
+08.781 +00.150 -07.537
+05.550 -01.179 +01.071
+08.365 +01.963 -00.153
-02.980 +07.067 +02.546
-05.364 +07.430 +00.059
-07.671 -08.844 +06.840
-02.794 -00.847 -07.560
+08.842 -05.129 +06.255
-00.523 +05.109 +00.280
+07.522 -08.727 +06.042
-09.601 -00.576 -09.392
+04.554 +07.199 -00.043
+00.992 -02.815 +00.924
-01.487 +07.449 -08.903
-02.391 +01.215 +05.209
+07.416 -07.486 -09.672
+00.911 -07.822 +06.573
-08.747 +08.366 -09.877
-02.965 +04.684 -03.574
+06.022 -04.347 +02.692
-04.025 +09.206 -07.654
+04.588 +03.197 +00.800
-07.736 +06.549 -09.484
-02.711 +00.307 -08.653
-02.545 +02.705 -09.409
-08.717 +00.364 -04.678
+00.721 +09.196 +03.124
-06.575 +01.553 +01.609
-04.292 -02.489 -02.668
-06.103 +04.150 -01.476
+02.785 -06.870 +00.626
-07.847 +02.273 -05.391
-03.127 +08.598 +05.238
-01.516 +02.386 +02.857
+05.076 +04.960 -08.418
-09.093 +07.940 +09.199
-09.201 +06.368 +00.270
+01.635 -03.702 +01.417
-01.771 +08.005 +04.644
-08.291 +00.336 +02.500
+00.321 -06.457 -06.656
-01.004 -05.482 +04.521
-02.723 -09.991 +06.585
+05.476 +01.510 -03.769
+03.049 -06.523 -03.050
+08.010 -06.353 -07.403
+04.011 +03.225 -06.489
+08.051 +08.436 +06.407
+05.018 -08.201 +05.671
-04.808 +03.522 -09.737
+09.388 +01.217 +01.209
+07.837 +06.733 +07.468
+02.639 +04.640 +07.289
-09.827 -02.473 -05.575
-01.208 -01.649 -09.987
+03.739 -03.435 +07.509
+06.471 +05.501 +03.407
+07.791 +07.881 +06.346
-05.519 -05.746 -07.194
+01.807 +01.767 -02.932
-01.775 -01.117 +06.648
+00.048 +05.921 -01.957
+02.731 -07.997 -05.140
-06.105 +04.325 -04.052
+07.680 +06.649 -03.930
+00.388 +00.299 +07.587
-09.173 +04.533 -07.061
-07.415 -06.806 +09.793
-03.456 +02.803 -03.439
-08.971 +05.640 -06.246
+02.221 +05.721 -09.473
+07.415 -06.535 +08.876
-02.138 +00.742 +02.979
+02.408 -01.901 -02.769
-06.156 +09.698 -06.383
+09.732 -07.900 -05.743
+06.189 +03.579 +03.346
+08.351 +00.592 -07.450
+08.594 -06.283 -04.982
-07.558 +04.515 +02.654
-08.783 +02.789 +07.125
+09.726 -05.819 -05.627
-03.468 +07.350 +07.069
+05.022 +04.188 +03.409
+06.367 +06.143 -07.475
+06.933 +01.488 -05.013
+01.337 +06.097 +09.059
-04.103 +09.338 -07.186
+00.267 +02.295 +07.925
+06.247 +03.628 +04.943
-02.419 -03.225 +05.313
+02.627 -05.146 +02.788
-04.083 -01.453 +01.567
-02.831 +09.834 +02.464
+00.919 -06.408 +03.510
-08.521 +08.405 +09.637
-08.788 -07.753 -02.258
+07.916 +04.285 -09.390
+07.780 -01.421 +00.502
+07.329 -05.898 +01.072
-02.011 -02.742 +08.463
-03.847 -05.045 -02.721
+09.114 -03.363 -07.853
-07.306 -04.647 -00.351
+00.376 +03.077 -01.981
+04.419 -08.617 -02.560
-06.647 +01.790 -08.842
+00.016 -00.579 -04.610
-08.996 -07.385 -07.352
+05.357 -08.198 -04.319
-07.301 +02.037 -08.781
+06.820 +07.506 +01.438
+04.698 +09.905 +02.501
+08.326 -08.397 +08.588
+09.077 +08.359 -00.786
+02.914 +05.175 +02.542
-05.338 -01.860 -02.257
-00.906 -06.829 -07.988
-06.782 +04.388 -05.934
+05.117 +05.005 -00.811
+00.150 +01.603 -06.941
+07.994 -08.840 +05.490
-09.402 -02.722 +01.607
-04.529 -02.831 -05.600
+05.072 -07.370 -09.198
+01.502 -03.751 +04.313
+05.327 -05.651 -01.102
-03.934 +08.609 -06.623
-04.470 +08.151 -03.287
-02.377 -04.105 +00.911
+00.550 +04.258 -03.792
-09.549 +03.680 -02.488
+05.575 -00.726 -03.610
-04.946 -09.176 +07.279
-04.755 -06.328 -03.495
-01.575 -03.589 +09.766
+07.696 +00.512 -01.509
-01.881 -05.787 +07.866
+08.792 -04.074 +07.723
+09.623 -06.385 -06.531
+06.869 +04.335 -01.165
+04.985 +02.539 +02.292
+05.099 +04.544 +00.557
-09.851 -09.601 -01.067
-02.171 -00.588 +00.948
+00.074 -05.374 -00.960
-04.728 -02.937 +00.013
-05.736 -07.914 +04.400
+06.229 -01.816 +08.473
-04.032 +09.116 -02.674
-07.078 +02.988 +09.168
-05.110 -05.408 +09.227
-09.004 +02.665 -04.427
+03.544 +05.058 -08.307
-07.358 -09.242 -09.743
-05.143 +03.063 +00.601
+09.105 +09.114 -02.816
-02.661 -04.436 +00.272
+08.500 -08.103 +02.122
-08.041 +09.330 +04.642
-07.640 +04.324 -08.403
+08.899 +09.428 +06.724
+08.073 -09.619 -00.416
-07.796 -01.568 -06.460
-05.656 -02.796 +05.100
+00.529 +06.420 -04.479
+04.060 -03.109 +07.473
+07.953 -05.847 -00.623
-01.986 -06.584 +05.678
+07.443 +03.897 -03.666
+04.197 +07.159 -06.927
-09.193 +09.144 +01.901
-05.809 -03.803 -00.187
+02.420 +01.905 -01.599
+04.939 -08.668 +04.836
-08.853 -06.991 -02.845
+07.929 +00.467 +06.461
-08.141 +04.009 +09.827
+07.543 -07.564 -05.120
+09.034 +05.788 +01.509
-05.318 -01.990 +08.854
-03.231 -09.749 -01.354
+09.780 -06.809 -03.241
-06.353 -05.294 +01.313
+03.250 -05.227 -05.712
-03.085 +00.567 -02.065
+00.542 -08.865 -00.111
+05.148 -02.795 -00.961
+00.468 +07.185 +09.316
-06.937 +00.970 -03.879
+01.984 +06.544 +09.048
-00.040 +01.159 -07.833
+07.942 -06.022 -09.230
+04.288 -01.401 +07.859
+00.181 +06.899 +04.666
-00.649 +02.303 +03.820
+09.520 -04.130 -06.303
-02.186 +06.407 +08.967
+06.608 -04.870 -04.425
+04.764 -05.127 +06.559
-05.643 +06.475 +08.743
+04.422 +08.356 -02.872
-07.673 +01.335 -01.710
+04.286 +05.621 -02.678
+03.469 +08.500 +08.447
-03.775 -05.277 -03.948
-02.856 -07.656 -01.184
-04.603 -04.328 -05.789
+03.124 +07.398 -05.070
-04.636 -01.446 +09.001
+00.830 +06.175 +07.661
-07.110 +08.642 +07.373
-01.216 +00.656 +06.727
-05.648 -04.452 -01.729
+03.636 -09.596 -04.019
+06.451 -09.137 -09.117
+01.001 +06.373 +00.418
+06.913 +06.090 +03.458
-01.555 -01.493 -09.036
+09.989 +02.765 +05.824
-04.563 +04.168 -01.783
+04.791 -02.808 -08.025
-07.801 -00.829 -01.645
+00.546 +07.052 -09.261
+00.152 +01.401 +00.244
-09.107 +05.877 +09.401
-04.850 -08.508 +00.631
+09.888 -07.159 +09.145
+04.038 +06.960 +07.575
-05.632 +04.207 -05.217
-00.453 +04.419 +06.430
+01.933 -02.158 +06.050
+08.525 +05.616 -08.863
+06.103 -01.326 -00.739
-03.957 -00.538 -00.079
+00.900 -02.611 -07.249
-02.049 -00.408 +09.140
-05.442 -05.559 +04.475
-00.896 +03.310 +07.071
-00.809 -05.897 -08.445
-03.531 +02.996 +00.693
+00.506 +05.087 +09.545
+06.290 +09.132 +04.532
+07.696 +00.996 +07.802
-04.593 -02.303 -03.503
-03.607 -03.182 +02.029
-02.320 -02.376 +03.255
-04.086 +09.317 +03.972
-00.393 -06.869 +07.836
+03.432 -02.112 -03.205
+03.506 +01.850 +00.813
-09.029 -00.400 +02.050
+07.632 -06.390 -05.827
-00.831 -07.250 -00.757
-07.749 +05.214 +07.781
-02.396 +07.063 +01.527
+08.861 +05.061 -05.613
+05.818 -06.905 -01.360
-06.841 -06.756 +00.458
+02.589 +03.013 +02.559
-03.377 +05.732 -01.587
-02.028 -07.066 +02.078
-06.585 -07.142 -04.965
-09.216 -01.130 -04.339
+05.167 -03.073 -07.530
-04.001 +07.881 -03.871
-03.903 +03.012 -07.164
+00.678 -06.927 -04.548
+07.503 +02.687 -05.521
+01.861 -08.201 -08.555
-06.550 +01.658 -04.659
-00.401 +02.974 +05.490
+04.711 -09.423 -03.977
-00.304 -00.709 +06.312
-05.771 +06.341 +07.165
-00.642 +02.906 -06.547
+05.999 +08.190 -09.774
-00.150 -05.092 -02.436
+06.365 -01.444 +09.909
-02.265 -06.663 -04.613
+00.376 +00.025 +09.290
+02.874 +06.776 -08.373
-07.531 -00.930 -09.375
+03.613 +04.783 +00.549
-04.748 +07.149 -03.481
-06.307 -08.383 +08.746
-03.872 +04.986 -07.919
+02.959 -01.844 +05.478
-08.879 +04.919 +07.590
-00.065 -02.017 +09.865
-04.273 +09.653 +00.676
+06.831 +09.410 -04.411
+09.795 -05.305 -08.984
-02.898 +01.104 +02.985
+07.298 +05.290 -09.440
+05.329 +04.275 +07.241
-01.174 -00.898 +00.443
+09.011 +08.323 -05.364
-03.267 +05.263 +08.227
-09.114 -09.587 +01.965
+06.377 +04.099 -02.039
+01.007 +08.610 +03.694
-06.837 +07.397 +08.011
-04.406 -06.260 +04.823
+04.123 +04.310 -05.199
+06.515 +07.211 +03.682
-00.784 -08.100 +02.412
-08.516 -01.460 +09.372
-02.930 +09.738 -05.770
-05.629 +07.622 +03.210
-05.930 -08.006 -08.333
+06.110 +05.998 +07.913
+09.122 +03.849 -00.664
-05.928 -06.586 -03.099
+08.660 +04.503 +00.265
-05.537 +06.244 -01.182
-09.258 -06.274 -04.296
+07.981 +00.819 -08.692
+02.921 -03.946 +02.296
-00.689 +02.797 +02.231
+05.048 +08.330 +03.037
+03.255 -02.387 -09.830
+09.074 -02.826 +04.595
-04.730 -08.575 +08.816
-07.973 +09.765 +00.261
+06.732 -08.298 -08.954
-03.875 +08.655 +01.388
-01.065 -04.163 +02.777
+09.349 +07.701 +01.212
+05.904 +05.216 -05.778
+05.508 +03.813 -08.511
-08.677 -02.653 -02.053
-04.604 -05.994 -07.131
-09.512 -04.666 -08.042
-00.013 -03.277 -07.490
-00.373 +08.403 -08.385
-04.295 -02.904 -09.096
+06.353 +07.343 +02.438
+06.106 +09.343 -04.744
-00.984 -03.406 -08.594
+05.895 +05.967 -09.563
+04.330 +02.678 +00.212
-09.454 -09.640 +07.145
-00.984 +01.011 +01.508
-03.335 -00.445 +02.945
+06.824 +02.740 +07.228
-07.056 +06.931 -02.034
+01.700 -06.485 -00.340
+01.986 -01.223 +07.326
+06.434 -00.549 -04.302
-03.535 +06.387 +04.012
+00.401 +03.982 -02.118
-07.798 -01.399 -08.311
-04.518 +00.179 -01.359
-07.424 +07.667 -04.097
-02.548 +02.816 +03.969
-00.748 +05.886 -00.718
-01.972 +03.638 -02.819
+04.692 +09.295 +08.822
-04.148 -08.848 -06.343
+01.689 +05.220 -09.135
+08.782 -02.213 -02.051
-02.695 -07.964 +06.910
-09.962 -03.217 +00.923
-06.492 +09.989 +07.176
-06.016 +08.887 -05.335
+04.709 +04.805 -04.893
-05.092 +03.694 +09.171
-09.327 -03.102 -07.726
+07.102 -03.667 +06.633
+04.185 -03.176 +04.034
-09.548 -01.656 +09.698
+01.753 +05.107 -00.651
-03.045 -02.725 +04.013
+03.476 -07.215 -02.033
+01.648 -02.383 -04.054
+00.318 -09.391 +00.418
+06.986 -02.098 +05.424
+09.343 -06.470 -08.110
+06.767 -06.952 -02.767
+01.818 +08.093 +00.441
+00.035 -08.712 -09.938
+07.291 +09.974 -00.552
+06.500 +07.584 +02.806
-04.234 +03.274 +03.624
+09.669 +00.139 +03.857
+01.560 +06.971 -02.063
+02.269 -05.414 -05.850
-04.151 -03.391 +04.995
-09.906 +09.161 -08.626
-07.317 -00.195 +09.027
-08.863 +08.386 -02.099
+09.970 +04.007 -03.031
+08.213 +00.022 +09.836
+00.871 -01.609 +09.039
-05.373 +06.187 +05.490
+01.392 +04.569 +00.012
+07.819 -03.646 +07.833
+07.961 +00.613 -02.686
-03.006 +02.281 -06.861
-01.528 -08.628 -06.503
+04.906 +08.096 +07.646
+06.102 +00.183 +07.682
+03.655 +01.364 -07.512
-04.409 -01.480 +06.077
+04.091 +00.147 +08.617
-08.016 -07.181 +09.247
-06.044 +07.087 -03.778
+02.902 -04.993 -00.147
+04.931 -07.260 -09.767
+02.280 -07.481 -00.317
+02.976 -04.149 -06.293
+08.566 -02.824 +00.765
+00.814 -04.732 -08.331
-00.292 +08.530 +03.329
-09.746 -08.824 -05.659
+06.791 +09.734 +07.356
-08.957 +09.669 +07.157
-02.400 -07.609 +04.260
-02.606 -05.407 +05.344
-09.388 -03.904 +00.014
-08.495 -08.169 -02.572
+00.458 +02.293 +09.466
-08.398 -08.622 +02.151
+01.728 +01.728 +00.706
-03.529 +04.328 +02.487
+05.145 +01.117 -04.285
+07.053 +07.223 -03.556
-03.142 +01.460 +06.396
+00.532 +01.705 +08.011
+08.102 -07.284 -03.725
+04.018 +07.073 -05.101
+07.323 +03.387 +04.085
-04.269 +09.135 +06.187
-09.603 -09.940 -08.889
+03.598 -01.538 +03.040
-01.413 -06.772 -05.927
+02.232 +08.749 +03.784
+03.703 +09.910 +01.365
+06.175 -07.272 -05.717
-06.893 +00.075 +09.305
-08.927 +01.373 +05.737
+00.051 +03.089 +05.494
+08.648 +02.771 -07.394
+09.939 +05.962 -02.844
-07.959 -04.918 +07.814
-05.666 -07.142 -06.949
+00.379 +07.657 +01.489
-03.072 -00.717 +07.363
+08.478 +02.061 -06.444
-02.252 -01.092 -05.533
-07.422 +03.015 +09.399
-07.061 -00.865 -05.109
-04.837 +07.650 -06.900
-04.770 +02.309 -07.871
-09.183 +00.793 -04.047
-02.098 +03.823 -03.444
+02.677 -04.878 +01.813
+07.535 -07.243 -07.373
-02.752 -07.346 +07.257
+07.371 +00.394 +09.664
-04.800 +02.312 -09.646
+07.132 -04.610 -06.523
+06.121 +01.084 -00.474
-07.971 -07.046 +04.132
+01.088 -01.050 -08.264
+06.073 -04.161 -00.587
-03.103 -04.447 +02.869
-03.923 -00.478 +04.985
+03.153 +03.601 +09.926
-03.809 -03.703 +00.316
-04.594 -07.452 +03.414
-00.970 +03.012 +00.723
-00.442 +09.379 +07.771
+07.484 +07.818 -07.519
-05.387 -06.399 -06.351
-01.763 -03.711 -08.904
-09.798 +03.503 +07.567
-03.397 -05.217 +09.357
-00.845 -07.869 -02.046
+06.842 -01.618 -05.338
-01.623 +08.024 +02.470
+03.643 +09.859 -02.059
+07.052 +03.777 +04.140
+03.398 -00.246 -05.699
-08.381 -05.291 +02.229
-03.241 -05.561 +08.281
-07.978 -02.375 -01.889
-07.319 +09.372 -04.072
-04.878 +04.165 +01.522
-09.968 -06.014 +01.625
+01.743 +08.372 -07.946
+06.313 +03.817 -00.254
+03.974 +06.564 +01.839
+07.300 -06.535 +03.659
+00.905 -06.445 -06.031
+04.672 -06.695 -04.056
-07.347 +09.872 -03.509
+02.614 +06.192 +02.133
-01.763 +08.637 -02.079
-05.144 -04.363 +06.124
-03.237 +07.503 +03.058
+06.807 -09.694 +01.570
+02.000 +09.720 -09.800
-02.480 -07.546 +06.457
+00.155 +04.742 -00.679
-09.857 -04.404 -01.901
+02.987 -03.417 -00.111
+09.977 -08.348 +00.690
+06.721 -08.189 -03.224
+04.872 -06.867 -06.386
-09.695 +01.105 -04.166
-09.569 -06.602 -00.756
-09.910 +02.887 -05.777
-03.428 -02.194 +03.140
-06.887 -07.159 +09.557
-02.661 -09.826 -06.090
+01.282 +01.171 -04.291
-05.753 +03.545 -00.320
+06.783 -01.017 +00.222
-03.803 -03.444 +00.248
-08.438 -08.672 +02.095
+06.839 -02.540 -07.163
-03.219 -01.551 -04.198
-01.758 +07.083 -02.465
-09.723 -01.896 -06.082
-08.810 +09.433 -02.847
+02.241 -01.782 -03.045
-03.791 +02.437 -04.788
+02.277 +07.116 -07.517
-02.995 +06.616 +08.597
+00.887 -00.286 +08.205
+02.285 +03.404 -07.424
+00.033 +05.319 -03.206
-03.519 +07.188 -00.874
+04.227 -02.275 -08.954
+08.639 +06.848 -01.765
+05.510 +01.341 -01.748
-09.914 -04.597 +07.049
+01.899 -07.878 +01.683
+01.806 +02.362 +02.901
+03.076 +01.167 -01.253
+09.666 +00.074 +01.174
-02.720 +08.451 -06.684
-06.800 -09.128 +01.848
+06.760 -06.702 +08.980
+01.227 +09.549 +03.720
-07.482 -08.249 +07.066
+02.394 +07.897 +01.283
+02.724 -09.399 -09.239
-06.092 +04.980 +07.536
-03.225 -09.764 +01.735
+03.972 +01.282 -09.136
-01.862 -07.608 -02.901
+04.787 -02.362 -09.303
-05.945 +05.917 -04.808
-03.580 -06.892 +06.425
+08.511 +07.383 -08.070
+02.465 -01.868 -08.515
-04.405 +03.894 -01.348
+06.113 -07.114 +04.110
-04.859 +08.917 +05.105
-08.154 +02.936 -01.352
+00.077 -07.436 +07.870
+04.282 -00.482 -09.618
+03.738 -09.331 +00.706
-00.910 +05.257 -09.257
-01.578 -03.416 +00.643
+05.228 -00.933 +03.521
-00.089 -04.764 +09.552
+05.939 +02.027 -05.443
+08.451 -02.237 +05.265
+05.951 -01.597 +00.051
-00.665 -01.652 -07.874
+00.845 +08.416 +00.505
+04.826 -04.517 -09.818
+01.564 +04.678 +05.779
-01.011 +01.222 -09.779
+04.018 -04.023 -06.102
+03.504 -08.940 -07.614
-07.091 -07.442 +01.192
+01.946 -08.394 +05.865
+06.200 -01.642 +07.069
-07.139 -05.104 +06.228
-06.610 +03.042 -04.159
+05.356 +09.950 +04.274
+09.248 -09.050 -01.546
+01.256 +05.628 +02.479
-09.420 -05.537 -05.357
-04.689 -02.791 +09.249
-03.555 -06.104 -05.432
+05.388 +09.779 -07.577
+01.896 +00.924 +02.915
+07.261 +08.274 -09.539
-02.221 +03.006 +07.604
+07.286 +01.239 -01.110
+08.214 +09.011 -06.295
+06.659 +01.400 +03.722
+00.861 -08.560 -03.014
-07.947 +04.202 -09.806
+08.987 +00.983 +08.816
-02.145 +01.267 -01.992
-01.066 -00.672 -02.313
-02.597 -04.645 -05.463
+03.478 -03.748 +05.040
-07.298 -03.735 -09.819
-00.677 -09.451 +01.292
-00.440 +06.778 +02.767
-05.109 -09.765 -04.800
-02.783 +02.283 -09.792
+06.740 +09.608 -01.899
-09.135 +02.816 -02.896
-07.215 -09.115 -07.609
-09.872 +01.794 -02.892
+02.568 +06.030 -08.695
+03.017 +04.550 +00.322
+02.209 -01.814 -09.910
+02.296 -03.314 +05.380
-07.145 -09.368 +00.549
-05.359 +02.335 -05.055
-08.807 +07.934 -01.918
+06.212 -09.208 +03.274
-09.292 -06.209 -09.559
+02.618 -01.719 -05.733
+05.596 -01.904 +04.045
-07.356 +02.667 +04.133
-01.339 -03.790 -05.070
-07.244 -06.560 +02.617
-00.308 -05.121 -03.125
-09.662 -08.767 -08.582
+08.902 +01.630 -03.515
+00.810 -07.021 +01.310
-02.303 -08.935 +00.199
+01.330 -05.916 +08.364
+07.618 +08.918 +07.768
-00.397 +05.218 -00.177
-05.998 +09.963 -02.488
+06.006 +02.736 -07.896
-00.557 -00.781 -03.604
+08.427 +07.234 -05.567
+07.650 -03.898 -09.172
-01.525 -07.960 -01.621
+02.379 -05.058 +08.391
-05.270 -01.876 +00.788
+02.961 -02.123 +08.612
-04.151 -04.766 +04.834
+05.576 +06.472 +00.957
-04.934 +03.195 -04.123
-07.875 +02.047 -07.564
+09.504 +04.580 +07.727
-02.480 +01.681 -07.834
-00.372 +09.463 +06.492
-04.480 +06.872 -00.754
+04.826 -03.389 +03.318
+00.042 +06.969 +06.727
+01.620 -07.989 -06.668
-01.174 +04.439 -05.661
-05.761 -09.441 +09.090
-07.684 +09.031 +07.059
+08.499 +02.585 +04.443
-06.470 -07.878 -03.091
+06.501 -02.429 +09.111
+03.506 -02.488 +02.406
-06.640 +02.472 +04.080
-00.914 -07.804 -00.073
+01.351 +09.280 -06.630
-01.294 +09.768 -07.297
-08.874 +05.993 -08.319
-00.531 -07.656 +09.942
-04.506 +02.976 +09.697
+01.738 -03.525 -01.946
+09.119 +09.994 +00.894
-06.227 -04.582 -00.486
+00.087 -02.881 -07.886
-04.339 -09.702 +08.494
+04.901 -02.477 -05.922
+02.336 +01.059 -04.018
+02.549 -05.579 -01.146
+03.889 +01.916 -05.993
+01.098 -03.891 +05.360
-04.883 +09.283 +09.160
-00.942 +07.857 +07.340
-04.374 +01.404 +07.664
-07.476 +03.530 +07.903
-00.302 -04.303 -00.667
+09.928 +00.455 -03.939
-07.441 -09.128 -02.940
+02.472 -07.799 -04.644
-04.732 -04.421 +03.511
+06.553 -00.141 -00.266
+04.244 -09.610 -07.782
-04.943 -07.162 +06.747
-03.187 +08.100 +08.082
-06.964 -07.603 +03.512
-00.322 +02.538 +09.926
+09.851 -05.178 +06.948
-08.690 +08.220 -03.921
+04.211 -06.154 +06.639
+08.059 +07.022 -03.283
-03.574 -04.404 +05.749
+05.305 +09.092 +02.887
-05.563 +06.412 +01.454
-03.639 -06.802 +00.455
+02.750 -07.815 -00.415
+09.751 -05.426 -00.072
-02.495 +08.523 +09.832
-08.576 +03.246 -05.568
+05.553 +05.598 +06.582
+01.684 +00.731 -00.526
+07.653 -03.358 +09.079
+06.960 +05.936 +02.998
-01.944 +04.829 -02.433
+01.280 +05.321 +05.990
-09.504 +03.271 -04.324
-08.884 +03.773 +00.770
-04.878 +00.045 -07.386
-00.827 -06.911 -07.068
+03.333 -02.867 +05.512
-00.454 -05.917 -06.442
+05.759 +05.932 +02.755
+03.131 +03.867 +03.177
-03.828 -09.518 +02.547
+06.320 +05.642 -08.437
+02.790 +01.268 +02.128
+06.700 +01.258 +04.205
-01.351 -05.565 +09.863
-07.629 +01.244 -01.756
+09.077 +03.664 +09.077
+00.556 -07.815 -06.074
-03.714 +07.953 -03.978
+03.688 -07.034 +08.745
-09.605 -02.346 -05.629
+05.354 +06.115 +08.203
+00.512 +00.656 +01.910
+05.073 +09.178 +04.395
-04.099 +06.542 +06.138
-09.701 +02.810 +01.149
-06.808 -05.062 -01.290
-00.084 -07.798 +07.564
+08.363 +00.910 -09.521
-09.860 +07.905 -09.364
+02.006 -07.385 -09.142
+06.595 -03.625 +09.167
-02.043 +05.837 +07.047
+09.784 -07.540 -06.628
-08.684 +02.726 +02.311
-04.184 +02.614 +05.663
+09.087 -06.085 +07.856
-00.969 +08.543 -05.867
+02.931 -03.100 +00.680
+09.715 -01.564 -03.047
-02.428 -07.483 +04.362
+06.484 -09.106 +01.139
+07.039 +01.140 -00.885
+06.450 +06.334 -06.836
-08.438 +06.202 +07.504
+01.775 -07.713 -01.517
-03.184 -08.072 -08.499
-05.589 +07.123 +05.225
+01.751 +07.243 -06.035
-01.096 +07.250 -03.689
-09.480 -01.196 +06.646
-01.251 +03.201 +02.236
-00.460 -00.233 -01.800
-01.517 +07.422 -02.850
+04.158 -06.959 +07.732
-02.689 -02.318 -06.367
+07.981 -07.539 -04.837
-02.501 +06.676 +05.582
+06.355 -06.151 -09.011
+01.438 -04.728 +07.261
+01.441 +02.514 -08.870
-03.804 +09.443 +09.722
-04.676 +04.763 -02.368
-07.302 +06.841 +00.728
-09.082 -05.110 -01.663
+09.910 -08.444 -07.200
+07.209 +07.279 +01.260
-07.463 -08.808 -03.334
-06.509 +05.659 +00.325
-06.826 -00.674 -01.204
-01.606 +05.449 +03.686
+09.996 -00.627 +03.487
+07.866 +05.496 +08.737
+05.069 +08.013 +03.139
-03.255 +09.982 +03.143
-01.750 +09.788 +07.658
+04.168 -03.211 +08.916
-01.147 +09.595 +03.829
-07.216 -00.354 -00.084
+01.971 +02.612 +04.620
+03.989 +00.053 -06.049
+08.502 -09.399 -02.602
+07.927 +05.300 +08.035
+01.574 -05.909 +00.103
-00.061 +05.299 +03.449
+00.895 -08.307 +05.433
+01.593 +04.460 +04.933
+03.288 -00.578 +00.397
+00.124 +00.617 -00.925
+06.281 +08.506 -05.249
+07.995 +08.076 +01.122
+07.312 +06.004 +07.301
+07.344 -08.316 +04.999
+05.322 -01.513 -06.169
+01.920 +03.290 -07.691
-01.709 -04.626 -04.744
+06.847 -09.618 +00.545
+05.326 +08.600 +04.858
+03.516 -07.952 +02.141
+01.194 +03.180 -02.572
+03.618 -03.056 +09.672
+05.328 +00.802 -02.335
-04.574 +03.503 -00.631
+08.106 -05.425 +06.824
-04.723 -02.414 +09.438
+00.476 +08.803 +05.101
+06.236 -06.232 -09.775
+01.024 -06.061 +08.078
-06.304 -06.506 -00.683
+03.883 +08.452 -06.205
-04.167 +05.235 -04.715
+05.321 +09.991 -09.226
-04.321 -06.720 +05.642
-02.509 +05.798 +07.420
-09.082 +01.659 -07.970
+03.054 -00.862 -00.222
-04.754 +09.464 -06.905
-08.376 -04.937 -04.156
-08.399 +01.195 +08.100
+09.835 -08.754 -04.513
-01.128 +08.022 -03.394
+08.837 +01.376 -05.762
-05.946 +05.841 -03.651
+02.445 -02.501 +01.480
+09.047 -01.213 -03.413
-00.741 +06.842 +06.226
-06.393 +00.215 -00.904
-02.804 +05.361 +03.382
+06.517 -04.328 -01.702
+08.140 +05.837 +03.337
-05.963 +01.423 +01.578
+05.366 -06.650 +09.764
+09.496 -05.824 -07.875
-08.142 +08.301 -04.173
+07.077 +03.121 -08.141
-07.405 +02.782 -05.693
+02.310 -07.723 -06.021
+08.827 -05.690 +04.118
-06.730 -02.618 +04.274
-04.652 +02.433 +09.668
-05.588 +00.441 -04.010
+08.137 +05.232 -09.347
-01.913 -04.448 +00.517
+09.912 +04.648 +05.680
+07.506 +08.367 -03.986
+04.773 +02.838 -07.077
-03.286 +05.148 -09.804
-00.654 -08.994 -08.819
+05.235 -00.515 +02.197
-03.890 +02.628 +03.428
-07.112 +02.036 -01.113
-08.771 +06.039 -03.722
+09.368 -09.938 -08.948
-06.165 -07.741 -08.062
+03.506 +04.509 +01.504
-08.142 +06.525 +00.846
+05.527 +00.358 +04.923
+07.059 -07.313 +04.808
+07.148 +00.519 +00.938
+04.775 +04.946 -06.838
-04.639 +02.662 -01.472
-04.602 -09.525 -02.869
+05.043 +08.480 -06.483
+01.784 +01.060 +04.287
-06.998 -07.341 +06.332
+01.048 +06.876 +06.227
-08.892 +07.654 -01.503
-05.813 -03.217 +04.818
+01.089 -01.649 +04.595
-00.194 -07.648 -09.728
-03.816 -01.736 -07.720
-02.261 +00.003 -07.270
-08.308 -02.082 -07.881
-03.482 -08.456 -07.853
+02.267 +01.521 +04.316
+07.966 +08.506 +07.303
+01.314 +05.306 +00.148
-08.842 +04.795 +03.353
+09.646 +01.552 +03.842
-01.928 +06.435 +06.881
-08.143 +02.248 -03.908
+00.872 -07.614 +00.231
-03.596 -07.659 +06.954
-00.174 -03.774 -09.826
+09.174 -05.813 -04.152
-03.676 +00.468 +03.768
+03.422 -07.559 -01.237
+03.156 +01.962 +01.249
+07.315 -09.113 -04.789
-01.154 -09.496 +05.865
+07.528 +03.292 +09.704
+02.105 -08.208 +03.261
+05.642 -02.710 -07.446
-09.515 +01.459 -05.530
+09.263 +07.781 -00.023
-01.603 +00.153 +00.969
+03.450 -01.273 +01.053
+07.928 -09.380 -00.164
+01.427 +04.141 +03.491
-05.190 -02.155 -07.080
-08.093 +07.553 -02.082
-08.284 -04.099 +02.938
+06.985 -03.295 -08.157
+00.350 -05.093 +00.771
-02.813 -08.564 -08.287
-00.654 -08.827 +07.971
+00.399 +06.638 +07.782
+01.019 +05.271 +03.726
+06.457 -01.928 -05.923
-03.923 +00.313 -05.954
+09.468 +01.661 -02.693
-05.109 +05.256 -05.960
-05.709 -08.374 -00.455
+03.961 -09.942 +04.622
+00.986 +03.201 +00.702
-04.533 -01.357 -00.591
+07.778 +03.035 -09.897
+04.750 +04.195 +08.504
+00.678 -07.823 -01.394
+09.265 +09.127 -02.835
+05.494 +03.601 -03.645
+00.690 -04.092 -02.924
+08.582 +03.159 -02.874
+01.972 -04.333 +02.141
+01.265 -03.247 +03.777
-04.896 -05.035 +05.537
-06.196 +02.165 -09.935
+04.929 -07.402 -00.129
-02.137 +08.068 +08.175
-09.627 +01.594 -04.733
-07.884 -04.509 +00.111
-03.261 +05.611 +08.273
-01.158 +01.332 +04.223
-01.497 +03.500 -09.425
-08.765 +08.277 -07.480
-05.471 -05.300 +04.609
-06.117 +07.231 -09.405
-08.519 -02.284 -04.031
-08.167 -07.744 +07.474
-01.949 -05.823 +06.169
-06.128 -05.252 -00.132
-04.517 -06.399 -05.270
-06.671 +07.585 +08.005
-05.956 -08.601 -09.362
-00.632 +00.050 +01.074
-06.902 +09.191 +07.549
+01.514 -06.027 +08.179
-02.828 +05.304 +01.030
+03.299 -08.137 +02.692
+06.294 -01.951 +08.140
+01.065 -03.034 +03.333
-01.081 -01.187 -04.810
+02.265 -00.253 +02.596
-01.333 +08.956 +08.534
+09.307 +00.936 -08.176
+03.417 -05.027 -04.820
-04.159 +06.296 +09.521
-04.148 -08.140 -00.813
+01.063 -07.221 +07.797
-05.150 -03.946 +09.187
-02.014 +09.833 -04.543
-03.908 +02.202 -09.543
-05.954 -01.480 -08.218
+04.728 +01.501 +04.411
-06.522 +04.114 -07.445
+02.998 +07.791 +09.759
-01.209 +09.064 -03.247
+07.789 -01.473 +08.400
-05.201 -01.337 +08.326
+09.891 -00.947 -02.812
+04.554 +01.877 +05.873
-09.874 -02.666 -07.485
-04.731 +03.842 +09.073
+04.949 -03.368 +00.443
+07.510 -09.956 -08.899
+07.677 +02.164 +07.448
-07.941 -08.999 +03.752
-01.833 -00.476 -02.886
-00.247 +04.191 -03.373
+04.338 +00.796 -02.675
-05.849 -03.885 -08.329
+05.442 -04.351 +00.562
+07.862 +08.998 +04.568
+05.854 -00.252 -06.699
-09.673 -01.358 +00.064
-06.300 -07.107 +06.035
+09.976 -07.358 -06.262
-09.656 +02.360 +06.213
-08.001 -05.578 -02.080
-05.945 +00.971 +07.689
-04.620 +08.980 +02.619
+06.383 -00.271 +02.700
+09.857 +08.621 -06.604
-02.552 -03.436 +09.054
-02.556 +00.380 +09.779
-05.096 +04.929 -06.918
-00.857 -01.052 +05.349
+06.826 +08.543 +06.706
+06.732 -02.678 -06.822
+08.491 +04.320 +08.645
+06.394 +04.794 -06.401
-06.844 -05.343 -00.611
-05.477 +00.258 +03.875
-05.344 -03.256 +00.887
-08.438 +01.480 -02.241
-08.717 -05.674 +03.730
+03.947 +04.439 -09.100
-07.303 +07.941 +08.157
-06.175 +08.184 -01.844
+04.762 +08.129 -00.817
-09.776 -02.780 +00.658
+06.781 -08.886 +08.318
-04.763 +02.317 -02.900
+01.977 -04.193 +09.688
-07.918 +01.959 +00.240
+00.021 +09.225 +08.647
+09.213 +04.882 +07.106
-09.793 -04.600 +03.565
-09.299 +08.128 -05.670
-07.022 +04.169 -05.753
-04.762 +02.853 -08.639
-01.795 +01.659 +02.652
-06.784 +05.103 -04.941
+02.864 +07.167 -02.665
-05.198 -09.880 +01.037
-01.427 -09.518 -08.041
-01.185 -03.396 -01.312
+04.029 -06.072 -08.459
+02.501 -06.288 -08.154
+01.946 +08.626 -01.943
-02.466 +08.057 +05.919
-01.473 +09.012 -08.628
-02.044 +00.099 -02.497
+09.213 -05.757 +00.501
-02.917 +06.413 -05.215
-05.612 +07.657 +09.720
-09.374 +04.808 +06.802
-06.144 -02.223 +06.360
-07.181 +01.696 -00.557
-01.556 +01.893 +01.745
-00.949 -05.824 +02.976
-01.370 +05.659 -01.276
-07.249 -06.515 -03.844
-01.094 +00.707 +00.182
+02.280 +03.976 -09.633
-08.571 +03.029 -03.168
-07.311 -06.988 -09.236
-00.243 +08.609 +07.380
-08.654 -07.182 -02.235
+08.294 -07.489 +02.589
-02.228 +05.961 +06.072
+03.381 -00.102 +09.368
-05.295 +04.324 -06.497
+03.426 +02.236 -08.277
-03.367 +09.590 +07.393
-01.447 +04.181 +04.224
+05.936 +00.706 +09.958
+00.111 -06.174 -01.663
-02.167 -07.115 -01.031
-09.975 +08.276 -01.143
+02.021 -00.181 -07.127
+05.831 -02.493 +05.691
-03.676 +06.639 -04.750
-05.893 -05.450 +03.001
+04.814 +04.339 -09.278
+05.812 -08.728 +06.770
-07.959 +02.484 -09.430
+04.806 -00.833 -01.751
+08.035 -09.607 -09.010
+02.024 +04.771 +07.294
+02.746 +09.892 -02.928
+07.997 -00.612 -02.946
-03.904 +09.206 -00.830
+08.916 -05.314 +08.121
-05.691 +09.803 -03.603
-07.467 -01.408 -08.139
-06.173 +01.675 +01.190
-01.232 -09.178 -02.081
+02.058 +06.765 -02.765
-04.837 +06.106 -00.046
-02.938 -03.534 -05.701
+04.628 +07.050 +02.509
-07.821 -06.793 +07.620
+03.138 -09.407 +05.005
+01.231 +01.260 -06.274
+04.488 +03.978 -06.795
+02.484 +07.124 +07.391
+05.322 +02.160 -05.100
-01.120 -01.041 +04.685
-05.566 +02.560 +02.008
-06.362 +05.593 -03.334
-02.162 -06.427 +03.697
-09.340 +02.210 -04.689
-02.585 +00.383 +09.787
+09.263 +03.235 -09.810
+00.567 +02.502 +08.273
+08.061 -03.217 +07.720
-07.215 -04.351 -04.347
-03.712 +02.267 -09.528
-02.951 -08.913 -04.505
-01.336 -00.704 -01.339
-04.904 -06.229 -05.931
+05.931 +03.861 +02.884
-01.595 -09.755 -02.691
-01.778 +06.205 -07.592
+07.600 -03.585 -08.073
+06.671 +04.097 +03.202
+08.745 +09.890 -06.728
+03.775 -08.797 +00.497
-06.584 -02.994 -00.349
+06.037 -04.333 -02.410
+03.830 +04.572 +01.129
-00.049 -08.501 +07.984
+05.761 -04.643 -09.520
+09.583 -01.504 -05.651
-00.185 +01.223 -02.991
-03.318 -05.638 -02.529
-00.764 +05.295 -00.285
-06.563 -09.914 +09.777
-08.308 +00.291 +05.866
+07.438 -04.794 -00.567
+08.815 +09.438 -08.415
+07.542 -06.272 -04.005
-00.884 +01.616 -08.152
+00.795 +02.558 -03.688
+01.630 -04.759 +06.397
+03.988 +09.249 -06.184
+09.815 +02.428 -04.014
-03.880 -09.614 -06.375
+09.288 -03.857 +03.277
+05.180 -00.414 +01.927
+01.767 -04.860 +00.366
-06.728 -02.072 -06.553
-02.158 +07.573 -09.888
+04.880 -08.283 -00.966
-05.532 -02.909 +00.092
-04.685 -09.782 -01.225
-06.801 +08.711 +01.617
-04.826 +07.695 -05.198
+09.758 -00.707 -05.642
-09.152 +05.954 -07.301
-09.970 +02.999 -08.904
-00.162 +09.409 +09.686
+01.170 +02.345 -03.894
+06.114 +00.989 +04.957
+05.821 -06.845 -09.055
+09.861 +01.815 -06.171
-06.816 +07.403 +07.768
-05.483 +07.618 +02.437
+09.228 -09.767 +03.873
-08.545 -05.339 -06.877
+02.174 +00.194 -06.593
-07.268 -08.873 +00.980
-07.404 -04.860 -06.504
-08.160 +09.476 +02.022
+00.512 -00.796 +09.286
+06.768 +08.641 +02.547
+05.706 +06.815 +01.794
-05.841 +01.775 +01.936
-09.924 +02.195 +09.242
+01.938 -02.069 -05.617
+02.681 -07.760 +03.287
-05.587 -08.096 +08.865
+03.023 -03.336 +07.970
+05.765 -02.812 +00.212
-03.060 +00.728 -01.323
+04.552 +04.300 -01.781
+03.010 +05.417 +02.212
+01.363 +00.013 +05.836
+00.378 -04.704 -03.650
-00.123 -05.392 +06.355
+04.355 +05.566 -00.274
-00.166 -05.107 -01.221
-08.826 -04.085 +07.779
-09.402 -05.922 -04.892
-03.133 -08.884 +06.721
+01.359 +00.270 +09.445
+09.019 -04.922 +01.153
-03.370 -02.948 -05.708
+08.645 +05.912 +07.501
-05.750 +08.331 +02.410
+08.883 +01.467 +06.601
+09.608 -01.955 +08.977
+09.721 +01.631 -07.337
+00.720 +04.938 -06.562
-04.861 +03.046 -00.969
-08.683 +02.103 -03.328
-03.282 -09.148 -02.218
-02.366 +09.462 -08.118
-00.199 +02.929 -07.655
-04.524 -09.968 +09.883
-07.206 +00.232 +01.627
+08.971 -02.953 -08.450
+04.766 +02.318 -02.989
+04.078 +07.177 -04.341
+02.758 +07.105 -01.467
-08.218 +04.278 -01.409
+02.485 +03.049 -04.927
+05.697 +06.495 -06.988
-08.519 +05.139 +07.319
-03.666 -09.872 -02.080
+04.441 +07.025 -08.751
-06.679 -08.464 -06.722
+01.215 +07.608 +00.577
+03.750 +04.430 +03.674
-08.085 -02.881 -00.617
+02.778 -05.418 -08.549
+01.986 +00.657 -09.492
-09.467 -04.066 +03.359
+01.782 +06.931 +09.362
-09.444 -06.122 +02.475
-07.706 +08.296 -03.099
-02.923 +06.549 -08.509
-05.739 +09.221 -06.433
-05.293 -06.618 +04.488
-06.299 -03.439 -05.375
+00.055 +00.225 -09.398
-02.368 -00.901 +05.011
-06.256 -02.079 +00.740
+03.599 +06.312 -05.254
-08.028 +09.606 +09.725
-08.709 -00.859 +09.613
-00.300 -07.408 -04.976
-03.396 -06.017 +01.357
+07.629 +00.688 +05.665
-01.133 +09.370 -01.971
+04.305 -02.882 -04.604
-07.673 -03.813 -08.403
+06.964 -05.873 -06.115
-05.330 +06.694 -04.162
+03.145 +06.368 -00.919
-03.096 -00.690 +07.469
+08.397 -06.267 +00.870
-00.348 +02.909 -08.312
-08.751 +07.689 -02.490
-06.474 -06.293 -05.702
-09.007 -00.949 -02.727
-09.627 -08.714 +04.646
-08.478 -03.539 +02.886
+01.406 +08.574 -06.585
+01.619 +00.418 -09.874
+06.790 -05.900 -03.960
-03.790 +06.034 +05.836
+07.046 -00.527 +05.439
-04.489 -03.041 +06.245
+04.714 +07.037 +02.708
+06.918 +04.443 +04.220
+07.883 -04.915 -03.988
+04.844 -03.356 +01.670
-00.138 -01.596 +07.827
+06.438 -04.549 +00.481
+03.735 -06.902 -01.644
+02.165 -02.889 +07.654
-04.337 -08.152 -02.407
-08.729 -03.745 -06.957
-06.582 +08.927 +06.730
+06.987 -03.414 -00.873
-01.552 -03.240 -01.058
+05.252 -00.794 +02.394
-01.893 -00.685 -09.554
-06.614 +07.960 +03.621
-01.935 +09.826 +03.611
-08.610 -00.243 -09.389
-08.422 +02.771 -04.204
+04.096 -08.921 +07.575
-03.343 -07.105 +01.695
-00.548 +02.330 -00.200
+04.492 +08.538 +00.390
+02.415 -06.060 -07.269
+04.729 +03.853 -08.341
+00.163 -01.171 +06.123
-03.918 +08.792 -03.881
-05.886 -05.998 -07.550
-09.398 +08.694 +01.643
+07.296 -03.486 +01.002
-06.532 -03.608 +08.170
-02.097 +06.344 -05.873
+08.302 +05.600 +01.874
-00.371 -06.784 +02.172
-05.502 -07.644 -01.293
-07.460 +04.360 -01.431
+07.241 -03.789 -09.869
-06.302 +08.782 +01.488
+06.645 -07.099 -09.259
+07.596 +06.349 -00.637
-01.356 +01.839 -07.762
+06.671 +08.236 -04.201
-07.732 +03.861 +01.460
+06.938 -09.585 -01.473
-09.391 +00.885 -08.344
+03.732 +02.119 -07.592
+06.340 -00.933 -09.625
+02.368 -06.412 +00.967
-07.311 -05.937 +05.150
-05.925 +05.840 +04.701
-06.716 -00.884 +06.208
-04.582 -02.977 -04.381
-04.313 -00.850 +03.733
-01.257 +07.020 -01.921
-04.495 -09.618 -00.741
-09.669 -01.000 -00.929
-02.483 -04.633 -05.239
+01.338 -08.970 -02.846
+07.200 +05.056 -00.819
+09.121 +00.555 +04.688
-02.875 +04.120 -06.040
-09.261 -07.141 +08.829
-03.011 +01.001 +02.306
-00.743 -03.109 +00.634
-04.805 +06.028 +04.889
-05.816 +00.548 -06.578
+06.483 +05.761 +08.520
+00.178 -00.054 +00.860
-09.691 +07.408 +07.451
+05.824 -03.161 -07.409
-01.067 +05.219 +01.293
-09.797 +06.708 -09.843
+04.576 +04.369 +08.340
+02.915 -06.198 +01.303
-04.041 -02.228 -07.699
+05.671 +03.885 +09.655
-05.832 -00.313 +09.881
-09.041 +07.179 +03.866
+03.181 -00.977 +04.366
+02.806 -00.841 +04.977
+04.766 -06.219 -03.886
-00.063 +02.934 +00.771
-03.153 +07.763 +05.326
+06.366 +01.067 +03.914
-02.316 +01.276 -04.394
+00.538 +03.305 +01.938
-05.769 -09.282 -05.033
-01.326 +09.140 +02.708
+00.661 +01.080 +03.605
-07.649 +08.369 -05.690
+02.345 +04.567 -07.919
-05.027 +05.386 +09.744
-03.172 -00.234 -02.918
+06.043 -08.923 +09.100
-04.315 +05.506 +03.438
+07.330 +09.753 +01.552
-03.926 +03.760 -08.561
+05.670 +04.969 -03.110
+08.582 -00.048 +08.633
-02.719 -05.052 -09.001
+08.606 +07.800 +08.912
-07.188 -03.308 +05.025
+04.628 +02.139 +09.680
-09.923 -04.039 +03.260
+05.152 -07.503 +03.263
+05.025 -06.240 +09.044
-09.437 +00.111 +08.166
+07.590 -03.290 -01.419
+04.407 -07.218 +00.223
+06.540 +07.904 +09.636
+06.886 +06.460 +09.282
-06.078 +07.322 +05.025
-07.508 -07.170 +06.390
-05.349 +05.576 -04.906
-03.999 -04.502 -03.841
-09.452 -02.531 -01.073
+05.917 +07.063 +09.285
-00.286 +05.875 +09.762
+08.479 +00.924 +08.317
+02.087 +06.766 -00.127
-09.610 -03.759 +08.393
-02.012 -02.455 -08.624
-02.909 -00.953 -04.237
-04.288 +08.383 -09.178
-03.025 -07.008 -06.411
-01.459 -09.932 +04.261
+05.181 +01.853 -05.576
-07.640 +09.844 -02.701
+07.720 +00.836 +01.396
-08.029 +07.414 +04.948
-05.837 +01.328 -03.511
+05.768 -01.729 -05.453
+05.324 +07.960 -02.624
+05.907 +07.358 +02.710
-08.608 +01.579 -06.358
+08.084 +08.982 -04.831
-03.425 +03.767 -01.710
+08.963 +01.123 -07.125
-07.430 +06.068 -04.794
+04.814 -04.971 -04.604
-02.602 +05.828 -02.719
-08.983 -05.934 -02.678
-06.775 +09.949 +09.067
-09.106 -05.744 +03.279
+07.633 +07.457 -02.782
+04.262 -02.644 -01.093
+08.946 +01.803 -07.594
-03.431 -01.426 -04.577
-09.318 -05.647 +07.507
-06.785 -05.677 +03.899
-03.590 -08.124 -00.134
-06.369 -01.757 -00.989
+09.462 +03.026 +09.784
+04.147 -00.538 +08.458
-03.464 +00.404 -03.343
-05.322 +07.168 -07.260
-05.151 -04.080 -08.793
-09.228 +05.882 -07.506
+06.372 -06.177 +09.459
+09.073 +02.832 -09.803
-03.850 +06.234 -02.925
-08.131 -04.169 -04.707
-00.804 -00.044 -06.631
-08.205 -07.491 -03.776
-04.631 -01.710 -06.505
+04.708 +03.103 -02.064
-05.930 +06.668 -07.611
-03.514 +01.373 +02.044
+09.557 +01.321 +06.271
+06.160 +05.741 +08.643
-07.114 +01.879 +09.587
-02.040 -05.816 -03.955
+00.670 -01.250 +09.666
-02.555 +05.072 -04.422
-00.638 +09.690 -00.206
+09.353 -03.784 -02.983
+09.833 +00.826 -07.744
+09.442 -06.296 -09.028
+09.243 -00.247 -01.128
+09.121 +05.008 +06.811
+03.260 -07.066 +04.995
-02.381 +07.076 -03.953
+04.603 +08.663 +01.431
-01.933 -06.788 +08.048
-02.451 +05.296 +07.227
-08.688 +09.299 -02.161
+05.292 -04.279 +07.510
-06.858 +05.816 +07.621
+03.525 -01.580 -01.757
+06.356 -03.642 +02.218
-03.808 +00.981 +09.592
+09.119 -06.307 +02.600
-08.781 +04.152 +05.710
-07.895 +07.858 -08.433
-06.396 +04.791 -05.266
-06.657 -01.636 -03.183
-00.293 +09.126 -09.565
+01.749 -01.183 -01.739
+05.068 +08.872 -05.666
-04.351 +06.577 +04.603
+02.369 +01.425 +05.096
-08.528 -05.910 +08.432
-01.677 -07.965 +04.944
-05.024 -07.496 +01.591
-09.090 +05.773 +02.412
+08.354 -05.323 +09.853
+05.409 +03.520 +07.269
+03.165 +05.867 -05.958
+08.581 +05.225 +01.134
-02.142 +02.365 +04.148
+00.937 +06.951 +03.032
-03.207 +05.231 -07.619
+05.481 +07.695 -05.669
+03.482 +02.758 +06.014
+09.194 +07.091 +09.263
-03.379 +04.717 -00.019
+03.882 -06.740 -00.507
+06.740 +00.433 -00.259
-08.882 -08.876 +02.948
+07.537 -02.019 +00.221
+07.622 +02.478 -00.519
+02.048 +05.624 +03.219
-05.525 +00.126 +00.623
+00.110 +06.022 -07.127
-01.025 +02.367 +04.291
-03.178 +06.373 -05.410
-01.015 -05.623 -09.236
-05.806 +01.039 +02.703
-00.841 -07.687 +08.689
+02.179 +01.201 -07.771
+05.955 -02.790 +03.225
-05.894 -06.052 +03.778
-07.411 -06.621 +06.984
-09.786 -04.606 -09.059
+08.476 -09.012 +05.804
+03.540 +01.613 -01.711
+01.979 -02.633 +01.605
+05.849 +02.352 +00.792
-05.263 -01.264 +05.091
+02.940 +04.976 +07.069
+03.056 -01.951 -08.133
+07.208 -02.267 +04.110
-04.839 -00.619 +04.797
+03.258 +06.407 -07.810
+02.449 -08.140 +09.295
+07.590 +00.872 +03.939
-09.588 +00.654 -06.547
+04.777 -01.011 -03.931
+00.840 +04.157 +01.841
+08.752 -05.088 +09.708
-05.937 +03.643 +06.593
+02.724 +01.551 +00.666
-09.273 -00.763 +00.195
+07.373 +06.807 -09.329
-00.153 -05.407 -07.675
-01.489 +01.092 +01.607
-05.442 +02.947 -02.922
-00.231 -08.821 +06.653
+03.128 -09.874 +01.886
-04.917 -07.251 -09.564
-04.081 +09.490 +01.113
+03.064 +02.583 -08.260
-02.572 +00.651 +02.504
+05.944 -01.413 -02.291
+04.665 -04.586 -04.264
-07.051 -07.954 -08.255
-07.252 +00.442 +00.519
-08.682 +09.005 -01.735
-02.983 -08.117 -00.243
-09.604 -01.525 -01.956
-04.255 +09.941 -05.901
-07.489 -08.353 +05.617
-03.091 -07.149 +08.595
-03.956 -00.866 -01.412
+07.231 -06.347 +03.882
-09.389 -04.347 +07.569
+05.960 +06.973 +05.158
+07.237 +03.859 +09.698
+08.047 -07.146 +08.723
+01.209 -09.184 -00.774
+04.004 -05.470 -00.479
-07.397 +06.186 +01.524
+05.174 -09.187 -02.909
+03.625 +05.470 +05.951
+01.559 +06.615 +00.163
-07.086 -08.649 +00.944
-03.558 +01.073 +00.750
+09.567 +02.379 +04.097
+05.923 -00.416 -01.326
-00.875 +09.719 -05.898
+05.135 +09.082 -01.909
-09.211 +07.452 +03.962
+01.030 +06.948 -00.149
-09.426 -09.244 -08.145
-03.084 +07.602 -00.345
-05.316 +06.587 +07.160
-01.568 +08.295 -03.413
-00.366 -01.124 +03.950
+00.723 +00.874 +05.350
-07.330 -06.318 -04.945
-01.313 +02.893 +03.370
+00.913 -04.606 +07.135
+02.856 +07.684 +01.388
+06.994 +04.655 +09.623
+08.996 -03.652 +03.387
-07.919 -06.464 +00.590
-03.463 +08.024 +09.744
-08.134 +00.092 -07.903
+02.550 +06.103 +00.058
-07.742 +04.540 -01.091
-07.575 +07.211 +09.711
-07.258 -07.040 -02.665
+02.626 -01.789 -05.078
-09.306 +08.770 +02.391
+02.071 -05.751 -05.093
-02.419 +09.102 +03.153
-03.757 +08.156 +09.512
-02.777 -06.700 +08.091
-01.271 -01.169 -06.301
-05.594 -00.457 +01.184
+02.267 -03.334 -03.663
+02.687 +05.437 +01.835
+06.687 -00.489 -00.777
-00.311 +09.036 +09.659
-09.869 -07.308 -07.504
-01.286 -09.704 -04.657
+00.615 +04.338 +02.423
+01.327 +00.907 +05.351
-09.919 +03.293 +06.464
-04.290 +03.748 -05.920
-03.755 +09.613 -02.179
-09.199 -07.761 +06.040
+06.436 +03.644 -08.202
-06.000 +06.605 -03.342
-07.812 -01.819 -04.299
-01.338 -00.856 +04.761
-05.889 +09.844 -04.036
+06.429 +04.029 +04.936
-09.278 +03.157 +02.499
-08.925 -05.689 +05.496
-00.479 +03.548 -06.417
-07.541 +08.931 +08.890
-07.971 +01.775 -09.380
+03.306 +02.350 +07.228
-08.595 +03.145 +09.402
+07.425 -00.536 -06.919
+07.918 +02.773 -00.221
+04.837 +01.899 +00.692
-07.699 +00.747 -07.805
+09.812 -05.899 +09.201
-09.135 +06.570 +07.202
+05.456 -06.461 -00.910
-06.228 -07.532 +08.032
+09.703 -04.335 -06.239
-09.530 -08.417 +01.419
-01.296 -02.622 +04.770
+05.558 -04.952 +08.926
+09.832 -03.754 +04.948
+07.206 +00.061 +07.992
+09.284 -02.771 -07.946
+01.862 -08.860 -02.389
+00.908 -01.888 -03.232
-08.751 +01.739 -06.583
-07.031 -00.481 -06.672
+03.844 -09.756 +00.777
-05.954 -04.271 -00.418
-08.598 -02.911 +03.802
+04.628 -01.814 +06.619
-01.290 -08.238 -01.554
-01.379 -01.985 +09.389
+04.127 -09.339 -09.960
-01.308 -07.336 +09.327
-05.346 -05.418 +02.219
+08.437 +00.764 +04.604
+02.694 -08.993 -06.158
-01.445 -09.546 -00.619
+09.351 +01.510 +03.652
+01.532 +09.438 -01.547
+05.370 +09.528 +03.871
+05.427 +07.578 -02.768
+09.691 -04.750 -09.893
+03.942 -08.738 -02.300
-03.746 +06.879 -08.417
-09.799 +00.733 -03.570
+05.844 -04.866 -05.263
-09.845 +03.920 -00.910
-05.985 +02.673 +02.202
+03.894 -01.026 +01.145
-04.946 -05.979 +04.667
+07.770 +04.189 -03.063
+01.999 +04.198 -02.903
-04.502 +09.738 -03.725
-04.155 +08.809 -03.068
-04.069 +02.375 -05.282
-01.968 +00.303 -05.664
+02.412 -00.679 +05.442
+01.079 -08.083 +01.599
-07.244 -09.159 -08.324
-04.341 -02.503 +01.379
-01.777 -01.582 +05.187
+03.065 -08.965 +01.769
-02.564 -00.294 -01.917
+06.157 -00.035 +06.718
+03.789 -04.590 -08.175
+01.934 -02.495 +02.141
-08.042 -02.070 -09.988
-07.293 -06.616 -05.487
-00.329 +05.666 -00.553
-00.809 +02.311 +08.880
-02.456 -05.615 -04.232
+03.230 +01.979 +07.690
-05.407 +03.075 -02.608
+07.150 -06.466 +00.852
-09.520 +00.564 -09.831
+07.022 -06.310 +06.133
+04.489 +09.629 +05.170
-09.170 +08.418 +08.243
-02.742 -05.074 -06.068
+06.214 -07.818 -04.841
-04.930 -09.012 -08.331
+09.677 +01.963 +09.747
+05.203 -08.837 -00.310
-08.867 +00.436 +05.585
-03.191 -08.870 -04.200
+07.229 -06.652 +02.438
+08.931 -00.922 -09.331
+02.872 +08.576 +08.650
-04.517 -06.546 +00.041
+00.789 -06.134 -01.010
+02.157 +04.674 +07.114
-02.363 -00.795 -01.002
-00.221 -05.399 -01.603
-00.168 -06.129 -01.518
-08.136 +00.090 -05.323
+08.040 -04.457 +01.095
-03.534 -03.716 +06.301
-07.115 -08.105 +00.301
+08.452 +07.836 +05.387
-01.232 +09.269 -00.131
+09.106 +03.498 -02.226
-07.211 +04.870 -01.202
-03.634 +09.020 +06.961
+04.592 +05.559 -07.697
-00.386 -05.582 +07.961
+00.359 +02.134 -04.919
+07.827 +01.149 +08.776
-06.184 -08.409 +07.015
-06.484 +02.823 -09.676
+06.611 -05.111 +00.231
-07.051 +07.475 +08.979
-06.198 +08.418 -00.036
+00.150 +05.870 +04.360
-03.379 -06.916 -02.895
-02.305 +00.940 -01.885
+04.436 -07.947 +05.928
-02.207 -05.577 -09.068
-05.937 +05.455 -07.449
+07.548 -09.111 -01.753
+07.520 +05.440 -03.455
+09.884 +01.622 -01.040
-01.582 +02.723 -08.143
+05.967 +09.215 -06.378
-08.471 -05.618 -06.841
+06.675 +05.878 -00.369
+06.851 +01.186 +04.095
+08.135 +03.965 -07.171
+03.598 -06.849 +03.568
-04.504 +09.035 +07.025
-03.234 -06.163 +05.842
-01.134 -06.352 +04.359
-01.797 -06.698 -07.114
-08.251 -00.466 +00.991
+04.040 +06.251 -04.706
+04.484 -01.463 +02.706
+00.862 +03.676 +03.200
+05.219 -03.161 +07.309
+06.008 +09.405 -05.979
-08.356 -00.275 +09.997
-00.963 +00.222 -05.107
+03.855 -01.316 +07.190
-06.068 +06.629 -06.178
+04.327 +08.848 -08.071
+00.552 +06.918 +09.671
-09.809 +01.951 +03.536
+07.251 -01.890 -01.366
-08.466 -00.526 +05.769
-01.702 +08.380 +01.404
+05.237 -02.733 +03.318
+01.680 +06.267 +02.254
+06.134 -00.476 +04.906
-02.840 -05.256 +04.835
+08.662 -02.365 +01.089
-07.221 +08.250 +05.957
-01.693 -08.287 -05.284
+08.689 -00.170 -05.684
-02.723 +04.661 -04.586
-01.017 -01.435 +05.027
+08.672 +01.158 +04.960
-03.265 +00.620 -09.289
+01.678 +02.541 -09.850
-06.558 +00.540 +09.459
-00.270 -05.022 -00.847
-07.216 -05.886 -07.451
+00.536 -02.767 +05.180
-07.644 +08.887 -09.919
-00.464 -00.919 -04.127
+07.215 +01.664 -04.462
+06.078 +01.804 +07.450
-00.677 -00.350 +01.513
+08.539 -04.017 -04.888
-00.326 -05.233 +07.852
+08.173 -03.957 -07.093
-07.094 -00.421 -05.514
-05.814 -01.329 -07.718
-04.278 +01.634 +07.746
+02.725 -02.125 -04.937
-08.789 -01.346 +02.681
+09.766 -07.988 +02.322
+06.471 +09.396 -09.128
+04.038 +03.222 -06.293
-09.129 +08.280 +08.342
-01.124 -01.086 -03.485
-00.525 -03.500 +04.694
+01.665 -01.393 -07.975
-02.890 +09.834 -05.981
-04.013 -07.597 -09.347
+04.019 -09.577 -00.390
-03.047 +04.421 +04.845
-03.961 +06.163 +01.064
+08.294 -02.447 -07.790
-03.948 -03.838 -06.689
+02.383 -04.472 +00.969
+09.409 -06.201 +06.336
+08.912 -07.794 +01.211
-00.524 -02.748 +04.027
-00.530 -00.456 +00.037
+07.868 +07.726 -09.120
+04.644 +06.406 +03.427
+05.947 +01.693 +07.800
-09.723 +01.360 -09.647
+08.875 -08.249 -05.854
-07.327 +09.205 +06.360
-04.120 -08.661 -00.979
+08.750 -08.339 -03.471
-06.921 +08.082 -01.136
-08.192 +09.255 -06.999
+01.369 +05.125 +01.869
+04.250 -03.402 -09.542
+07.903 -04.358 -01.311
-03.412 +03.401 -05.399
+05.693 -06.677 +05.843
+09.637 -07.504 +08.394
-08.570 +04.520 -00.761
+00.875 -00.324 +01.708
-08.227 +02.179 -07.822
+06.528 +06.430 +01.500
+01.391 +08.370 +05.280
+07.114 -02.042 -03.495
+07.932 +09.857 +03.530
-09.386 +02.291 -07.136
-01.808 -01.170 -01.459
+04.929 -08.442 +04.383
+02.001 -09.499 +08.312
-05.190 -05.503 +03.778
-06.278 -09.032 -03.672
-09.437 -05.441 +03.448
-00.663 +05.172 +05.323
-04.042 +05.427 +06.189
+03.183 -06.107 -04.933
+00.859 -01.190 +05.409
+09.729 +00.876 +07.505
-01.639 +03.864 +01.695
-09.953 -02.276 -05.693
+04.685 -03.252 -00.692
-02.474 +01.120 -04.826
-01.225 -01.721 -04.352
+06.190 -05.841 -01.523
-08.157 -08.813 +02.356
+03.369 -02.913 +03.922
+00.296 +06.266 -02.961
+04.699 +02.152 -04.307
+09.083 -04.777 -00.274
-06.723 -05.450 -01.415
+04.459 -09.093 +03.120
+00.117 +08.497 -03.151
-00.532 -00.171 -03.448
-00.535 -05.587 -03.477
+03.343 +00.729 +08.576
-06.485 +08.621 +01.693
-03.491 +05.359 -00.421
+07.955 +07.036 +09.091
-07.888 -03.872 -05.068
+03.970 +03.255 +09.596
+07.397 -05.485 -01.291
-07.294 +09.080 +08.860
+04.087 +01.041 +04.565
-07.664 -08.597 +08.474
-06.989 +05.360 +07.877
+08.273 +03.685 -07.731
-08.848 -05.214 -07.230
-02.535 +02.892 -08.830
+08.305 +07.156 +04.792
-04.108 -04.797 +02.333
-06.970 -06.344 -06.610
+07.791 +05.953 +07.834
-00.751 -01.337 -06.105
+09.479 -00.335 +00.179
-04.331 +08.944 -06.711
+00.335 +09.597 +05.794
-09.568 -00.628 -09.501
+04.535 +01.052 -09.818
+05.849 -03.488 -03.557
-08.204 +09.082 -00.066
-02.126 -02.999 +09.044
-06.810 -03.955 +05.401
-05.082 +08.050 -07.974
-06.341 -04.274 +07.508
+01.719 -01.021 -02.386
-09.495 -05.820 +09.362
+09.143 +00.934 -06.450
+03.021 -03.983 +08.827
-09.483 -05.556 -06.579
-01.505 +08.525 -04.328
-00.985 -04.885 -09.013
-08.960 +07.560 -09.263
+06.439 -01.298 +03.625
+01.059 +00.924 -01.511
-05.729 +09.892 +08.407
-04.466 +05.601 +01.908
+01.880 -05.419 +01.691
+02.355 -07.694 -07.267
-00.623 -01.956 +06.303
-04.959 -05.696 +02.696
+08.627 +09.292 -01.880
-03.844 -08.074 +04.334
-06.395 -03.569 -04.554
-00.633 +06.134 +05.025
-05.558 +04.203 +04.101
+06.298 +09.264 +02.604
-06.802 +09.508 +02.078
-02.519 -00.402 -06.397
+07.284 +00.654 +02.934
+06.462 -09.628 +01.117
+04.570 -00.470 -06.408
-06.028 -04.360 +01.097
-03.288 -00.791 -00.092
-08.428 +02.608 -01.676
+02.000 +06.375 -08.647
-06.439 -05.398 +06.667
-09.765 +06.207 -09.481
+09.221 +09.572 +04.412
-03.343 -04.668 +06.049
-08.588 +04.928 +05.780
-02.885 +07.740 +09.998
+05.328 -00.589 -09.034
+06.551 -08.987 -09.166
-09.098 +07.675 +01.361
+01.435 -03.866 -01.554
+07.106 +02.853 -07.494
+04.368 -06.019 +05.528
+06.297 -03.989 +03.649
-03.167 -04.427 +03.527
+05.533 +09.772 -01.850
+09.028 -07.013 +01.017
-03.392 +09.586 -08.574
-05.706 -08.015 -06.326
+05.556 +04.491 +01.958
-02.173 -05.815 -04.161
-02.626 +08.305 -00.692
+03.318 +05.620 -05.799
+01.071 +00.418 -05.888
-02.777 -03.871 +03.825
+08.590 -02.930 -08.043
+02.305 +06.710 -00.361
+05.483 +06.994 +05.895
-01.634 -08.196 +08.574
-07.905 -08.980 -01.901
+05.940 +01.400 -08.371
-00.347 +03.859 -09.605
+06.454 -02.955 +05.518
-03.785 +04.676 -07.955
-01.820 +08.523 -02.920
-02.449 -04.565 +08.851
-05.717 -02.104 +05.381
+01.344 +00.847 +07.181
-04.204 +09.333 +04.678
-01.988 -01.969 -08.774
+08.109 -02.865 +01.233
-03.630 -06.693 +06.214
+02.478 -00.104 +08.471
-04.248 +06.036 -01.280
-09.760 +09.476 +06.910
-04.797 -09.144 +09.762
-05.462 +03.181 +07.034
+00.030 -09.287 -08.974
+02.189 -03.511 -02.717
+09.165 -07.250 +04.228
-04.331 +00.524 -03.991
-05.781 +05.764 -03.412
-00.240 -07.429 +07.242
-02.543 -00.745 -01.096
-09.735 +06.032 -00.643
+09.308 -01.449 +04.285
-01.524 +07.222 -00.767
-06.540 -01.414 +02.674
+09.983 -07.987 -06.346
+07.709 -02.780 +03.403
+04.159 -02.718 +06.529
-04.042 -01.741 +00.173
+01.919 +04.015 +09.839
+00.701 -09.073 +07.851
-03.256 -06.733 +04.858
+04.113 +07.525 +00.617
+04.888 -08.099 -01.890
-00.239 -02.157 -07.687
-01.718 +01.674 -02.093
+07.883 +00.204 +07.850
-08.581 -05.922 -04.649
+03.290 +09.686 -08.270
-02.834 -05.279 +05.985
-01.806 -01.565 -07.309
+07.517 +07.352 +05.837
+01.749 +04.016 -05.702
+03.187 -09.105 +03.606
+03.674 -01.817 -03.024
-01.735 +02.803 -00.954
-02.474 -09.641 +01.214
-08.077 +07.071 -04.470
+02.943 +02.158 -00.094
+00.127 +02.329 -06.275
-05.234 +08.759 -04.506
+06.156 +03.535 +00.477
-00.272 +04.879 +06.785
+05.772 +09.763 -07.288
-05.385 -01.714 -05.542
+06.818 +09.734 -09.926
-01.838 +09.383 -07.568
+01.490 -00.360 -05.024
+09.691 -05.065 -03.281
-07.276 +04.850 +09.960
+00.924 -03.438 -07.005
+04.499 +03.133 -00.127
+08.440 -05.480 -06.737
+08.771 -02.853 +07.529
-05.558 +05.494 +09.766
+08.882 +09.972 -00.640
-08.297 -09.865 -06.775
+08.387 +00.358 +09.277
+06.140 +01.680 +02.070
+01.155 +08.603 +07.735
-03.200 +07.421 +06.185
-06.798 +08.546 +08.033
+09.761 -02.145 +04.236
+00.257 -01.157 +04.662
-02.888 +00.421 -01.441
+08.883 +04.296 -02.897
+03.313 +03.073 +07.382
+01.129 -08.996 +07.669
+04.200 -02.408 +03.753
+02.485 +07.504 -01.572
-03.850 +01.941 +04.899
+09.748 +08.056 -07.488
-06.240 +04.110 -07.835
+02.649 +00.654 -07.321
+05.560 +05.233 -08.796
+04.563 -07.822 -09.822
-01.723 -03.348 +00.658
+01.021 -04.950 -02.679
+09.975 -01.730 -00.216
+02.506 -09.694 -06.627
-03.674 -03.020 +04.006
+09.726 -04.212 +03.103
-09.593 -01.259 +03.495
-07.653 +05.013 -01.308
+09.419 -05.426 +05.321
-08.531 -07.619 -03.122
-07.291 -04.610 -04.469
+05.697 +08.669 -04.619
+07.329 -08.406 -04.369
+06.474 +07.062 +01.112
-05.634 -02.049 -09.217
+08.477 +01.448 +09.663
+00.132 +01.622 +04.191
+05.528 +07.126 +01.950
-03.644 -06.460 +05.981
-00.717 +04.253 +08.444
-06.062 +01.260 +06.938
+05.062 +01.813 -02.248
-01.026 +08.973 -01.777
+01.867 +01.054 +01.710
-07.331 +09.271 -02.458
-03.814 -07.216 -07.543
+09.841 -03.872 -09.777
-05.173 -00.516 -09.362
+07.628 +09.366 +09.179
+06.425 -03.154 +02.006
-07.400 +01.969 +06.351
-07.159 -02.023 +02.576
-02.096 -02.724 -04.881
+01.652 -08.770 -02.663
+08.535 -00.242 -01.597
+02.149 +06.719 -02.299
+04.677 -01.017 -08.165
+03.611 -04.566 -05.652
+04.435 -02.226 +04.776
+09.642 +02.340 +06.631
-05.675 -02.516 +00.850
-09.991 -01.048 -00.704
-04.639 +01.761 -07.087
+07.077 -01.611 -09.632
+04.767 +00.940 +02.196
-07.251 +07.426 -00.253
+01.190 +07.479 +03.675
+07.043 +06.242 +05.937
-08.958 -00.870 +07.938
-02.128 -01.095 -05.746
+07.342 -05.313 -01.636
-00.727 +03.989 +03.265
+09.155 +07.399 +02.487
-04.238 -00.468 +06.649
-03.894 +03.263 -06.932
-00.257 +00.872 -02.726
-01.026 +06.299 +09.951
+06.456 -04.593 -07.488
-09.736 +01.000 -03.307
-06.572 -05.322 -08.434
+08.513 +03.871 -01.083
+02.585 +02.900 +04.706
+08.615 +05.059 +07.447
+00.024 +06.413 +04.031
+00.750 -03.449 -06.940
-08.042 +05.469 -09.885
-08.354 -08.818 -01.527
+09.722 -07.059 +02.379
-00.136 +03.384 +02.173
-07.776 -09.064 -09.103
+03.045 -07.838 +06.765
-06.242 -03.516 -07.411
+09.054 -09.172 +09.961
-07.409 +06.890 +04.424
-03.919 +06.391 -09.840
+06.234 -02.970 +06.446
-02.205 +00.605 +02.853
+03.325 -07.923 +06.534
+07.182 -05.809 +01.826
+00.429 -05.613 -04.016
+04.136 -06.450 +09.448
+04.352 +05.132 -07.392
-06.882 -01.476 +09.858
-07.273 -08.460 +00.622
-01.021 +06.265 -09.536
-06.216 +00.189 -04.203
-05.069 -05.847 +04.572
-00.118 +06.247 -04.570
-05.659 -00.960 -05.723
-08.699 -04.482 +03.251
+01.462 +09.260 +02.792
+08.471 -07.101 -08.388
+02.668 +02.619 +05.634
-03.594 +00.406 +02.687
+07.470 +05.451 -00.804
+00.135 +00.369 -03.370
-04.220 +03.074 -02.430
+00.102 +00.844 +00.954
+07.068 -09.090 -06.574
-04.552 -07.000 +07.819
-08.144 -08.053 -09.781
+02.845 -07.892 -09.626
+02.583 +09.986 -06.927
-06.277 -05.833 +09.788
-07.194 +04.103 +02.963
+09.292 +09.375 -08.344
+09.755 +09.587 +07.499
-08.694 -06.974 -03.184
-02.656 +07.856 -06.887
+05.575 -04.420 +01.431
+08.687 -03.641 +05.877
+03.127 +07.713 -03.935
-01.253 -03.561 -01.933
-09.239 -06.181 +01.395
-06.386 +03.131 -00.968
+04.482 -08.823 -00.463
-06.285 -01.126 -01.752
-08.245 -08.802 -09.090
+07.525 -03.380 -01.653
-08.288 +09.101 -08.407
-08.755 -08.957 +09.406
+08.914 +03.966 -02.160
+04.297 -04.896 -06.275
+02.408 -05.500 +06.358
+05.968 -02.864 +06.157
-03.958 -09.414 +07.194
+03.175 -02.822 -03.830
+07.970 +07.823 -07.932
+00.088 -07.305 -07.455
+02.831 +09.580 +06.481
-02.484 -02.391 +01.734
-02.576 +04.334 -08.188
+07.349 -00.913 +04.160
+04.380 -09.405 -04.415
-03.139 -08.335 -02.543
+07.131 +04.032 -02.174
+02.834 -07.439 -06.910
-09.191 -01.576 +04.996
-05.211 -07.922 +02.311
-09.407 +02.601 -07.552
+04.474 -07.267 +02.219
+02.612 +03.719 -00.120
+05.925 +00.557 -06.476
+07.913 -02.841 +09.116
+09.219 +08.444 +00.475
+05.597 -05.303 -09.987
-07.855 +06.162 +06.559
-03.313 +03.099 +05.736
-01.263 +01.168 -07.978
+06.810 +06.334 -04.656
+07.485 -06.674 +07.152
+03.012 -03.680 +05.637
-08.956 +05.180 -00.011
+04.544 -06.301 -06.601
-02.593 -04.144 +05.994
+09.867 +04.214 -08.843
+06.870 +06.191 +04.921
+04.225 +08.240 -05.257
-09.964 -05.347 -00.489
-05.031 -03.027 +07.441
-02.909 -06.598 +01.980
-09.092 +07.035 +00.167
-07.720 -00.931 +03.652
-07.366 -05.152 +07.542
+07.340 -02.033 -08.283
-05.650 -09.868 +02.312
+06.432 -04.057 +09.672
+08.140 -04.309 +02.620
+02.258 -00.965 -09.860
-07.759 +05.982 +03.226
+00.072 -08.173 +07.876
-07.623 +08.755 -06.730
-03.774 +04.611 -03.991
+05.179 -09.587 -03.943
+07.274 +03.066 -08.979
-04.209 -07.219 -06.009
+08.239 +00.114 -02.212
-00.596 -02.857 -04.154
-09.442 -09.038 -02.148
-03.753 -09.970 +03.845
+04.160 +09.502 -02.793
-02.962 +03.861 -01.587
-09.157 +00.212 +08.872
-04.201 +02.280 -04.129
-08.205 +08.318 -04.773
-03.853 -02.029 -00.740
-08.258 +06.721 +02.334
-07.928 -06.016 -02.673
-04.482 +04.401 +08.477
-06.236 -01.968 -03.114
-02.329 +08.030 -09.057
+06.740 -06.814 +07.320
-08.272 -02.378 -00.937
+00.937 -00.941 +08.049
-06.538 +05.066 -07.925
+04.025 -02.407 -08.336
-04.247 -08.441 -06.892
+09.061 -04.337 -05.391
-04.106 +02.491 +08.720
+08.296 -02.611 +09.649
+02.580 +01.064 +06.048
-01.841 -06.878 -07.610
-09.195 -02.835 +09.874
-03.883 -04.159 +08.110
+07.794 +02.441 +02.634
+05.610 +00.407 -09.599
+06.970 +03.104 +01.739
+07.232 -04.734 -04.610
-09.438 +00.125 +02.966
+00.860 +06.896 +02.101
-02.276 -07.274 +02.306
-03.233 -09.223 -05.094
-01.199 -03.111 +01.863
+04.816 +01.154 -04.255
-07.558 -07.451 +03.214
-01.300 +07.784 +04.955
-01.136 -00.997 -06.102
+09.286 -06.653 +08.842
+08.510 +03.447 +07.537
-03.403 +01.564 +05.358
+06.362 +09.504 -01.236
+04.559 -04.458 +01.128
-03.389 -04.724 +04.166
-02.238 -09.685 -02.535
-09.462 -01.995 -04.052
-09.673 +02.735 +08.276
-09.890 +03.621 -02.202
+02.349 +05.850 -09.328
+07.050 +08.548 +09.790
-01.385 +00.811 +08.613
-09.982 -08.463 +02.147
-09.431 -01.803 +00.588
+09.079 +05.825 +04.595
-04.224 +08.509 +03.859
+03.200 -09.958 -04.052
+04.465 -03.130 +03.295
+02.260 +05.420 +03.534
-03.824 +04.965 +09.313
-02.494 +07.553 +03.856
+03.732 +00.115 -02.234
-01.252 -09.592 -09.699
+00.883 -01.527 -08.067
-08.188 -01.192 +05.464
+08.339 +09.263 +06.355
+09.242 -00.343 +05.772
-01.530 -04.707 +04.320
+07.916 +03.788 -00.412
+03.919 +07.985 -03.372
-04.302 -03.723 -05.948
-04.514 +09.687 -01.934
-01.913 -09.099 +05.629
+08.344 -08.242 +06.217
+07.267 +01.088 -05.109
+07.438 +05.006 -03.511
-00.150 +02.562 +03.251
-07.983 +05.939 -07.178
-04.406 +05.713 -01.849
+09.257 -04.798 -04.089
-04.632 -00.760 +04.299
-08.212 -09.373 +00.437
+07.283 +09.405 -06.782
-00.552 -02.113 -09.789
-01.330 +02.967 -00.931
+06.793 +02.043 -05.155
-09.616 -05.401 +02.561
+00.792 +00.445 +06.447
+02.194 +06.511 -08.663
-03.020 +00.402 -03.463
+09.204 -08.559 -02.406
+05.192 -00.413 -07.821
+02.621 -01.451 +09.796
+05.669 -09.195 +02.221
-02.468 +04.535 -02.706
-03.679 +04.309 -03.832
-06.130 -03.982 +01.054
+00.282 +08.609 +07.221
+09.216 -08.991 +07.085
+06.849 +02.983 -00.758
-05.273 -00.187 -05.642
-02.162 +03.047 +00.762
+02.498 +09.721 +04.012
-03.339 +05.219 +08.062
+00.005 +03.353 -04.760
+02.652 -04.553 -02.262
+00.040 +02.131 -03.104
+03.580 +01.924 -08.201
+04.861 -01.871 +04.054
-01.376 +06.243 +09.824
+05.343 +08.163 +08.393
-00.620 -04.765 +00.224
-02.245 -08.045 +01.333
-06.614 -09.455 +09.618
+05.836 +03.445 +02.090
-06.900 -01.687 -09.928
+07.220 -02.041 +06.630
+03.782 -03.103 -03.114
-01.013 +01.943 +01.484
-06.694 +09.829 -09.697
-01.642 -08.302 -09.238
+04.808 -04.174 +04.284
+09.760 -04.969 +05.429
-01.200 +07.572 +05.358
+00.370 +02.758 -03.140
-04.606 +01.323 -00.019
-02.578 +03.115 +00.671
+00.067 -02.551 -03.457
-09.204 -02.787 +08.348
-09.672 -04.914 -04.071
+05.575 +05.543 -01.822
-00.039 +02.552 -03.359
-04.095 +04.047 +09.049
+02.894 +06.317 -07.141
-01.759 +07.846 -03.923
+08.741 +02.029 +06.739
-07.972 +09.404 +09.939
+02.690 +01.524 -00.926
-06.116 +09.524 +03.537
+04.775 -05.937 +04.433
+05.603 -03.968 +01.579
-08.651 +02.486 +09.588
+00.209 +08.885 -01.108
-06.765 -03.370 +01.491
-02.869 -07.370 -04.435
+05.361 -05.166 +07.782
+04.181 +02.824 +02.314
+09.454 +08.267 +03.358
-02.515 +07.592 +00.789
+01.942 +05.800 -08.599
-08.749 +05.222 +08.509
-08.441 +08.647 -00.113
-08.171 -05.698 +00.526
-00.296 +09.103 +01.354
-02.046 -09.967 -01.179
-01.501 -01.121 -03.976
-05.329 +00.144 -04.122
-09.236 +09.308 +06.095
+03.473 +02.086 -07.780
-02.706 +08.988 +05.470
+06.362 -02.884 +03.242
+07.203 -07.702 +04.066
+05.997 -06.482 +01.333
+06.562 +06.237 +09.204
+01.722 +04.033 -02.240
-03.345 -02.727 +09.984
-09.778 -04.727 +09.734
+02.751 +07.373 +01.937
+02.975 -07.722 -09.550
+03.411 -00.143 +06.902
+00.033 +02.557 -06.508
+03.542 +01.669 -04.364
+08.959 -03.444 +06.511
-04.091 -03.689 +01.656
-05.600 +06.979 -05.472
-05.841 +09.813 +06.049
+06.655 +07.415 -04.107
-01.701 +05.482 -08.107
+00.000 +00.585 -07.390
-04.752 -05.711 -06.221
-04.643 -01.207 +01.177
+09.439 -00.170 -02.656
-00.305 -01.347 +05.059
-08.111 -09.582 -02.524
+03.839 +00.234 -00.818
-06.743 +06.613 -07.653
-00.749 -08.501 +02.687
+09.846 +08.694 +06.483
+05.198 -04.545 +01.221
+04.111 -06.323 -01.429
+04.013 -05.674 -02.499
+00.202 -09.217 -07.852
+00.550 -06.618 -08.569
-04.249 +02.308 +01.850
-00.980 +06.894 -09.529
-00.305 +09.486 -05.900
-01.727 +01.341 -04.376
-03.798 +04.443 +03.613
-03.424 +06.477 +05.710
+06.682 +01.401 -01.106
-05.185 -09.086 -04.278
-09.546 -01.194 -00.943
-08.718 +07.798 +04.438
-01.111 -02.593 -07.630
-09.305 +03.723 -01.796
+07.291 +02.592 -04.180
+08.340 -07.284 -00.179
+02.385 +06.597 +02.584
+02.817 +06.844 +01.871
-06.453 -04.480 -04.866
-09.796 +02.528 -04.284
+03.696 -02.294 -03.314
+04.987 +08.448 -03.940
-03.419 -06.605 -08.937
-08.078 +07.382 -01.222
-03.039 +08.832 +07.238
+06.894 +08.575 +03.370
+07.360 -08.399 +07.255
-08.828 -01.043 -02.903
-04.241 +01.093 +08.086
-04.469 +06.502 +01.017
+07.749 -09.657 +01.441
-03.527 -03.722 -03.589
+06.959 -04.297 +06.578
+04.767 +01.138 +07.560
+00.996 -09.463 +00.959
+03.349 +06.184 -05.837
-03.046 -08.399 +05.563
-07.804 +03.593 +07.639
+03.297 -08.649 -06.560
-06.843 +03.000 -09.509
-05.462 -09.405 +01.570
-04.658 +07.693 +02.608
-00.633 +09.087 -04.390
+08.979 -03.015 -09.721
-07.555 -07.237 +05.633
+01.296 +04.642 +04.206
-02.990 -07.407 +04.473
-03.444 +07.484 -01.300
-04.474 -05.036 +03.240
+07.342 -04.689 +00.720
-06.478 +01.020 +09.903
+08.877 -02.899 -00.708
+06.857 -01.586 -00.893
-03.845 -04.974 -03.744
+00.925 +07.461 -01.458
-04.623 +09.529 +07.845
-09.138 +04.351 -07.376
-07.958 +08.477 -03.112
+02.639 -04.948 +08.089
-09.805 -06.214 +08.491
-05.274 -09.848 +03.485
-08.915 +01.794 +07.511
+07.983 +09.031 +09.004
-09.014 +06.390 -09.136
+01.276 -01.119 +01.740
+02.375 +00.910 +04.139
-04.738 +09.689 +02.214
+07.571 -02.062 -04.913
-09.112 +03.669 +00.337
-08.296 -03.916 -09.660
-09.775 +02.544 -04.667
-06.307 -01.720 +01.246
-07.951 +08.850 +03.227
+06.603 +07.256 +01.592
+03.665 +03.397 +08.770
+05.121 +09.073 -09.767
+00.476 +02.949 +08.371
+06.402 +06.310 -04.916
+06.124 -08.658 -01.057
-02.409 +04.628 -09.795
-09.830 -00.519 +03.651
+08.147 +09.972 -00.152
+02.725 -01.117 +01.187
-07.411 +07.605 +02.574
+02.586 -07.519 +06.895
+05.577 +05.142 -09.210
+07.697 +09.738 -02.469
+03.020 +00.804 +05.545
+04.907 -09.079 -04.711
+04.700 +02.945 +03.601
+07.425 +09.149 +00.226
+06.500 +00.569 -04.708
-06.879 +02.484 -06.358
+02.424 -08.496 +08.467
+03.756 +02.261 +08.325
+05.046 -02.744 -02.166
+07.467 +08.160 +04.336
+06.282 -07.232 -00.078
+05.365 +03.812 -03.156
+05.776 -02.441 +03.779
+02.552 -05.293 -09.817
-09.766 +01.847 +06.027
+06.080 -06.323 -08.472
-05.053 +04.917 -07.151
+08.113 -06.867 +07.924
+08.078 -09.100 -01.796
-04.308 -03.086 -03.282
-00.651 -06.654 +08.547
+04.022 +04.801 +02.837
+08.317 +04.687 -06.944
-06.159 -04.020 +09.293
+00.127 -09.517 -03.897
-04.334 +00.024 +03.945
-06.149 -05.255 +03.983
-02.119 +00.548 +09.003
+06.578 +06.136 +01.722
+03.011 -03.958 -01.078
-01.504 -08.746 +09.884
+00.609 -07.960 -07.349
-06.529 -08.435 +05.994
-00.076 +07.296 -01.446
+01.848 +03.076 +04.234
-09.932 +05.492 -00.030
+05.912 +07.216 +08.481
+02.881 -05.185 -09.640
-09.569 +02.604 +07.384
-01.026 +07.670 +08.151
+00.562 +03.876 -02.606
-09.311 -00.426 -08.413
+03.740 -09.874 +06.391
-07.493 +09.576 -00.922
-05.046 -05.383 +02.786
-01.961 +03.693 -07.466
+03.921 -00.660 +04.870
+03.035 -03.197 -03.925
+02.311 +08.158 -08.280
-04.173 +01.448 +04.917
-04.444 -01.711 +05.590
+02.940 -01.790 +06.090
+08.188 -08.153 +00.486
-08.039 -04.775 -07.904
-02.791 +02.536 +00.502
+02.535 -04.003 -06.127
-00.325 -08.299 +05.476
+04.550 -01.714 -04.045
+01.362 +00.178 +02.127
-08.585 +07.115 +08.094
+08.410 -05.260 -05.846
-03.237 +01.047 -02.052
-06.031 -02.690 +05.532
-05.556 +03.055 +09.860
-07.158 -04.948 +05.625
+08.399 +02.524 +09.616
-04.492 -06.575 +06.216
-04.944 -04.529 +05.587
-04.048 -03.277 -05.423
-03.978 -05.071 +04.885
+03.858 +05.653 -03.583
+04.511 +08.360 -09.213
+08.547 -09.863 -09.366
+05.791 +03.040 +03.766
-05.032 +04.074 +01.143
-02.036 -01.391 -01.128
+00.470 +04.103 -02.105
+05.154 -05.791 +04.583
-02.150 -02.986 +05.204
+08.361 +05.141 -05.098
-06.936 +00.071 +07.452
-01.848 -02.494 +08.188
-07.830 -02.236 +05.208
+02.480 -05.320 +03.954
-00.382 +03.943 +09.990
+00.354 -05.006 +02.146
-03.336 -02.335 +07.206
-06.998 +02.789 +00.871
-06.991 -03.941 +02.138
-01.431 +08.676 -05.137
-02.533 +04.615 +06.316
-03.037 -05.907 -03.698
+08.170 +06.838 -00.086
-02.140 +04.995 -01.086
-00.382 -03.124 +07.824
-07.653 -08.395 +06.945
-02.799 +03.520 +06.713
-03.340 +02.824 +02.503
-09.226 +05.723 +08.875
-09.991 -01.665 -05.318
-08.668 -07.742 +06.790
+02.381 -05.234 -02.464
-05.668 -06.833 +04.368
-05.672 +04.778 -01.814
+00.330 +00.086 +08.956
+08.357 -00.533 +06.136
+05.022 +09.441 -06.460
-07.362 -03.134 +03.526
+00.959 -09.678 +07.944
+00.165 -07.074 -09.553
+02.336 -09.527 -00.885
+05.932 -00.610 +02.806
-03.366 -06.086 +06.541
+08.497 -01.247 +01.060
+01.868 +08.588 -08.231
+03.217 -06.708 -00.341
-03.783 -05.870 +09.990
+09.311 +01.418 +03.816
+00.864 -07.349 +04.764
+02.618 -06.296 -07.385
+07.129 -00.325 +08.762
+09.478 -07.501 -01.563
-05.394 +03.471 -08.244
+09.060 -02.084 -08.850
-03.328 -00.909 +03.205
+08.088 -04.986 -04.609
-04.393 -04.606 -06.285
+03.131 +09.922 +05.311
-05.282 -03.323 +03.508
+05.649 -09.847 +02.142
-08.916 +06.186 +01.240
+06.926 -07.116 +03.800
+09.750 +04.140 -09.865
-04.098 -09.645 -07.681
+04.664 -07.809 -04.766
+08.122 -07.682 -07.960
+09.823 +09.910 +07.785
+02.693 -05.176 -00.840
-09.952 -04.105 -07.469
-06.026 +02.358 -07.748
-03.216 +07.846 +00.769
-00.477 -05.957 +04.861
+00.539 +09.335 -06.412
+07.578 -01.361 -09.743
-09.402 +09.779 -07.791
-00.269 -01.232 -05.982
+01.596 +02.959 -03.984
+08.189 -05.884 +00.351
-05.723 +07.112 +03.785
-09.205 +05.005 +06.308
-07.324 +00.649 -05.203
+01.255 +06.629 +05.458
-08.669 +04.874 -02.038
-01.329 -01.208 +00.937
-07.784 -06.660 +03.677
-08.780 -07.862 -05.992
+02.848 +06.418 +07.561
-00.567 -04.221 -04.025
+00.285 +01.413 +01.311
-05.386 -05.314 -09.679
+01.802 -00.722 +01.645
+05.202 -02.711 +03.183
-08.561 -08.683 -01.772
-07.535 +01.836 -01.565
+07.786 +02.616 -05.521
+05.493 +02.164 +02.068
-03.883 -04.461 -01.387
-05.352 +06.837 -07.817
+07.674 -08.946 +02.531
+03.816 -02.262 +04.284
-05.878 -05.422 +01.008
-07.612 +00.093 +00.928
+07.982 -03.342 +02.064
+00.706 -01.015 +01.224
-07.576 -06.675 -05.293
-04.855 -04.228 -00.662
+06.719 -03.738 +02.049
+04.029 +01.333 +04.219
-04.371 +04.261 -04.844
+00.923 +09.414 -01.230
+09.963 -07.002 +02.430
+07.023 -02.025 -03.719
-04.834 -05.837 -05.184
-01.029 -02.299 -01.038
+03.323 +09.082 -06.592
+00.442 -00.062 +06.543
+04.076 +04.960 +07.802
-08.702 -00.260 -04.258
+08.186 +06.243 -00.491
-07.713 +09.001 +01.458
-05.266 +06.877 +01.757
-07.435 -08.061 -05.905
-01.302 +05.884 -09.395
+05.990 -06.669 +08.874
+00.666 +05.589 +04.665
+01.555 +07.325 -07.834
+00.101 -05.964 +05.990
+06.175 -05.223 +00.480
-00.299 +04.900 -02.867
-00.112 -05.030 +05.200
-04.010 +01.169 -02.996
+03.574 +01.208 +05.332
-02.232 +03.078 +05.861
-00.694 -01.670 +08.927
-02.614 +01.341 -01.575
-08.685 +08.074 +01.085
+02.171 -04.285 +04.485
-00.936 -08.210 +08.603
+03.498 -04.573 +09.478
-01.772 +05.941 -06.059
+05.587 -01.197 +09.728
-09.897 +00.959 -08.137
-08.389 -00.244 -06.029
-05.446 +08.609 -03.763
-06.448 +05.069 +01.063
-03.170 +04.641 +03.081
-08.552 -03.727 -05.926
+09.788 +06.595 +09.275
+04.048 +07.822 +06.122
-03.585 +04.424 -00.468
+06.323 -07.488 -08.807
-02.947 +03.259 -04.270
-07.880 -01.751 -03.985
-05.480 -00.665 -05.082
-02.832 +03.623 -07.277
-06.681 +09.561 +00.200
-09.073 +00.532 +01.388
+05.833 +00.597 +03.479
-02.285 -00.125 -08.519
+01.539 +05.600 -01.556
+01.957 -08.746 -03.537
+02.955 +08.903 -00.395
-06.052 +01.841 +06.282
+04.348 +05.094 +09.014
+09.311 -03.896 +01.994
+03.575 -02.130 -05.827
+01.200 -00.954 +08.565
-07.884 +03.811 +01.353
+03.329 -06.330 -04.973
+05.933 -06.241 -02.070
+07.400 -00.110 +03.190
+02.193 +03.390 -02.286
+05.977 -07.605 -08.160
-01.650 -03.423 -04.216
-07.498 +08.210 +02.687
+08.591 -00.793 -05.715
+06.062 +03.955 +00.845
+08.314 +05.243 -06.221
+03.060 -03.650 -07.459
+06.595 +07.716 +07.321
-00.126 -00.315 -02.401
+09.073 +02.701 -00.789
-00.197 +07.921 +08.090
+06.706 +01.175 +06.557
+08.149 +09.857 -07.937
+08.778 -04.922 -06.542
-06.256 +00.623 -09.186
-01.760 -06.263 +08.934
-03.675 -05.597 -08.640
+05.999 +06.627 -06.966
+01.111 -07.467 +02.050
-06.694 -01.585 +07.436
+07.743 +07.058 +03.055
-09.600 +09.181 +04.845
+07.871 -09.138 +08.467
+07.007 +01.663 -07.874
-06.039 +00.540 -08.568
-01.116 +03.731 +06.812
+07.448 +06.646 -04.623
+08.691 -02.543 +08.110
-04.452 +07.152 +04.009
-04.516 +08.752 -04.621
-05.136 -05.751 +07.493
-09.813 +02.336 -00.147
-09.938 -00.839 -00.946
+06.885 +02.833 -01.629
+01.036 +00.820 +05.838
+06.418 +06.689 +05.687
-09.612 +03.468 +08.349
+03.409 -09.850 -00.719
-08.342 +01.530 -05.091
+08.168 +09.453 +03.496
+09.435 -01.745 +00.604
-06.369 +06.031 -00.464
+04.415 -06.757 +01.437
-07.892 +07.859 +05.894
-05.620 +07.095 -06.370
-03.479 +07.438 +05.753
-05.934 +02.722 -01.536
-03.215 -09.722 -09.542
-05.131 -07.432 -00.474
-02.359 +03.972 +07.570
+07.028 +08.160 -05.484
+01.311 +09.573 +06.096
+02.538 -01.446 +07.242
-09.468 +00.426 +00.573
-02.172 -06.617 -05.018
-05.475 -06.589 +06.227
+05.585 +01.394 -09.586
-04.256 -02.756 -02.189
+05.916 -06.836 -04.432
+00.942 -04.929 -00.444
+00.524 +03.529 -08.937
+05.185 +02.256 +00.150
+03.062 +04.155 +02.834
-06.621 +09.527 -00.387
+02.182 +01.558 +07.246
+08.486 +08.548 +03.794
+04.175 -06.092 +02.243
-01.697 -01.123 -02.828
+02.816 -02.295 +01.227
-00.817 -02.160 -01.808
+00.579 -09.349 -09.616
+07.463 -06.575 -02.028
-04.954 +00.360 +05.169
+00.855 +04.713 +06.210
+00.629 -08.535 +04.557
+03.211 +07.145 +04.699
-06.877 +04.944 +09.120
+02.719 -06.091 -06.188
+00.571 -00.871 +09.432
+06.048 +05.036 +03.516
+06.199 -00.194 +00.344
+00.646 -06.302 +03.208
-03.434 -04.370 -01.124
-07.125 +06.771 +01.976
-08.281 +04.586 -03.621
+09.174 +06.896 -03.379
-09.718 +03.840 -07.156
-02.558 +00.655 -07.860
+00.208 +05.391 -03.583
+07.966 -03.233 -03.248
-04.789 +03.354 -02.793
-02.619 -00.646 +00.978
+06.379 -02.223 +07.876
+01.927 +07.348 +08.606
+04.502 +01.126 -09.597
+01.621 -06.008 +03.259
+08.831 +05.121 -00.517
+04.077 -02.619 +06.603
+01.656 -05.697 -01.012
-08.920 +09.838 -03.598
+06.230 +02.642 +01.269
+09.905 -06.568 +09.943
+00.742 +05.816 -06.088
+04.458 -02.266 -03.294
+02.469 -04.261 +05.309
-00.707 -00.998 -01.938
-03.594 +02.468 -06.717
+09.216 +01.996 +09.825
-07.613 -07.499 -09.430
+01.548 -01.543 -04.759
+04.822 -00.469 +05.364
+09.441 +07.813 +03.538
+07.872 -01.016 -02.202
+04.555 -06.859 -08.713
+08.996 -09.684 -05.671
+08.771 +08.087 +01.704
+08.630 -03.239 -03.691
+02.422 +06.403 -00.744
+07.789 -05.710 +02.841
-04.632 +06.663 +06.449
-06.825 -01.051 -05.872
-04.943 +07.797 -03.313
-08.938 +02.061 -03.127
+09.000 -04.400 -09.262
+06.124 -04.342 -07.545
-09.089 +08.816 -09.197
+01.174 +07.899 -00.381
+05.726 -00.429 -00.318
+01.436 +02.756 -02.162
-08.234 -09.235 +04.153
+04.025 +03.968 +05.290
-04.418 +09.829 -02.912
+08.671 +05.064 -09.570
+03.067 +05.162 +08.024
+02.041 -01.625 +09.334
-05.325 -03.706 +04.629
+06.586 -09.590 -00.163
-04.619 +05.952 -03.342
-02.559 -05.816 -04.717
+00.924 +07.007 -01.189
-08.675 +05.565 +04.413
+08.774 +01.324 -00.356
+02.905 -08.850 +03.070
+00.526 -07.040 +07.658
+03.762 +00.356 -03.907
+00.296 -07.107 +00.981
+04.465 -03.510 +09.132
+07.675 +06.196 -05.336
-07.494 -07.686 +00.029
+03.560 -05.385 +02.454
+02.062 -01.481 -05.073
-04.220 -00.378 +00.386
+03.665 +03.794 +07.287
+01.564 -08.085 +09.788
+05.168 +08.003 +08.550
+03.819 -06.375 -03.786
+03.142 -00.095 -08.700
-07.711 +09.986 +09.447
+05.876 +07.666 -08.462
-06.557 -09.595 -08.008
-01.828 -09.607 +07.478
+01.041 +05.844 -00.278
-04.335 +01.148 +04.758
-07.204 +03.069 +07.140
+00.765 -05.661 +04.684
+02.471 +07.999 +03.223
+06.674 +08.442 +07.568
+09.891 +00.189 -04.496
-05.110 -01.295 +06.420
-01.559 -09.658 -04.300
+03.288 +01.165 -07.571
+01.772 -05.476 -00.296
-00.402 -00.109 +08.434
-04.800 -09.470 +07.634
+05.116 +09.778 -04.973
+01.053 +03.091 +06.410
+04.955 +09.824 -05.920
-04.224 -08.478 -08.696
-01.485 +01.497 -05.958
+03.155 -02.069 -06.726
+06.221 +00.327 -08.084
-02.332 +04.110 -05.383
+02.072 -07.065 +03.887
-07.049 -06.222 +01.300
-00.262 -08.161 +01.043
-00.814 -05.447 -03.065
-02.476 -01.134 +03.701
+06.280 +08.272 -03.903
+00.471 +04.943 -06.034
+01.941 +04.311 -07.805
-00.418 -09.485 +03.117
-03.662 +07.152 -05.097
+04.976 -01.055 +04.993
+06.093 -00.463 -08.143
-02.927 -07.578 -08.236
-08.821 -06.779 +05.232
-09.511 -01.766 -09.549
-06.557 +03.634 -04.586
-00.496 -09.483 -05.914
-02.067 +04.343 +06.007
-08.775 -05.014 -09.326
+03.158 +00.011 +05.427
+03.665 +06.608 -05.091
+07.370 -06.879 -07.987
-01.154 -01.901 +09.145
+07.028 -09.201 -07.372
+02.072 -08.908 +04.582
+07.964 -02.956 -06.112
-07.013 +02.714 -00.459
-02.978 +05.397 +09.466
+01.687 +09.611 -03.089
+00.976 -06.878 -06.705
+07.166 -02.053 -00.336
+09.308 +01.171 +02.632
-01.337 -05.051 +04.266
-03.060 +07.284 -00.458
+08.183 -02.625 +02.199
+02.997 -00.663 -04.411
-04.812 -00.843 -01.357
-00.695 +06.252 -03.411
+07.457 +09.055 +05.043
-00.431 +00.070 +09.838
+04.681 -01.691 +06.915
-04.885 -03.238 +05.652
-07.262 +02.968 +08.792
+09.764 -02.703 +04.181
+06.248 +04.412 -03.613
-01.953 +05.981 +08.700
-03.821 +08.677 -00.683
+07.307 +06.907 -05.079
-05.150 +04.457 +00.294
-05.843 +07.575 -00.039
-08.273 -03.745 +03.890
+03.087 -09.801 -05.458
-01.417 -00.698 -02.607
-00.402 +03.005 +09.072
+00.907 +06.671 +09.185
+02.799 +07.659 -06.255
-04.913 -09.920 -06.676
-04.466 -00.127 +03.492
+02.337 -02.161 +00.468
-00.374 +06.082 +02.473
+04.861 -08.007 -05.062
+00.879 -01.329 -03.612
-03.223 -02.847 +05.877
+06.019 -06.489 +09.785
-09.875 +07.851 +03.920
+00.409 +08.855 -02.493
-03.784 -00.887 -09.096
+03.297 +03.381 +01.379
+02.362 -05.144 -05.370
-03.506 -02.414 -04.319
-03.144 +02.664 -04.275
+05.172 +03.521 +05.428
-09.279 +04.891 -08.135
+08.387 -00.258 +06.081
+03.479 -02.505 -08.967
-01.611 -05.579 -01.769
+08.767 +03.529 +09.476
+09.150 +06.908 -09.382
-08.790 +07.161 +05.814
+03.813 -06.907 -08.141
+03.156 -02.712 -07.364
-00.384 +09.221 -07.113
+06.437 -05.431 +07.102
+05.874 +03.582 +06.438
-00.968 -07.015 +08.542
+00.912 +08.461 +09.786
-07.990 +01.659 -04.665
-03.501 +01.840 -05.853
-06.068 +04.840 +02.145
+06.378 -07.671 -09.426
+01.312 +03.659 +02.991
-02.426 +01.642 -02.567
+08.330 -01.927 -00.011
-07.088 -06.213 -00.549
-09.582 +05.016 +05.624
+08.740 -01.515 +03.712
-08.462 +05.661 -09.022
+06.805 -04.690 +03.023
+01.668 -00.535 +03.913
-01.203 -06.508 +01.440
+05.779 -08.334 +00.266
-07.627 -03.840 -02.937
+09.161 -00.924 -08.001
+03.392 -09.631 -06.721
+03.793 -03.415 -08.713
+03.372 +08.708 +04.449
+00.362 -03.185 +07.317
-08.945 -02.712 +00.929
+06.235 +09.915 -02.711
-07.227 -04.255 +00.057
+07.986 +06.507 -01.358
-08.013 -07.444 -03.979
-04.624 +03.159 -09.767
+08.012 -04.518 +08.872
-05.894 -00.236 +05.787
+08.902 -07.279 +05.451
+02.327 -01.048 +04.289
+06.210 -08.658 -01.474
+03.543 -07.588 +03.291
+02.621 +07.510 +05.570
-00.496 +03.339 +04.271
-00.613 +05.377 +09.109
-03.466 -09.195 +04.839
+07.662 +01.350 +04.937
-09.691 -08.225 -07.747
+07.672 -04.447 -03.646
-04.165 -05.532 +06.895
+05.396 -06.920 -03.551
-08.456 -04.471 +04.381
+03.180 +04.022 +03.858
-08.868 +02.095 -09.770
-06.479 +00.560 +03.352
-03.806 +01.958 -06.122
-00.094 +05.857 -07.004
+01.897 -01.881 -05.778
+08.425 +03.536 +07.691
-04.379 -07.510 -04.029
+03.177 +02.978 -05.486
-07.413 +03.509 -02.910
-03.354 -05.560 +09.481
-00.938 +05.922 +09.416
-04.235 -05.679 +02.312
-05.110 -07.527 -07.400
+04.330 -04.987 -00.503
+02.487 -03.479 +04.999
-02.760 +01.211 +03.487
-07.909 -01.009 -00.911
+05.058 -09.883 +08.007
+09.365 -04.025 -03.906
+08.398 -03.347 -02.541
+07.597 -01.568 -02.704
+05.333 -08.085 -07.312
-06.974 -06.025 -08.895
+07.901 -08.858 +02.003
-09.825 -07.503 +07.059
+09.230 +08.444 +00.772
-08.514 +09.285 -00.054
-07.082 -09.593 -07.587
-07.374 -04.347 +06.572
+00.491 +09.084 -01.039
+09.963 +04.838 +03.260
-08.408 -05.870 +00.695
+01.832 +07.332 -04.745
-06.138 -05.656 +00.973
+03.823 +07.245 +05.956
+01.123 +05.361 +02.170
-09.226 +00.519 -06.089
-02.048 +09.905 +09.731
-07.292 +06.037 +07.064
-06.316 -06.917 +02.113
-05.652 +02.143 +02.782
-09.432 +09.557 +05.637
-01.623 +03.901 +00.813
-02.709 -06.000 +05.258
-09.534 -05.257 +08.081
-05.891 +00.665 -00.921
+02.795 -05.636 +03.698
-07.776 +00.796 +01.191
-02.690 +03.626 +04.224
+09.038 -02.796 +01.146
+06.003 -02.162 +03.875
-08.680 +09.939 -05.679
+03.987 +09.815 +02.285
-01.139 +08.239 -00.773
+09.833 +09.272 -00.805
+02.260 -05.822 -03.491
+09.614 +07.590 +01.948
+09.311 +05.602 +06.311
-06.581 -06.406 +01.278
+06.035 -02.149 -02.930
-09.416 -08.577 -04.569
+08.701 +03.226 +03.921
+02.033 +03.282 -09.036
-02.433 -04.699 -01.244
-06.209 +01.649 -08.180
+09.233 -07.738 -03.000
+01.899 +05.540 -01.743
-08.379 -08.535 -02.614
+01.834 -05.729 +02.297
+05.175 +09.718 +00.969
-01.826 +04.498 +03.414
-04.913 -00.517 -08.780
-05.378 +03.285 -02.240
+05.906 -01.193 -06.952
-07.109 -05.581 +07.241
+06.098 -05.653 -05.262
-03.149 -01.899 -01.847
-01.885 +02.024 -00.978
+03.921 +04.104 +07.520
+03.025 +03.655 +04.600
+02.509 -00.153 -06.222
-06.707 +01.707 +01.925
-03.465 -06.512 +09.884
-07.503 -02.328 -01.831
+01.747 -03.525 +00.830
-06.283 -05.712 +00.769
-07.372 -08.134 +07.493
+06.188 -00.677 -04.878
+07.067 -00.765 +04.439
-03.400 -09.320 +02.443
+03.320 +07.565 +04.397
-06.640 +00.960 -09.918
-05.606 -09.269 -09.311
+09.209 -01.523 -03.290
+09.138 +07.804 +05.345
-04.808 +07.873 +09.512
-06.436 +04.860 -03.452
-00.534 +04.938 -05.295
-06.502 +05.845 +06.113
+04.630 +09.442 +04.312
+03.846 -05.777 +00.389
-00.450 -09.823 +05.273
+04.271 -09.700 -02.907
-03.617 +08.822 -00.084
-08.817 +02.287 -09.145
-04.873 -04.875 +02.899
+06.531 -05.253 -06.818
-02.071 -04.083 -08.820
-04.039 +02.924 +07.030
+07.344 -07.512 +05.949
+05.002 +00.487 -08.938
+05.848 +09.821 +01.241
-00.263 +02.906 +00.785
-02.447 +00.767 -04.275
+06.192 +04.312 -08.769
-02.764 +08.570 -06.433
+07.336 -02.865 -05.494
+03.784 -07.729 +02.452
-09.565 +06.329 -02.234
+07.353 +06.594 +00.262
+09.658 +08.344 -07.401
+09.110 +07.851 -01.115
-01.169 -03.028 -03.176
+09.528 -00.378 -02.918
+04.574 -07.580 +07.840
+07.687 -04.270 +07.901
+03.503 -02.375 +05.416
-06.003 +07.829 -09.853
+06.670 +08.303 +08.758
+06.480 +09.238 -08.889
+04.660 -02.602 -09.103
-02.457 +07.193 -06.378
+07.844 -08.359 -00.785
-01.953 +02.333 +03.106
-06.046 +04.034 +03.340
+07.529 +09.084 +03.212
-02.181 +04.966 -02.712
+07.935 -01.293 -08.794
-03.697 +08.359 +07.983
-06.969 -04.291 -03.082
+01.278 -04.584 +05.462
-04.924 -03.096 +07.635
-04.432 -09.953 -00.958
-04.473 -05.384 -00.376
+03.943 +04.437 -01.657
+07.663 -00.325 +07.425
+05.526 -02.673 -03.476
-02.224 -08.866 +08.171
+00.331 +09.868 -07.107
-07.918 -08.166 +00.922
+02.245 -09.561 -05.307
+02.572 +05.030 -03.132
+07.956 +01.699 -06.293
-07.315 +08.719 +00.961
-09.674 +06.326 -01.961
+07.991 +07.651 -04.561
+05.203 -00.365 +03.046
+04.850 -00.200 +04.226
-09.787 -09.836 +04.985
+00.750 -06.711 +02.324
+08.033 +06.883 -09.446
-04.105 +06.696 +07.576
+04.864 +01.582 -04.956
-04.076 +00.156 -00.962
-00.958 +00.635 +05.479
-09.031 -08.493 +03.799
+01.350 -00.074 -03.768
+00.936 -03.796 +07.989
-05.097 +08.965 -06.259
+07.439 +07.611 -07.265
-00.624 +05.268 -02.851
-09.316 +08.859 -07.966
-04.967 -08.190 +08.167
-09.207 -00.300 +02.116
-07.553 +01.352 -06.926
+06.881 +04.661 -03.414
-03.910 -05.963 -04.169
+09.014 +08.271 -08.073
+08.849 -06.583 +07.407
+06.482 -05.026 -02.861
+09.991 -00.306 -03.763
+01.146 +02.099 +07.111
+08.400 +01.276 -00.553
+05.828 +04.191 +02.846
+07.186 -05.589 -05.017
-00.406 +05.851 -05.732
+07.609 -08.588 +01.225
-03.109 +02.269 -08.216
+08.308 -01.288 +02.469
-02.720 +03.177 +02.469
+08.958 +01.987 +04.450
-04.367 +08.507 -08.535
-00.478 +04.878 -01.289
-06.836 +01.548 -01.480
+04.234 -00.199 +07.679
-05.027 -04.470 -05.978
-09.197 +05.693 +06.172
-01.402 +08.961 -09.956
-04.894 +09.371 +07.927
+03.050 +02.068 -06.911
-01.923 +08.729 -06.878
+03.755 -03.446 -02.786
+01.679 +09.151 -07.653
-02.495 +00.389 +02.072
-00.039 +09.170 +03.593
+00.537 -07.349 -08.571
+09.413 +05.674 -05.701
-05.693 +02.546 -03.410
+05.800 -00.936 +03.576
+09.918 +00.413 -09.668
-06.091 +09.646 -08.372
+06.014 +03.348 +05.393
-04.406 -07.212 -09.673
-06.637 +03.644 -06.150
-00.243 -03.861 +07.666
+08.952 -01.895 -01.231
+05.586 -02.603 +00.500
+07.545 -08.229 +01.588
+08.930 -03.963 -03.778
-05.688 +08.697 +02.408
+05.831 +07.698 +06.432
+02.255 +08.835 +05.757
+00.519 -08.825 +02.048
-00.637 -06.510 -04.265
+05.094 +03.955 +01.595
+06.772 +08.243 +06.388
+09.327 -04.874 -01.058
+08.437 -08.036 +04.326
+07.637 +02.175 +03.975
-03.439 -09.759 +08.146
-06.574 +00.405 -01.700
-04.301 -03.936 +07.502
+05.442 -05.243 +00.467
-02.627 -02.600 +06.879
-08.656 +05.482 -03.665
-07.697 +01.054 -09.853
-06.050 -00.792 -00.243
-04.074 -04.240 +08.410
+01.303 -03.568 +05.131
+07.657 -08.555 -00.376
+07.051 +07.280 +03.148
+03.973 +03.176 -08.035
+06.114 +03.560 +03.320
+09.738 +09.706 +09.395
-09.468 +06.184 +03.397
+03.590 -05.879 +05.028
-07.414 -07.355 -06.484
+05.838 -06.849 +09.084
+06.325 +04.534 +03.440
+01.976 +01.711 -05.588
-03.741 +09.343 -01.573
+06.010 +03.679 -02.488
-00.524 +08.459 +05.900
+02.551 +05.634 -09.790
-07.035 +03.804 -04.060
+00.911 -08.830 -02.495
+03.727 -00.565 -05.504
-05.229 -06.849 +06.978
+02.044 -01.374 -07.926
+04.627 +08.747 -03.590
+00.479 +05.556 -06.564
+05.711 +08.296 -02.057
-03.139 +02.454 +09.533
+06.622 +05.089 +07.601
-02.906 -02.929 -03.120
+03.607 -06.212 -00.691
+05.029 +08.883 +04.930
+07.795 +02.741 -06.910
-05.605 +06.880 +07.197
-09.564 +06.929 -05.388
-07.588 +05.471 -02.319
-04.806 +02.259 +05.682
-05.742 -03.807 -08.740
-06.263 -01.817 -00.683
+06.280 -04.564 -07.107
-06.888 -07.495 -07.510
-04.053 +01.929 -00.613
+02.069 -03.776 -02.606
+05.911 -07.631 +01.833
-05.664 +05.129 +02.109
+06.046 +01.369 -03.807
+03.544 +02.138 +04.890
-06.487 +05.429 +08.140
-01.889 +06.714 -05.869
+04.870 +05.556 +03.199
+09.681 +03.499 +00.407
-01.550 +09.421 -06.933
-08.400 -04.352 +09.679
+05.266 +08.954 +03.071
+08.361 +01.407 +07.108
-04.446 -08.787 +06.352
+08.610 -03.590 +04.354
-05.563 -06.397 +04.686
+00.602 +08.093 +08.107
+07.763 -02.179 +03.565
+08.779 +04.865 -00.738
+03.522 -07.493 +03.267
-00.824 -09.455 +02.335
+09.597 +06.038 -03.192
+06.083 -06.701 -04.416
+03.013 +09.827 -06.411
-05.431 -01.406 +05.300
-03.645 +09.673 +01.661
-05.833 -08.301 +04.390
+00.348 -00.070 +01.034
+05.408 -09.727 +04.406
+00.801 +01.795 +00.553
+09.797 -05.282 -00.727
-00.332 +05.333 +05.484
-03.899 -02.593 -05.857
+07.007 -04.099 +07.281
+00.019 +04.364 +06.460
+05.669 +04.663 +03.115
-03.573 +04.454 -00.531
-02.643 -07.704 -04.948
-05.088 -06.552 +07.119
-01.203 +05.771 -07.646
-04.428 -07.186 -06.431
-09.501 +02.001 -08.115
+07.680 +05.356 +00.550
-02.659 +03.008 -00.400
-04.711 -09.573 +07.894
+09.305 +03.927 -06.586
-08.282 -09.778 +02.736
-06.210 +05.903 +00.659
-05.448 +01.586 -03.882
-00.642 -04.237 +04.148
-08.523 +09.054 -09.679
+01.823 -07.550 +05.740
+03.041 +00.955 +00.515
+05.763 -02.264 +09.997
-00.958 +04.086 +03.618
-00.010 +01.087 +04.216
-03.758 -08.608 +04.678
+09.127 -01.473 -08.667
-03.432 -03.693 -02.675
-07.617 -02.742 +08.548
-03.303 +08.514 +09.693
+05.800 +06.183 +00.062
+05.574 -01.927 -05.256
-01.058 -00.888 +00.749
+07.233 -02.254 +09.675
+08.046 +03.536 -08.282
-04.496 +03.213 +08.587
+06.217 -00.391 +06.587
+08.447 -01.025 -04.973
+08.321 +05.564 -03.249
+00.584 -08.349 +03.693
-05.376 +03.273 +06.773
+09.232 -03.306 -09.474
+06.965 -08.365 +02.094
-01.421 -08.682 +00.250
+02.690 +08.870 +03.730
-09.138 -06.947 +09.416
-08.631 +02.913 -02.481
+05.071 +09.167 +07.412
-04.845 -01.833 +07.585
+01.151 -08.266 -06.909
+01.929 +04.939 +09.082
+03.033 +03.822 -07.580
+03.386 -02.423 -04.878
+04.615 +06.142 -06.083
-00.997 -00.912 -01.982
-03.879 +09.054 +07.103
+02.893 -03.082 -03.500
+05.644 +09.468 -05.163
+05.552 +02.969 -09.866
+09.633 +02.908 -02.675
+08.133 -01.910 -02.926
+03.868 -06.840 +08.617
+05.945 +02.695 +00.895
+04.245 +07.939 +08.109
-06.177 +00.517 -03.566
-07.088 -04.661 -06.240
+09.130 -01.306 +07.074
+07.209 +04.583 -08.771
+07.475 +02.713 +04.301
+06.942 -05.285 -01.788
-04.079 -07.383 -08.566
+01.641 +08.262 +05.359
+01.188 -02.010 +01.083
-03.726 -09.012 -02.684
-02.704 -03.339 -02.637
-05.108 +09.776 +01.904
-08.091 -06.745 +04.855
+09.285 +01.931 -08.006
-09.894 -05.229 -00.528
+08.588 -08.122 +00.276
-05.723 +06.299 -08.627
-02.861 -06.233 -00.600
+02.645 +02.757 -01.047
-03.335 -06.537 -00.610
-06.746 -00.021 +01.939
+05.298 +08.429 +07.526
+02.122 -02.712 -02.889
-07.593 +08.436 -03.551
-05.652 -08.926 +05.129
+00.859 -05.463 +04.461
-00.241 -02.395 +06.426
-02.059 -02.253 +01.537
-08.784 +05.008 +03.272
-05.879 -00.724 -03.123
+07.169 +03.353 -08.889
-06.825 -05.355 +07.491
+09.959 -04.242 +08.047
+05.357 +00.221 +03.852
+03.661 +09.972 +04.293
-09.995 +07.431 +04.924
-03.787 +02.922 +06.658
-07.049 +03.119 -09.577
-05.936 +02.113 +00.952
+08.381 -08.316 +04.738
+08.559 +03.290 +04.186
+04.201 -07.291 +07.843
-03.872 +07.125 -03.928
-03.620 -01.435 +04.744
-00.127 +02.717 -09.717
+07.487 +03.891 +06.488
-05.063 +00.063 +09.647
-04.918 -09.338 -06.622
+05.872 +04.009 -06.672
+08.004 +07.489 -02.812
+09.739 -08.818 -02.130
+06.627 -03.780 +04.862
-04.431 -06.280 +09.248
-05.367 +08.719 +01.848
-08.600 -03.318 -06.490
+00.766 -00.674 +02.304
-02.199 +07.327 -02.097
-04.979 -03.642 +02.311
-04.282 -04.495 -05.842
+05.431 +02.005 +06.272
-08.425 -02.989 +04.061
+02.645 -08.009 +02.680
-09.145 -05.432 +08.140
+09.532 +05.932 -04.864
+05.316 -08.331 +03.929
+04.426 -06.340 -04.871
-08.437 +06.098 +01.338
+06.460 -04.038 -02.590
+08.494 -01.691 -08.377
-03.515 +00.744 -08.908
+05.790 +08.311 -08.229
+03.092 +09.944 -03.435
-05.829 -03.765 +02.145
-04.083 +08.404 -06.435
+01.084 +04.460 +09.177
-01.152 -01.976 +06.216
-00.378 -06.154 +06.666
+00.303 +09.886 -06.564
+00.835 -09.866 +03.125
+06.148 +01.527 +03.939
-03.215 -06.660 -01.627
-05.913 -09.045 +08.037
-08.582 -06.506 -02.177
+08.999 -04.878 +09.406
-03.481 +07.931 +07.470
-05.030 +08.648 +02.520
+06.178 +01.800 +01.839
-09.807 -03.127 +02.811
-05.595 +02.450 +03.544
-06.982 +07.640 +00.757
-06.412 +06.213 +09.893
+08.837 -04.844 +05.309
+09.650 -01.334 -05.818
+02.634 +08.982 +03.161
-03.990 +04.245 -02.603
+07.217 -08.399 -03.772
-05.946 +00.110 +08.274
+09.258 -01.308 +00.466
-00.962 -07.465 -00.432
+02.339 -02.285 +03.361
+05.302 -07.164 +07.204
-00.716 -06.219 -07.973
-01.597 -08.887 -04.440
+00.049 -02.000 +09.210
+07.855 -07.929 -04.911
+04.812 +00.247 +09.519
-01.714 +05.543 +03.219
-00.075 -04.856 +00.704
+05.592 -00.526 -06.650
+05.018 +09.228 -01.375
+04.970 -05.027 -02.664
-00.362 +06.590 -09.183
+03.037 -00.620 +02.171
+05.084 -09.370 -05.610
+09.844 -05.684 +03.731
+01.238 -06.676 +09.173
-05.840 +01.691 +00.922
+08.793 -02.846 +02.222
-02.319 -02.083 +06.189
+07.028 +07.596 -03.730
-09.914 +05.331 +00.813
+05.947 -00.294 +01.494
-08.160 +00.000 +00.533
-08.571 -04.094 -03.324
-04.042 +05.805 -06.415
+00.173 +07.652 -02.140
-07.400 +05.320 -09.150
-09.488 -04.228 +03.918
+07.100 +00.475 +06.805
-08.848 +04.624 +08.635
+06.543 +07.472 -02.300
+03.655 -01.845 -01.123
-06.587 +03.057 +07.266
+00.046 +09.701 -03.718
+04.978 +07.181 -07.210
+09.084 +02.103 +02.794
-09.057 +03.230 -03.220
+07.186 +08.170 +06.387
-09.758 -03.758 -09.766
+03.176 -03.088 +06.505
-01.695 +05.068 -00.450
+01.553 -09.494 -01.141
-07.512 -05.115 -09.418
-02.066 -03.840 -05.934
+09.327 -02.079 -04.891
-09.693 -03.991 -05.498
-02.474 -00.032 +03.453
-04.347 +01.588 +05.168
+06.031 +03.339 +03.289
-09.189 -00.404 +00.236
-04.638 +08.133 +08.994
+07.325 +00.931 +03.004
-05.651 +04.952 +05.172
-00.960 -02.503 +07.368
-09.479 -07.569 -06.223
-08.024 +01.666 -05.031
+08.518 -03.441 -04.405
+00.104 +02.272 +07.153
-01.134 +07.418 +02.872
+09.154 +02.040 -02.567
+00.201 -02.028 +09.677
+05.278 -08.240 +04.370
+01.734 -04.786 -05.119
+05.247 -07.915 -06.762
+01.451 -05.769 -09.483
-09.420 +04.624 -04.844
+06.331 +02.876 +03.915
+07.506 -05.427 -03.737
-06.877 -07.852 -04.002
+08.272 -09.373 +09.872
-04.711 -03.469 +08.409
-03.320 +07.824 -07.050
-00.493 +03.684 -09.291
+03.356 -00.691 -00.477
-00.387 +03.914 +03.270
-06.770 -09.079 -03.668
+03.153 -05.032 -02.539
-03.087 -07.716 -09.850
+02.838 +08.941 +01.822
-05.111 -09.321 -08.137
-07.767 -04.413 +04.900
-04.989 +00.372 +09.519
+07.038 +06.228 +02.495
-00.122 -04.458 -05.857
+00.072 +06.029 +03.850
+07.136 -04.333 +03.690
+00.374 -07.324 -04.461
+06.995 +06.680 -09.460
-03.401 +07.865 -09.874
-02.413 +05.482 +08.969
+02.175 -07.046 -06.314
-03.669 +09.656 -08.420
-06.819 +06.473 -02.593
-02.035 -08.071 -07.872
-08.814 -09.037 +06.690
-01.714 -06.965 -03.264
+04.080 -00.194 +00.206
+07.964 +01.439 +05.466
-01.633 +04.343 +02.865
+04.721 -00.498 +00.797
+02.146 +00.459 +08.418
-02.612 -03.254 +06.127
+06.704 +04.369 +00.364
-09.045 -01.166 -03.161
+01.673 -04.078 +09.774
+07.366 +01.198 -01.702
-02.361 +07.460 +01.687
+08.475 +02.698 +09.317
-04.276 -09.898 +05.688
-06.379 -04.111 +02.410
+06.160 -06.497 +08.142
-01.158 +01.241 +01.792
+06.183 -00.219 +03.307
-05.669 +04.142 -07.854
-01.503 +03.220 +09.986
+09.220 -02.287 -04.521
+04.218 -07.449 -03.532
-00.093 -04.327 -03.518
-08.818 -09.252 +06.593
-07.898 -08.989 -09.653
+03.628 -03.617 +03.205
-02.511 -08.635 +02.712
-02.409 +02.092 -07.982
-09.961 +03.256 +05.830
+00.974 +00.542 -05.893
-08.042 -01.388 +02.483
-09.070 +08.872 -04.856
-09.210 -01.574 +02.016
+06.842 -06.304 +06.660
-05.533 -08.648 -08.055
+00.937 +01.172 -07.116
-04.691 -09.031 -02.786
-07.485 +02.611 -09.077
+03.373 +04.514 -04.909
+03.273 -06.482 +07.896
-09.774 +06.927 -08.725
+01.718 +03.572 +04.285
-06.699 +02.674 -08.250
-07.473 +09.027 +02.025
+00.986 -06.004 +04.107
-03.020 +07.590 +06.574
+08.736 +09.487 -02.215
+09.035 -01.824 +04.303
-07.295 -09.654 +03.389
+05.369 -04.074 +02.022
+00.196 -06.386 +01.565
+06.825 -04.934 -08.707
+05.299 -02.294 -06.952
-02.609 +04.796 -02.982
+09.621 -05.601 -02.745
-01.392 -03.430 -05.572
+00.783 -09.318 -01.869
+07.541 -04.400 +07.854
-07.248 +05.994 +06.529
+05.424 -04.067 +04.506
-02.152 +06.325 -02.424
-07.969 -04.265 -07.948
-07.532 +04.641 -08.753
+05.013 +02.933 -00.834
+06.202 -05.255 +00.076
+07.416 -01.931 +02.950
+01.650 -09.593 -04.807
+03.079 +07.654 +04.567
+05.421 -01.967 +05.165
-04.014 -06.378 -04.991
+08.011 +02.907 +06.555
-08.811 +07.422 -09.668
+05.526 -06.685 -09.263
-04.621 -07.381 -03.847
+05.809 +08.332 -03.470
+06.575 +00.758 -06.308
+01.013 +07.930 -00.418
-03.462 +07.974 +00.637
+09.195 +03.095 -00.854
-07.090 -04.404 -05.145
-07.418 +02.352 -08.537
-04.479 -08.062 +07.672
-03.465 +07.267 +09.423
+04.218 -04.567 +01.603
-00.160 +09.374 +05.597
+06.432 +04.712 -05.538
-06.772 -04.824 -06.357
+03.528 -05.051 -03.671
+09.611 +00.369 +03.949
+09.526 -09.281 +01.166
-08.911 -00.310 +00.713
-02.408 -00.708 +03.791
-06.606 -04.006 -02.119
-01.147 +05.052 +03.426
+08.761 +01.644 -02.642
-09.446 -04.186 -08.196
+04.766 -09.369 +02.287
-09.670 -02.762 +09.031
-01.352 +09.120 -04.544
-09.422 -04.080 +02.568
+00.053 +04.088 +02.758
+06.800 +08.257 +05.801
+05.967 -02.803 +08.358
-00.050 -06.212 +09.467
+04.265 +05.449 -01.838
-01.166 +08.460 -09.954
-00.554 -06.660 +03.899
-09.648 +06.658 +09.942
+03.690 +04.044 -03.380
+09.980 +04.700 -06.935
+08.910 -06.070 +01.182
-01.105 +00.362 +05.864
+09.562 -06.822 +08.096
-08.281 -05.577 -02.157
+02.181 +02.006 +01.653
-06.558 -05.426 +04.131
+09.811 -02.260 +06.151
+09.275 +07.184 +09.712
+06.588 +03.114 -03.061
+07.164 +01.269 -03.701
+09.885 -03.717 +03.150
+06.576 +01.882 +08.066
+00.875 +02.924 -05.020
-05.377 -05.388 -05.421
+02.295 -04.357 +09.242
-08.089 -09.489 -09.963
-08.902 -08.836 -05.652
-08.441 -01.637 -03.951
+02.271 +09.566 -02.794
-01.962 -03.481 -04.005
+07.932 -01.991 +09.919
+02.536 +09.868 -03.356
+08.532 +08.730 +08.398
-01.286 +03.143 +03.591
+00.816 -02.192 -01.155
+01.755 +07.538 +05.321
+09.442 -01.493 -07.706
+09.630 -05.363 +03.978
-03.919 +08.533 +01.472
-00.214 +01.120 +08.191
-04.087 +08.629 +07.381
-05.648 +07.546 -01.353
+03.675 -08.413 +03.122
-03.538 -06.058 +02.946
+09.123 -06.975 -04.927
+02.465 +07.878 +03.243
-01.356 +06.234 +01.136
+05.853 +03.817 +04.240
+02.045 +07.393 +07.316
+05.457 +04.834 -05.761
+08.907 +08.394 -07.396
-00.488 -02.587 +03.570
-05.594 -03.499 +02.923
-06.610 +02.285 -09.299
+02.595 +05.069 -08.117
-07.366 +07.439 -00.554
-07.881 -02.712 +03.693
+04.934 +03.401 +05.372
+02.302 -06.058 -00.766
-00.311 +09.615 -02.109
+02.442 -02.086 +06.428
-07.922 -04.618 -06.268
+06.923 -09.774 -04.232
-08.567 +05.804 +09.311
-00.805 -03.278 -07.314
-06.441 -00.002 -02.900
+02.290 -08.286 -01.882
+08.041 +00.192 -00.508
+02.516 -04.756 -00.611
-02.557 -01.583 -00.929
+05.826 +08.967 -02.065
+03.044 +00.762 +03.249
+02.129 -01.624 -03.804
+02.353 -04.411 +09.413
-02.319 +02.330 -01.178
+00.432 -00.372 -02.759
-06.045 +06.196 +02.466
+00.879 -08.642 +09.149
-01.299 +03.436 +08.343
-07.553 +01.400 -00.146
-08.236 -04.499 +02.148
+08.361 +00.173 -01.184
+06.806 +08.161 -01.982
-01.626 +02.963 -03.545
+03.870 +02.738 +01.982
+02.950 -03.499 -09.287
+05.474 -03.556 +09.291
-08.121 +01.481 -02.387
-01.749 +01.743 -03.198
+05.244 -07.091 -08.760
-07.106 -06.976 -07.826
+08.925 +06.020 -00.243
-07.903 -05.452 +03.307
+01.319 +04.050 -03.410
-00.984 +08.667 +04.573
-01.917 +07.561 -08.102
+03.775 -06.894 -07.099
-00.364 -05.939 -09.838
+03.895 +06.729 +00.941
+02.171 +00.173 +01.460
-05.839 -02.779 +07.388
-03.031 -08.064 +08.336
+09.761 +02.602 -02.105
-01.618 -02.265 -07.861
+07.325 +09.044 +03.611
+01.160 +03.540 -08.169
-06.998 +07.149 -09.266
-03.544 +08.614 -02.150
-07.728 +09.425 -08.783
-05.068 +01.853 -04.442
-08.690 -05.075 -04.884
-08.729 +08.470 +06.221
-09.217 -03.610 -05.073
+05.463 +00.474 +09.701
-02.447 -07.042 -00.187
+07.483 -05.365 +09.557
+07.834 -06.893 +09.501
-02.702 -03.725 +01.331
-09.727 +02.345 +06.294
+00.035 +01.917 -08.578
-03.037 +05.040 -03.738
-08.495 +01.509 +05.618
+06.451 +00.670 -05.879
-07.505 -06.830 +01.442
+08.478 +09.315 -08.863
+04.229 +02.518 +02.729
-01.503 -06.450 -02.806
+07.284 +03.822 -00.387
-07.783 +04.471 -02.483
-00.845 -04.682 +07.498
-04.288 -01.865 -09.391
-01.489 +09.941 +07.132
+05.027 -08.809 +06.844
-04.433 +01.295 -06.350
+01.066 -06.186 -02.928
-03.558 +04.589 +06.400
+05.570 +03.237 +09.371
+07.738 -07.148 -08.195
+06.343 -03.139 -03.288
-00.168 +03.217 +04.034
-00.808 +00.002 +00.925
-01.430 -01.342 +02.763
-06.225 -09.622 -00.843
+03.298 +09.473 +09.515
-08.325 -02.153 +07.740
+03.075 -06.102 +00.548
+02.527 +00.081 +09.021
-03.236 +08.000 +02.358
+05.579 +07.680 -07.202
-02.807 +07.277 -03.224
+00.337 -00.688 -09.500
-00.160 -01.265 -04.282
-09.611 -08.357 -00.195
-02.122 -08.545 +09.724
+05.965 -00.398 -03.994
-04.528 -09.223 -09.376
-09.968 +09.440 -04.543
-07.229 +03.192 +05.455
+07.815 +09.133 +07.884
-00.573 +00.240 +05.608
-04.301 +09.880 -03.816
-09.788 -08.006 -03.832
-04.658 +00.496 +00.905
+06.678 -03.486 +05.068
-04.224 -04.564 -09.298
+01.644 +05.362 +07.863
+02.004 -00.416 -07.560
+08.441 +00.618 -01.695
-04.689 -01.287 -00.076
+00.641 -02.648 -01.107
-09.185 +04.254 +07.413
-03.592 +03.736 -03.819
+00.845 -02.954 +04.892
-09.899 -05.795 +05.879
-00.103 -02.800 +07.878
+02.363 -05.776 -07.956
-00.549 +04.957 -08.178
-01.777 +00.451 -00.166
+05.451 -03.597 +06.978
-02.369 -05.757 +02.685
-05.673 -09.404 -04.560
+06.318 +02.024 +04.112
-07.292 +05.153 -04.608
-06.799 +09.118 -07.325
+03.233 -04.482 +09.664
+01.957 +09.380 -06.069
+07.947 +01.397 +01.322
+04.347 -09.694 -03.119
-07.009 -02.020 -02.442
-00.093 +07.763 -03.554
-00.449 -05.024 -02.047
+05.936 -03.538 +08.178
+03.574 +00.645 +06.166
-07.838 +06.111 -03.096
+03.527 +07.967 +08.882
+09.423 -03.040 -01.560
+02.494 -09.089 +08.313
+00.435 +09.069 +03.253
-00.404 +01.881 -08.461
-06.231 +02.852 -00.565
+09.703 -07.898 +00.342
-06.356 -07.048 +00.985
-07.231 -00.705 +06.617
+05.058 +02.802 -04.335
+03.756 +09.364 -07.593
+04.426 -01.678 -02.229
-02.290 -03.576 -04.511
-00.382 -06.885 -06.309
+07.457 -05.513 -00.636
-08.352 +09.997 -08.399
+00.958 -00.441 -02.365
-01.741 +06.816 +03.118
+02.249 -03.142 +03.488
+03.911 -07.710 -01.371
-05.949 +04.820 +09.532
+09.516 +08.843 -07.971
-06.070 +08.217 -00.136
-04.519 -06.232 +03.733
-01.974 -07.663 +08.384
-08.409 +08.332 +04.458
+09.570 +01.096 -05.429
+02.051 +00.087 -09.229
-08.739 +02.917 -06.592
-03.093 -04.519 -02.303
-04.389 +08.230 -02.566
-08.265 -03.127 -09.815
-05.442 +01.973 +01.932
-05.239 -05.696 -02.703
+03.872 -00.794 +03.657
-08.948 -04.741 +05.986
-08.674 +07.857 +00.226
-09.611 -04.566 +08.963
+00.259 -01.789 -06.115
-02.798 -06.621 +06.451
+08.683 +05.949 -09.612
-01.602 +09.257 +05.339
+08.449 +00.594 -09.505
-03.875 +01.246 +01.164
+07.334 -02.362 +02.940
+05.454 +04.915 +05.125
+03.140 -03.248 +01.866
-05.743 -02.961 -09.485
-09.952 -08.600 +04.147
+02.200 -07.463 +06.561
-01.802 -03.520 -02.788
-08.386 +02.224 -08.485
+02.459 -06.762 +06.716
+07.341 +05.655 +01.865
-01.244 -08.475 +01.408
-09.379 -06.245 +05.672
+05.325 +07.704 +04.064
+07.189 -09.022 -06.892
-04.866 -01.233 -05.028
-05.980 +09.821 +06.766
-07.701 -01.911 -08.941
-07.965 -07.432 -09.402
-08.725 -01.250 -08.935
-05.003 +08.422 +05.889
-02.838 -03.064 -01.388
-01.307 -09.752 -05.548
-03.425 -06.210 +07.040
-02.714 +07.526 +03.492
-04.515 -08.716 -05.107
+03.025 +08.322 -05.623
+02.706 +09.811 -09.123
+03.856 -09.798 -01.138
+01.993 +05.541 -05.260
-07.134 +03.177 +09.820
-07.305 -00.748 +04.962
+04.330 +07.237 +05.582
+03.375 +00.508 +06.664
+00.262 -07.532 -04.615
+02.645 +05.946 +02.163
+01.632 -02.192 +01.716
-03.121 -02.829 -01.545
+06.087 -03.205 -04.280
-03.181 -02.777 -00.568
+03.072 -01.894 +01.379
+05.999 -02.748 -04.781
+08.165 +07.348 -03.550
-05.705 -09.660 +06.323
-03.995 +06.431 +02.080
-07.773 -07.430 +09.975
+06.257 -02.854 -05.442
-07.328 -00.325 -01.398
-00.383 +05.802 +01.601
+01.710 +07.671 -09.869
+05.529 -08.704 -06.191
+02.936 -06.880 +07.273
-02.122 +00.641 -05.656
+00.353 +05.925 +09.879
-02.246 -05.901 -00.789
+08.261 +09.551 -00.461
+05.111 +01.731 +06.741
+08.013 -03.159 -03.047
-00.695 +05.277 +03.778
-03.442 -05.279 -05.253
+01.851 +01.683 +04.408
+01.282 +07.261 +06.732
-08.607 -02.229 -03.847
+08.236 +09.118 -01.389
+03.213 +06.820 +08.153
+08.130 +02.090 +05.532
-01.848 +06.992 +00.903
-06.377 -08.479 -09.415
-01.915 -00.512 -05.484
+04.720 +06.918 -06.822
+04.527 +06.392 +05.388
-02.739 -04.190 +07.262
+01.735 -06.635 +06.732
+01.508 +03.704 +04.792
-05.371 +08.350 +02.217
+05.445 +02.418 -00.465
-02.288 +09.498 +08.262
+05.006 +08.846 -05.299
+08.154 -01.355 -02.747
+07.815 +00.309 +00.627
-06.828 -07.717 +00.776
-04.418 +05.452 -05.105
-04.491 -07.715 +02.837
-07.740 -01.448 -06.704
-02.853 -07.752 +04.143
+08.172 +04.497 +02.518
-06.735 -09.238 -04.544
-01.582 +08.430 -01.367
-05.954 +06.678 -07.470
-07.487 -04.338 +00.729
-00.130 +08.022 +05.581
+02.919 -02.237 +00.701
-06.215 -02.956 +03.124
-07.097 -04.068 -01.608
-09.449 -03.859 +08.473
+05.923 -04.084 -04.711
-00.870 -01.275 -08.096
+08.107 -07.193 -07.792
+07.238 -04.089 +03.810
+02.413 +01.618 +05.855
+07.895 +03.494 -06.254
-07.268 +01.077 -03.025
-04.588 +08.934 -01.895
-05.484 -04.296 -06.421
-04.885 +01.648 +04.275
+00.511 -01.009 +08.078
-07.534 +04.822 -02.057
+02.610 +02.459 +07.953
-00.881 +00.517 +01.077
+07.075 +08.663 +00.182
-01.715 +06.424 +06.919
-02.605 +07.115 -09.635
+06.011 +07.558 -07.046
-05.408 -05.020 +05.503
-05.072 -01.383 -05.017
-01.438 -02.279 -04.291
-09.934 -04.713 -06.879
-06.713 +06.455 -03.538
-09.084 -08.569 +02.795
-01.989 +01.298 -07.793
+01.781 -01.016 -07.186
+03.709 -06.861 +01.791
-06.318 -04.610 +04.122
-02.748 +00.434 +07.881
+07.329 -02.407 -00.792
-07.258 +00.597 +05.484
-02.921 +01.685 +08.852
-04.952 +05.341 -00.993
+08.217 -05.269 +03.574
-00.315 +09.142 +07.154
+01.855 -05.624 +06.857
-00.376 +00.981 +04.160
+02.895 -06.309 -07.212
-01.159 +07.248 -02.358
+03.671 +06.255 -05.678
+07.828 +08.373 +00.590
+03.584 -01.940 +02.876
+06.796 +09.038 -08.217
+03.198 -09.860 +08.037
-08.700 +01.920 +06.154
+04.589 -06.876 -03.482
-01.177 +00.787 -08.123
-06.326 +06.642 +07.435
-03.802 +08.762 -03.803
-06.271 -06.424 +02.110
+01.247 -09.566 +05.344
-01.235 -04.971 -00.451
-05.983 -03.661 -07.336
+00.860 -05.745 +04.112
+02.878 -08.486 +06.437
+04.516 -08.302 +02.837
+02.917 -06.903 +01.977
-07.913 +03.389 +00.760
-09.573 -01.453 -07.280
-08.031 -01.388 -08.334
-09.907 -07.126 +03.797
-09.025 +05.597 -09.443
+09.379 +01.364 -06.441
-06.032 -05.738 +05.374
-03.265 -04.352 +03.192
-03.940 +06.918 +01.815
-00.042 +07.829 +07.067
-09.640 -03.800 +07.533
+07.412 -07.881 +06.165
+08.426 +01.953 +03.672
+05.803 +00.565 -00.832
-01.778 +08.002 -01.236
-05.934 -04.977 -09.380
+06.383 +07.953 -07.214
+07.181 +05.908 -05.560
+04.312 +09.117 -04.546
+02.366 +02.931 -05.987
+00.314 -02.192 +04.862
+03.986 -07.339 -08.890
+00.632 -09.948 +03.443
-09.534 -06.979 -06.822
+03.009 -09.301 -07.896
-02.725 -04.297 +02.880
-02.526 +06.487 -04.197
-06.930 -08.874 -07.801
-02.377 +06.343 +05.011
+06.952 -03.799 +04.290
+01.354 +06.843 -08.566
-02.635 +06.966 +02.879
+00.707 -05.899 +03.027
+03.977 -02.147 -08.343
+07.777 -01.083 +06.416
+01.089 -03.475 +07.088
-04.882 -09.824 -07.174
-03.857 +01.627 +03.631
+07.565 +01.934 +02.015
-08.787 +09.309 -05.797
-03.551 +09.120 +06.367
+05.812 +02.230 +05.204
-00.448 -02.984 +06.723
+09.278 +05.740 -01.801
-06.751 -05.107 -00.542
+09.107 -07.393 +07.702
+01.779 -05.601 +08.881
-03.723 +01.244 +04.817
+03.181 -03.876 +05.125
-07.657 +07.227 -05.803
+05.454 +07.534 +07.432
-07.196 -09.161 -01.612
+06.064 +08.187 -08.154
-09.648 -02.483 -05.150
-08.397 -03.192 +08.145
-03.949 +06.554 -03.308
+08.628 +06.274 -05.155
+06.344 -00.570 +01.972
+04.279 +09.010 -07.061
+05.562 -09.717 -07.486
+06.846 -07.182 +01.835
-02.401 +08.568 -03.336
-04.981 +05.055 -01.724
+00.066 -08.053 -02.919
-08.980 +04.992 -00.724
+03.040 +08.468 -05.232
+02.014 -08.131 -08.937
-02.639 +05.337 +05.181
+01.228 -07.676 -03.321
+04.643 +06.086 -05.304
+03.708 -08.542 +09.408
-01.122 +07.536 -06.614
-04.831 +01.988 +02.105
+08.377 -02.675 -07.233
+03.023 +00.089 -08.156
-04.797 -04.800 +08.600
-01.618 -01.558 +08.761
+03.680 -06.736 -08.776
+02.308 -07.580 +09.809
+05.620 -09.311 +01.462
+04.793 +02.602 -08.977
-07.792 -02.811 +05.968
-04.041 -02.824 -07.225
+04.185 +04.245 -04.939
+00.370 -02.322 +08.558
+09.885 +03.093 -04.384
+01.187 -06.279 +00.006
+04.129 +07.274 -08.147
+01.214 -03.539 +01.214
+06.429 +01.801 -09.442
-07.362 -08.564 -08.252
+00.630 +09.432 -02.358
+02.698 -00.425 -04.676
-08.152 +01.019 +09.781
+03.339 -09.279 -08.527
-02.557 +04.074 -05.923
-03.987 -05.449 -02.592
+09.154 +07.999 -01.716
-04.123 +06.412 +03.869
+09.890 +04.121 +08.335
+01.200 -08.911 +01.694
+07.003 +09.489 +08.560
+00.239 -05.389 +06.491
-02.562 -09.942 +01.391
-05.852 +03.557 +05.934
-00.815 +08.520 -08.752
-09.604 +06.339 -04.868
-03.942 +03.333 -01.388
+08.174 +03.303 +01.216
+00.781 -02.431 +08.324
-08.940 -00.953 +07.522
-04.589 -01.994 -07.739
+08.342 +09.837 +01.272
+00.214 +01.411 -09.225
-06.088 -00.558 +04.383
-01.383 -04.096 -01.014
+00.052 +09.530 -09.593
+01.225 +08.604 -09.222
+03.833 -07.382 -08.141
-02.020 +04.430 -01.533
+02.371 -09.667 -00.176
-09.304 +04.437 +06.268
+02.351 +02.807 -09.808
+03.502 +00.012 +00.736
-01.327 +01.507 +04.857
-00.589 -02.522 +04.522
+04.395 -06.198 -01.680
+03.412 +02.554 +04.134
+07.862 +09.026 -02.254
+00.586 +03.558 +02.019
-09.101 +00.329 +08.232
+04.439 -09.958 +07.725
+06.440 +02.499 -06.293
-08.445 +09.592 -02.983
-04.600 -00.921 +03.778
+06.096 +08.823 +02.334
-06.250 -04.082 +09.684
+00.494 -03.897 -02.016
-04.915 -00.388 +06.718
-04.881 -06.537 +09.666
-04.648 +00.360 +07.556
+06.250 -06.424 -04.525
-08.228 +07.491 +06.494
-09.805 -05.410 -04.351
-01.754 -00.298 -07.392
+03.733 +06.305 +06.043
+09.745 -08.877 +04.044
+02.233 +05.748 -07.133
-06.758 +02.415 -09.093
+03.510 -09.428 -02.950
-09.474 +01.966 -06.478
+00.161 -01.756 -00.642
+04.051 +03.420 -00.405
+00.701 +01.629 +06.626
-02.811 +06.456 -06.616
-02.096 +04.342 -05.788
-09.931 +03.517 +01.966
-00.073 +06.633 +02.641
-07.957 -07.494 -02.629
+08.164 +07.309 +07.311
-06.882 -02.778 +08.169
+07.493 +09.352 +00.915
+06.934 +07.605 -01.415
+08.232 -01.280 +02.785
-06.960 +03.872 -04.220
-00.002 +07.223 -09.276
+08.200 -03.431 +08.540
-04.046 +04.150 +02.332
+01.666 -09.417 -03.193
+05.467 +08.006 -04.824
+01.269 -08.693 +09.762
+02.475 -02.413 -00.011
-00.869 +09.270 +00.999
+06.463 -09.435 +04.921
-03.061 +05.232 -05.817
+00.776 +06.732 +03.683
-05.251 -09.595 +01.797
-07.128 -09.973 +06.814
-00.762 +05.334 -02.927
-09.622 -05.753 -02.597
-06.964 +03.186 -09.189
+03.254 +07.506 +08.881
-04.134 +07.920 -01.035
-06.647 +03.035 +04.044
+00.537 +06.399 +03.436
-00.846 +03.847 +05.696
-05.809 +00.472 -09.868
-00.724 -09.881 +08.157
-00.283 -08.230 -04.862
-03.838 -01.767 +06.239
+00.025 +07.901 -03.821
-03.337 +02.578 +07.419
+09.111 +02.525 -01.479
-05.673 +00.792 +03.957
-08.424 +00.488 -05.805
-01.657 -03.808 -04.149
+00.847 -04.872 +00.709
-04.482 -06.969 +05.133
+03.102 +09.516 +00.074
+06.836 +01.089 +04.003
+06.042 -06.317 +06.427
-02.085 +02.279 -02.357
+05.906 -00.101 -06.028
+09.705 +09.202 +07.024
+03.541 +04.789 -03.094
-09.876 -02.665 -06.630
-05.233 -01.717 +07.805
+02.351 +07.321 +01.496
+01.508 +05.459 +09.060
+04.071 -03.339 -07.753
-08.564 -04.311 -06.203
+08.308 +06.150 -09.672
+04.840 +05.157 +09.463
-03.311 +06.154 -04.103
+08.041 +07.360 -05.999
+01.777 +06.640 -08.481
+08.075 +04.106 +08.402
-01.664 -01.662 -09.317
-02.589 +09.126 -06.006
+01.795 -05.932 -08.658
+05.064 +05.237 +00.542
-06.994 -09.144 -09.066
-09.842 +01.421 +07.867
+06.452 +05.194 -05.944
+03.466 -04.663 +02.012
+00.061 +07.827 +06.231
-06.885 -04.072 +01.513
+00.917 +07.999 +00.960
+00.761 -06.280 +00.658
-03.063 -06.637 -04.134
-04.510 -03.034 -07.831
+05.228 -01.478 +06.745
-06.236 -04.475 +00.952
+02.121 +08.169 +08.811
+04.674 -00.832 -08.988
+04.893 +03.523 -03.308
+09.084 +02.237 +01.620
+01.686 +01.297 +05.178
-02.951 +02.570 +04.186
-04.649 +05.569 +09.255
-08.514 +01.660 +09.169
-09.066 -02.045 -02.274
+07.901 +06.653 +04.890
+09.739 -03.575 +02.193
+03.556 +05.852 -08.078
-07.700 -04.925 -00.689
-05.557 +03.832 +03.314
-00.861 +01.893 +07.727
+08.771 -02.254 +01.666
-04.892 -02.616 +00.552
-01.727 +05.238 -00.983
+04.825 -00.741 +09.995
-03.632 +03.655 +06.869
+06.660 -02.481 -00.925
-06.638 +08.018 +02.740
-07.119 +08.425 -05.933
-08.413 +09.877 -08.104
+01.061 +08.518 +08.840
+00.703 -03.549 -05.352
-07.979 +08.311 -02.565
+02.106 +02.559 +01.391
+09.259 +03.640 +07.902
+03.903 -03.880 +07.600
-07.577 +03.409 -07.480
+05.960 +02.043 +04.665
+00.156 -02.301 -02.035
-06.893 -00.250 +01.085
+00.268 +07.187 -05.126
+07.232 -02.061 +07.714
-06.362 +05.716 -04.495
-09.840 +09.913 +07.101
-04.474 -06.739 -08.381
-09.320 +08.217 +09.954
+05.794 -05.095 +08.009
-05.258 +08.562 +05.348
+01.115 +06.565 +05.612
-08.867 -07.987 -00.533
+02.493 -09.024 -06.373
+02.593 -03.799 +03.914
-03.906 -03.262 +05.966
+08.041 -09.643 -02.721
+04.081 -08.360 +05.851
-07.828 -08.497 +02.309
+01.090 -09.536 +03.843
+02.366 +08.311 +09.213
-08.797 +02.097 -07.210
-02.570 +00.550 -00.363
+07.658 -01.589 -02.982
-03.676 -03.462 +02.020
+05.470 +09.130 -04.947
-07.085 -07.542 +08.955
+01.217 +04.095 +06.866
-07.771 +00.006 +04.600
+09.385 -05.131 -08.411
-01.963 +06.482 -09.521
-06.986 +04.551 -09.111
+05.967 +03.850 -01.874
+00.331 +09.878 +02.156
-06.749 -04.763 -06.999
+06.124 -02.505 -01.792
-03.778 +00.180 +09.425
-02.572 -05.636 -07.713
-06.280 +03.468 +02.984
-07.916 +01.258 -07.805
-09.810 -02.027 +07.640
+07.443 +04.500 +05.001
-08.565 -09.699 -04.893
+03.073 -00.012 +05.037
-03.864 +09.201 -05.977
+08.875 -02.307 +06.821
+05.381 -03.616 +00.053
+05.624 +08.799 +05.843
-03.596 +00.574 -01.019
+00.909 -07.434 +07.139
+02.494 +05.984 -05.012
-01.081 -01.429 +03.717
+09.230 -09.377 +04.743
-01.133 -07.456 -05.977
+04.575 +00.734 +02.967
-06.212 -07.446 -02.275
+07.931 -02.426 +00.982
+07.463 +04.541 -07.523
+06.351 +01.358 +02.146
+04.489 +08.295 -05.479
+08.975 +09.621 -02.464
+02.730 +01.854 +05.754
-01.370 -06.169 -00.840
+08.591 -04.035 +08.975
-01.181 -07.737 +07.330
+00.998 +06.178 -05.993
-04.019 -05.206 -02.097
+00.391 -08.513 -05.455
-06.207 +01.703 -05.465
+01.536 -06.758 +06.299
-00.982 +02.947 -03.148
+03.895 -03.873 +07.330
+00.422 +08.133 -03.855
-01.560 +09.331 -09.380
+04.623 +05.128 -03.023
+01.248 -02.645 -03.953
-05.745 -00.482 +07.624
+04.464 +00.081 +05.631
-00.444 -06.252 -03.902
+07.580 -07.373 -01.765
+08.032 -03.609 -03.119
-04.538 +06.184 -00.209
-07.643 +07.896 +04.290
-00.616 +00.845 +02.718
-08.184 +02.515 -04.539
+00.054 +08.163 +02.246
+03.809 -03.941 +08.097
-00.710 -01.761 -01.940
-01.619 -01.384 +04.810
+04.052 +08.093 +03.896
+02.269 -05.665 +08.534
-05.411 +01.807 -09.078
-06.812 +00.907 +07.684
-09.117 +09.548 -07.147
-04.474 +04.727 -00.827
-03.136 +04.581 +07.384
+03.919 +03.320 +05.607
+06.086 +01.438 +07.388
-05.685 -07.688 +07.675
+02.208 +09.523 +02.740
-02.919 -06.139 -03.805
-02.428 +01.647 +00.416
+01.147 -04.555 +04.464
+04.838 +02.889 +07.457
-06.920 +01.753 -08.624
-01.830 +02.177 +07.554
-02.137 +08.324 -04.226
-00.151 -00.622 +03.189
-02.573 -05.891 +06.724
+05.445 -05.186 -06.138
+05.530 -07.009 -08.600
-06.051 -01.493 -03.452
+07.957 -05.815 +07.339
+06.671 -05.916 -05.754
+08.817 +07.147 -02.262
-02.384 -07.475 -00.984
+01.135 -05.986 +09.780
-06.612 +09.418 +07.095
-04.190 -07.702 -01.379
-01.266 +04.290 -07.913
+06.615 -08.961 -01.894
+02.504 +06.820 +09.867
+05.015 -00.615 +04.514
+02.790 +04.598 +04.516
+00.221 -01.927 +07.812
-01.007 +08.033 -03.479
+06.465 -09.611 +09.728
+09.219 +01.841 -03.185
+04.910 -02.353 +08.453
+02.438 +07.700 +08.254
-01.410 -04.149 -00.740
+04.668 +00.709 +00.034
+03.092 -00.150 +00.789
+09.260 +01.813 -04.612
+06.876 +06.904 -00.534
-04.064 +00.767 +08.231
+02.842 +08.580 -05.031
+02.905 -05.238 -04.418
-01.739 -06.318 +07.749
-02.816 -06.600 +09.257
-06.006 +03.103 +07.272
+06.692 -03.290 -09.437
-07.489 +05.534 -09.098
-06.432 +02.560 +08.036
+07.648 +00.876 -01.510
+05.345 -09.909 -08.601
-01.634 +02.707 +02.931
+04.312 -07.083 +07.313
-09.870 -09.822 +09.825
-00.986 -07.975 -07.226
-03.602 +06.624 +06.772
-06.567 -06.822 +08.965
-09.946 +02.052 -06.768
+02.212 +00.560 -04.616
-06.671 +08.024 -05.081
-09.955 +04.149 -07.761
+08.051 +05.282 -02.600
+09.667 +02.526 +09.733
+09.940 +08.181 +01.852
+02.599 +07.636 -06.270
+00.294 -03.303 -05.812
-00.503 +08.992 -04.243
+05.702 -02.001 +09.036
+08.262 -06.818 -01.195
-02.411 +09.437 -07.159
-05.669 -01.754 +08.574
+08.202 -04.012 -03.971
+00.579 +05.448 +01.065
+00.584 +01.931 -09.634
+07.789 -06.040 -02.803
-03.029 -02.315 -02.235
-02.950 -06.713 +00.565
+08.046 +04.688 +05.036
-03.728 +09.204 -00.964
-05.350 -06.303 +06.719
-09.705 -06.428 -02.460
+03.383 +01.385 +07.992
+09.249 +05.037 -02.833
-09.621 -09.373 -01.820
-02.629 +02.632 +06.448
-04.645 +08.826 -01.697
-08.152 +08.672 +07.107
+02.179 -02.322 +07.996
+08.745 +04.090 -07.300
-04.643 -08.343 -01.873
+04.968 +01.699 -03.059
+08.341 -00.085 +05.522
-09.231 -08.447 +02.006
-06.575 +08.976 +08.594
+07.860 +08.738 -01.654
+04.081 +07.637 +03.066
-09.077 -03.102 +09.867
+02.364 -03.965 +05.920
+04.699 -07.823 +07.762
+01.410 +01.262 +03.150
+00.104 +09.379 +04.043
+05.721 +05.120 -06.590
+03.644 -09.375 +01.757
-09.154 -05.097 -05.517
-03.406 -07.466 +02.046
-08.670 -00.044 -08.859
-06.047 -02.933 -00.589
-05.151 +09.073 -06.131
-09.029 +03.073 +03.744
+01.836 +09.570 +07.810
-07.652 -05.466 +04.615
+00.890 +08.650 -08.696
-07.276 +07.909 -05.768
+04.657 +02.410 +03.658
-06.461 -03.984 -05.035
+08.812 +00.432 -06.988
+03.416 +01.880 +06.204
-08.204 -04.251 -05.609
+06.231 +03.118 -00.017
-08.065 -03.432 +04.322
-01.413 -05.369 +02.737
+09.513 +00.899 +09.460
+00.323 +03.672 -01.936
-06.773 -05.367 +04.430
-04.379 +03.898 +08.708
+05.549 -04.632 +05.064
-07.880 -03.969 +05.568
-01.440 +09.832 -08.117
-07.503 -09.044 +00.672
-01.384 -06.061 -00.601
+05.715 +05.806 +01.725
-01.731 -07.773 -06.684
-05.923 +08.335 -03.075
-05.043 -03.332 -03.197
-07.871 -04.548 -06.786
-00.648 +00.593 +07.980
-09.893 -09.205 +03.303
-09.855 -09.175 +00.913
-00.722 -01.215 -02.027
-00.393 -05.639 -08.301
+01.807 -08.102 +06.023
+05.021 +02.749 -00.180
+02.809 -05.361 +00.103
+01.831 +04.781 +09.493
-03.280 -04.529 +03.212
-01.390 -09.741 +09.549
+05.547 -03.431 +05.904
-05.065 -06.045 +03.710
-09.232 +09.279 -00.365
-07.951 -03.828 -07.586
+01.311 -08.775 +04.144
-00.873 -05.539 +09.704
+06.053 -06.638 +02.528
-07.138 +04.236 +09.043
-05.884 -05.825 -09.551
-03.600 +07.755 -03.923
+02.498 -03.545 -02.069
-05.786 +06.086 +07.274
-02.311 -04.857 -02.303
-06.117 -02.423 +06.134
+00.215 -06.129 -01.975
-00.241 -00.958 +04.338
+06.875 -01.887 -00.113
-05.183 +09.380 +06.126
-02.699 -00.102 -04.751
-02.877 +06.084 -02.975
-00.838 +00.976 -00.337
+06.744 +08.059 -03.250
+05.393 +06.556 -00.938
-02.255 -09.041 -06.776
-03.687 -01.197 -01.952
-09.069 -07.844 +03.501
+08.530 +06.692 +05.483
+00.917 -09.658 -03.923
+05.598 +08.801 -05.808
+02.824 +07.033 +04.630
+05.857 +00.475 +08.720
+02.227 +09.813 +07.830
-04.470 -09.025 +01.727
-09.968 -07.097 +04.286
+06.730 -00.285 -00.077
-08.006 +09.574 +07.647
-07.943 -02.614 -06.069
-06.624 -05.047 +01.058
-06.887 +02.727 +02.710
-09.321 -07.398 -01.184
+09.097 +02.536 -02.265
+05.852 -06.190 +05.944
-04.650 +00.901 -03.079
+05.554 -06.109 -05.084
-07.750 +03.218 -07.076
+06.367 -01.892 -05.427
+09.808 +06.462 +03.707
-04.673 -09.971 -08.147
-03.942 +04.444 +02.492
-08.908 +05.519 +05.122
-01.951 -09.334 +02.823
-08.425 -00.735 +04.199
+07.743 +04.428 -04.920
-05.999 +06.956 +04.512
-03.360 +08.878 -02.430
+07.877 +08.004 +04.208
-02.851 +04.188 +03.351
+06.534 +03.246 +08.521
+09.853 +05.929 -06.382
+00.147 -06.389 -09.320
-04.890 +00.394 -01.252
-06.098 -09.167 -03.914
+08.527 +02.631 +00.478
+05.076 +00.513 +03.807
-01.340 -04.069 +02.658
+03.588 -00.080 +04.570
-01.906 +08.209 +06.081
-06.251 -02.798 +00.737
-05.076 -06.194 +05.385
-00.121 +04.133 -08.365
-02.731 -09.460 +02.171
+08.056 +03.732 +03.660
+02.274 +01.796 +09.608
+09.116 -00.159 -00.151
+01.141 +06.578 -00.727
+06.336 +05.004 +06.912
-02.738 +01.484 +09.020
-05.524 +05.078 -03.526
-03.985 -00.735 +01.684
-02.003 -08.622 +03.698
+07.564 +07.529 -08.556
+00.743 -08.913 -09.293
+03.224 -09.728 +03.706
-05.541 -03.445 -04.760
+07.978 +04.780 -06.350
-09.067 -07.952 +01.295
-05.551 -03.924 +00.297
+03.273 -00.667 +03.320
+09.237 -08.124 -06.065
-03.005 -02.223 -03.875
+08.830 +03.876 +02.932
-09.221 +08.236 -07.419
+09.266 +04.478 -05.184
-04.865 -06.973 +05.951
+06.019 +02.538 -08.615
+05.012 +08.162 +03.884
+08.181 +01.528 +06.496
+07.025 +08.477 +09.158
-07.227 -08.631 +00.171
-00.261 +02.942 +03.593
-03.093 +01.283 +08.379
+03.188 -04.078 +08.058
+02.120 -06.586 -07.638
-01.217 -09.936 +01.518
+08.379 -02.955 +01.646
-01.688 +05.021 -06.465
+02.816 -02.524 +03.517
+07.339 +02.268 +03.227
-00.154 +09.557 -02.960
+05.305 -05.891 +00.530
-00.179 +02.533 +04.678
-03.049 -04.574 -00.152
-01.383 -02.931 +02.484
+00.857 +08.417 +06.624
+05.981 +00.212 -05.319
-06.931 +03.531 -07.300
+02.080 +07.625 +06.813
+08.180 +05.309 +05.108
-06.038 -06.846 +05.700
-00.337 -06.704 -07.377
-09.447 +02.949 +02.467
-09.220 -08.956 +06.352
-09.591 -07.808 +05.400
+06.956 -02.643 -05.044
-02.019 +08.481 +09.642
-07.335 -03.615 -07.942
+05.816 -06.263 -05.876
+02.415 -03.682 -06.686
+05.671 +08.247 +05.657
-00.447 -08.587 -04.785
-01.260 +03.774 +08.101
+01.766 +02.329 +04.498
+00.829 +01.112 +09.613
-09.411 +05.897 -03.613
+02.782 +08.554 -08.037
+00.102 +01.199 -01.766
-09.373 -07.873 -03.022
+09.746 -07.836 -07.788
+02.190 +08.558 -01.908
+03.405 -02.621 +02.180
+08.484 +09.512 +08.151
-05.315 -02.202 +03.904
-03.863 -06.873 +00.173
-09.726 +06.856 +00.734
+08.110 -09.987 -07.956
-09.816 +07.423 +03.072
-01.353 -03.388 -04.010
+07.116 +00.487 -02.023
+06.911 -07.144 +01.525
-06.369 +06.021 -06.025
-06.340 -02.185 -06.199
+08.651 -02.521 -03.034
+02.134 -08.226 +06.170
-00.670 -09.146 -02.497
+06.382 -00.800 -00.708
-08.404 -09.940 -04.023
+05.077 +03.772 -05.349
+04.939 -06.032 +02.493
+03.837 +01.000 +01.675
+01.837 +03.769 -07.521
-04.130 +06.198 +03.991
-09.870 -04.440 -03.338
-03.340 -09.694 +06.011
-04.602 -02.936 -05.793
+00.668 -03.141 +00.194
-02.420 +00.653 +09.980
-09.307 +07.595 -04.422
+04.175 -06.802 -00.860
-00.372 +05.827 -07.770
+00.472 +06.084 +04.897
+07.645 -05.539 -02.189
-03.311 -01.250 +01.346
-07.898 -00.952 +01.184
+08.623 -05.575 -09.580
-02.939 +08.769 +00.667
-04.409 -09.068 -02.196
-08.808 +08.175 +07.504
-00.621 -04.556 +06.347
-09.882 -00.408 -08.814
-00.348 -06.822 -01.977
-08.681 +05.337 +01.016
+06.847 +02.286 +07.308
-08.253 -00.111 -08.912
+08.516 +03.717 -03.205
+02.489 +04.508 -02.085
+06.681 -00.807 +07.880
+01.118 +05.220 +00.876
-04.501 +03.094 -05.854
-08.520 -04.000 -08.235
+02.230 -02.148 +01.522
-07.264 -06.334 +03.008
-03.279 +06.747 -01.319
+05.677 -00.947 +08.908
-02.421 -01.482 -04.191
+04.541 -08.387 +00.945
-09.235 +05.718 -07.395
+00.421 +07.164 -03.059
+04.391 +01.542 +03.052
+04.438 -01.653 +01.433
-09.734 -08.042 -04.717
-03.064 -01.100 -08.048
-07.073 -08.928 +09.906
+07.132 +05.621 +06.578
+06.189 -08.406 +08.156
+06.162 +08.546 +02.644
-09.476 -06.817 -01.588
-09.913 +09.379 -03.520
-02.722 -05.804 -04.065
-05.592 +01.895 -09.616
+04.326 -06.291 -00.155
+06.098 -06.151 +00.491
-03.288 +04.079 -07.175
-01.988 -02.025 +01.917
+08.110 +05.561 -08.693
-06.838 +08.916 -05.976
-04.928 +05.156 -06.413
-02.425 +09.028 -06.816
+08.147 -03.847 +07.006
-03.610 +03.841 -01.166
-05.144 -05.926 -01.607
+07.244 -01.743 +01.195
-08.065 +05.686 -09.765
+09.610 -02.671 +06.410
-06.043 -05.846 -06.216
+06.818 -02.268 +02.565
+00.743 -04.228 -09.309
-02.715 -05.136 -08.700
+02.246 -09.278 -04.500
-02.559 +08.257 +09.291
-09.568 +04.654 -00.605
-01.715 -08.386 +02.082
+06.386 +02.455 +06.967
+05.284 +08.980 +07.595
+03.435 -03.886 -03.130
-05.350 +00.090 +06.107
-02.209 -09.236 +05.963
-00.260 +02.436 -06.964
+01.635 +07.964 -06.532
+08.616 +01.045 +01.029
+07.075 +04.501 +06.706
-05.486 +02.745 +05.622
-03.284 -05.483 -07.618
-03.830 -05.021 +09.216
-05.209 +07.367 -01.250
-08.695 -01.787 +00.828
-00.968 +03.620 -05.767
-09.895 +03.510 +08.362
-07.790 -08.002 +02.927
+05.537 -08.140 -07.071
+04.182 -04.836 +01.880
-03.220 -08.690 -03.248
+02.303 +04.111 -09.694
+06.782 -04.741 -00.927
-03.784 -01.060 -04.518
+03.388 +07.138 -09.666
-07.173 +03.739 -06.340
-02.646 -06.080 +00.314
-02.647 -09.976 +07.824
+05.380 -00.735 -00.265
-08.337 -02.393 +08.174
-00.383 -00.530 -05.589
-02.539 -00.330 -08.247
-00.772 -05.116 -01.014
-06.693 -05.298 +04.381
-00.416 -02.272 -05.941
-03.134 -08.233 -01.966
+02.785 +08.884 +09.825
-06.518 +05.495 +05.931
+00.157 +05.694 -03.726
+09.559 -01.299 -02.460
+07.058 -01.909 +05.348
-01.302 +03.002 -05.770
+03.687 +00.890 -06.683
+01.630 -03.656 +08.575
-01.064 +06.217 +04.864
+05.478 +02.871 +06.476
+09.698 -02.880 -01.671
+04.732 -03.047 +08.209
+04.236 -01.155 -02.689
-03.266 -04.479 +06.543
+07.148 +08.070 +05.082
-02.775 +06.644 -09.290
+00.694 +05.830 +05.389
-01.793 +05.228 -04.082
+06.291 +06.460 -08.889
-02.904 -02.766 -06.095
-08.589 -07.210 +03.476
-03.108 -00.306 -03.688
-00.155 -09.850 -06.881
-05.038 +02.387 -05.358
+00.735 -05.790 +02.947
-08.018 +08.070 +04.381
+06.913 +05.700 -07.398
-06.245 +06.392 -07.667
-04.151 +06.395 +07.905
-09.738 -06.403 +02.450
-09.828 -09.373 +03.830
-07.356 +03.790 +06.280
-01.561 -06.051 -02.643
+09.784 +09.874 -06.506
-06.069 -06.024 +09.949
-04.367 -00.856 +02.122
+01.656 +04.595 -06.935
+02.580 -05.656 -05.750
-04.477 -04.906 +02.495
+02.223 -09.123 +03.608
+06.840 -08.698 +07.651
+00.103 +05.058 -08.907
+08.876 -07.942 +08.861
-06.588 -04.727 -02.015
+07.582 -07.921 +01.418
-09.726 -07.618 +03.714
-07.238 +06.444 +05.413
-04.388 -06.502 -04.839
+08.334 +05.080 -05.457
-02.930 -03.331 -04.691
+04.637 +05.771 +06.873
-02.352 +03.505 -05.390
-02.092 -05.452 -03.420
+09.780 -05.556 +00.300
+01.253 +05.280 +06.471
+00.041 -07.762 -06.149
-00.962 -04.371 -01.216
-05.791 +01.587 -03.824
-06.986 -09.867 -05.003
+09.420 -04.974 +08.306
-07.229 -04.904 -01.927
-02.742 +07.048 +02.123
+09.477 -07.811 +08.141
+01.111 -01.171 +02.229
-03.195 -04.294 -08.804
+00.489 -08.057 -09.223
+09.697 +07.858 -03.964
+01.611 +01.260 +01.662
-04.882 +03.177 +06.979
-08.729 +08.753 +07.588
-01.139 +02.960 +04.763
-05.205 -01.445 -07.572
-07.067 +09.699 -03.721
+03.119 -08.164 -07.191
+06.674 -07.003 -02.420
+05.368 +07.746 -01.389
-03.574 +00.805 -04.304
+02.581 +08.912 -01.197
-08.917 +01.990 +08.134
+07.828 -09.190 +00.410
+00.747 -09.477 +08.239
+08.989 +08.017 +07.143
+09.826 -00.278 +02.128
-09.587 +05.838 +00.910
+06.050 -09.012 -03.406
+00.498 -05.909 +03.843
-06.264 -01.330 +00.859
+02.534 -00.246 +04.495
-08.694 +06.531 -07.018
+08.911 +05.624 +08.723
-01.194 +05.741 -04.600
+07.105 +07.830 -05.074
-00.937 +08.541 -07.265
-07.349 -06.703 +05.960
+08.951 -08.471 -04.047
-05.934 -04.983 -04.535
+04.688 +09.396 -01.809
-05.330 +00.798 -04.750
+03.842 +09.311 -03.390
+03.722 -07.223 +02.896
-07.719 +08.461 -02.846
-07.226 -05.562 -05.436
+00.727 +07.001 -01.085
+00.159 +05.268 -08.308
+03.801 +06.612 -09.414
+01.629 -00.247 -06.542
+01.431 +04.938 -04.392
+02.225 +09.391 -02.413
-02.844 +06.205 -09.156
+01.769 +03.900 -08.353
-08.695 -08.679 -02.235
+07.282 +03.074 -05.968
+07.604 +02.500 -08.115
-09.861 -07.367 +07.436
+05.615 +04.929 -09.099
+00.147 +01.103 +06.649
+02.745 +03.495 -06.107
+04.650 +02.822 +01.519
+02.621 +04.560 +03.620
-02.233 -07.093 +03.408
+02.996 -07.930 +00.534
-00.029 +01.385 -09.423
-02.229 +00.621 -07.931
-08.192 +00.084 +04.148
+07.645 -09.272 +05.110
-04.152 +08.026 -06.629
+03.400 -03.474 -09.549
-09.640 -02.248 +01.149
-05.280 +02.715 +05.725
+08.482 -02.159 +07.531
+05.420 -00.364 +05.943
-00.988 +04.751 -07.802
+04.601 +08.212 -02.413
+04.190 +09.902 -08.897
-04.960 +04.409 +03.249
-08.616 +02.112 -07.282
+02.965 +09.178 -08.488
+07.119 -06.712 -02.875
+03.734 -02.133 -00.572
+07.166 +01.109 -00.898
-03.317 +03.087 -07.233
-00.185 -04.472 -06.417
-05.044 +06.887 +02.171
-04.758 +04.299 -08.758
-09.802 -05.799 -09.276
-05.430 -06.271 +08.175
+08.845 -06.848 -00.629
+09.062 +07.280 +08.573
+07.667 -02.730 +07.409
+06.809 +03.519 -04.308
-08.748 +06.689 +08.669
-00.270 -03.844 +04.713
+08.286 -00.336 +01.002
+00.700 +09.650 -04.042
+04.134 -04.956 -07.817
+06.485 -02.840 -07.606
+06.259 +08.223 -02.847
+01.320 +02.847 +08.628
+05.436 -05.660 +08.158
+04.432 -01.552 -07.404
-07.383 +03.427 +02.263
-07.453 -02.023 -07.067
-01.063 +08.962 -06.208
+09.150 -07.504 +01.633
+04.970 +02.737 +00.213
-09.115 -00.564 +00.313
-06.712 -03.678 -06.869
+02.453 -03.953 -04.600
+03.667 +07.697 -05.624
-01.862 +03.740 +09.601
+00.796 -06.658 +04.332
+02.332 +04.664 -03.140
+09.370 -00.174 -01.469
-02.177 +04.476 +00.871
-05.573 -07.971 -07.522
+01.720 +07.646 -05.393
+08.170 -07.435 -04.637
-03.833 -06.954 +07.240
+03.750 +01.015 -01.960
-05.768 -04.887 +07.179
-06.993 +02.867 -02.717
-09.191 +08.204 -08.485
-03.248 +04.800 -02.272
+00.511 +01.712 +08.337
+05.463 -04.387 -00.995
-08.804 -06.002 -06.022
+09.800 +01.705 +02.013
+03.802 -03.089 +05.560
-07.185 +02.768 -00.255
+09.582 -00.569 -02.951
-04.622 +06.756 +06.157
-06.939 -09.797 +04.501
-00.035 -07.415 -02.409
+00.259 +09.399 +03.242
-00.364 -01.026 -05.427
-00.778 -00.739 -00.196
-01.944 +08.890 +07.363
+02.433 -05.613 -04.130
+02.869 -09.732 +06.305
+09.839 -02.084 +03.323
+01.622 -05.009 -05.535
-00.936 -03.264 -08.869
-08.732 -09.179 -03.079
+06.898 +00.066 +02.494
+00.007 +03.607 -06.535
+09.858 +07.898 +07.047
+09.153 -09.231 -05.347
+01.111 -04.463 +02.053
-00.482 -08.783 -08.051
+01.809 -09.876 +09.357
+02.148 +09.528 +01.257
-02.693 -07.896 -00.455
-03.311 -00.127 -06.749
+00.683 -04.606 -02.704
+02.671 +01.448 +02.835
+01.255 -02.809 -09.506
-02.197 +07.704 +05.128
+05.302 -06.286 +09.779
+04.846 +05.111 +08.981
+08.162 -01.266 -02.295
-02.314 -06.231 +06.410
+09.680 +01.914 +04.728
+02.739 -03.265 +06.386
-04.164 +02.811 +07.171
+00.786 +05.999 +01.529
-09.538 +06.045 -02.099
-01.685 +06.779 +05.307
-01.608 +02.097 +02.024
+03.537 +06.516 +02.094
-07.623 +03.879 -03.971
-02.509 +06.674 +04.969
+03.162 +08.515 +09.117
-00.705 -00.684 -04.462
+03.186 +01.068 +01.204
-08.848 +07.799 +04.751
+09.217 +08.881 -02.295
+06.720 -05.390 -05.595
-01.122 +03.487 +02.347
+08.705 +05.872 -04.319
-08.622 -00.562 +02.033
-04.641 +03.908 +01.330
+01.006 -04.529 +07.451
-08.952 +06.282 +03.219
+01.343 -07.946 +06.102
-04.086 -01.793 +03.858
+05.836 -09.814 -08.129
+06.848 +08.951 +08.152
+08.153 +00.161 +07.712
+08.289 +03.677 +00.414
+00.629 +01.204 -03.406
+04.002 -08.887 +08.720
-08.263 +06.351 -07.008
-05.880 +06.688 +05.529
+07.303 -00.506 +01.880
-01.380 -07.954 +05.705
-09.978 -01.281 -02.164
+03.920 -05.084 +06.052
-01.877 -06.929 +06.551
-02.317 -05.565 +05.883
+09.413 +00.371 -05.744
-01.004 -07.814 +02.871
-00.635 -04.929 -08.045
-02.233 +01.005 +05.585
+09.641 -04.489 +03.235
-03.665 -06.473 -00.783
-07.146 +09.127 +00.737
-05.518 -03.405 -05.816
+07.854 -00.721 +03.247
+05.518 +05.253 -04.350
+05.594 +03.600 -02.048
+03.842 +03.266 -09.705
+09.680 +09.309 +07.244
-04.226 -08.054 +05.223
-01.325 +09.984 -04.081
-01.999 +00.284 +03.733
-07.215 -09.472 -03.242
+07.081 -06.020 -04.927
-00.465 +08.274 -01.390
-01.274 -08.701 +07.468
-01.656 -04.775 -04.701
+01.495 -01.204 +03.612
-08.751 +06.541 -08.482
+02.297 -01.934 -04.110
-05.239 +04.130 -04.077
-07.443 -08.899 +03.094
+00.469 -08.097 +01.054
-06.130 +08.307 -07.212
+06.343 -05.254 -09.631
+05.481 +06.289 -06.853
+07.207 +00.225 -01.619
-06.517 -04.634 +05.390
-05.945 +09.019 -04.741
+08.115 +06.261 -09.686
-00.530 -08.404 -09.450
+06.825 +06.515 +08.351
-00.211 +02.714 +01.975
-06.843 +06.015 -09.038
+09.443 -08.126 +04.720
-04.293 -08.449 +00.780
+03.471 +02.212 +01.773
-06.622 -05.779 +05.564
+00.284 -06.690 +07.106
-04.893 -03.201 -05.503
+09.506 +07.066 +03.484
+01.417 +02.654 -04.236
+05.236 -04.018 +09.932
-05.821 -00.342 +05.361
-09.963 -06.785 -05.429
+06.947 +09.882 -07.149
+05.997 -03.110 -06.907
-06.614 +00.467 -01.864
+04.596 -02.550 +02.442
-06.873 -04.717 -09.459
-06.271 +02.431 +04.427
-05.499 -02.514 -09.588
+07.737 -08.427 +06.401
+03.170 +02.042 +08.200
-04.329 -07.926 +08.353
+08.122 +02.089 -06.025
+08.935 +07.974 +01.966
-07.702 +04.017 -02.601
-02.360 -04.428 -09.699
-00.369 -04.219 +07.661
-00.158 +00.875 -00.506
-06.466 -05.413 +08.759
+09.455 -03.738 -03.429
+00.397 -03.679 -02.143
-07.926 +01.017 +03.813
-02.440 -03.920 -05.079
+06.565 -02.969 -03.494
+08.731 +00.177 -04.494
+09.078 -06.303 -01.885
+09.838 +00.130 -04.226
+03.453 -04.759 -00.482
+05.216 -09.336 -07.095
-00.215 +03.473 -09.444
+01.846 -05.197 -02.294
+01.978 -06.483 -06.461
-07.209 -04.029 +09.902
+06.635 -01.288 +01.963
+02.325 -07.121 +03.591
-04.024 -03.819 +01.026
+05.867 +01.606 -01.463
+02.863 +01.837 -09.142
-02.980 -06.516 -02.608
-07.873 +08.050 -00.799
+08.349 -02.635 +08.997
+05.096 -01.533 +03.783
-00.662 -06.614 +09.689
+04.585 +04.804 +06.785
-09.573 -09.065 +05.500
+08.064 +00.032 +03.553
-02.761 -07.681 +09.307
-03.379 -02.454 -03.375
+08.350 +01.541 -02.631
+07.435 +05.041 -07.565
-07.310 +06.389 -08.717
+08.345 +01.644 -06.372
+09.997 -06.496 +01.375
+00.535 +01.024 -03.657
+01.860 -03.372 +03.571
-04.487 +02.764 -02.482
+02.620 -07.074 +01.534
+01.382 -05.121 -00.783
-02.726 -03.361 -05.796
+03.632 +04.383 +00.822
-01.360 -03.415 -02.267
+06.129 +03.142 -04.986
+09.707 -09.110 -04.430
-09.370 +00.626 -07.825
+02.562 +03.498 +00.142
-01.829 -05.015 +08.743
+00.566 +09.732 +06.913
-04.528 -04.900 -08.199
-05.552 +03.398 +06.082
+02.980 -01.510 -09.028
+05.645 -05.296 -04.022
+08.322 +01.452 +05.466
-03.440 +03.314 -08.379
+06.177 +07.462 +07.867
+05.301 -02.138 +07.070
+07.728 +01.184 -07.713
-06.554 -04.709 -04.808
+03.292 -05.921 -08.379
+07.193 +09.433 -03.681
-02.975 +00.372 +02.299
-05.958 +06.305 -00.133
-06.425 -00.013 +01.964
-03.780 -01.914 +09.107
-06.997 +00.013 +05.035
-09.460 -06.363 -09.054
-02.254 -04.347 +09.729
+07.190 -03.166 +05.503
+06.639 +06.243 +06.209
+07.227 -03.719 +06.644
+09.479 -08.471 +04.337
-05.143 -03.714 -09.350
-00.157 -06.032 -05.735
-07.931 -04.758 -09.804
+02.073 -00.190 +08.781
-01.976 -01.771 +07.732
-08.102 +05.391 +07.974
+00.196 -05.000 -01.596
-00.521 -03.903 -01.412
-07.724 -01.621 -09.414
+06.547 -05.675 +05.590
-06.691 -09.202 -07.079
+03.511 -09.907 +05.795
+00.978 +01.932 +06.616
+09.311 -01.468 -01.621
-07.927 +08.218 -07.836
+09.902 -07.978 +04.616
+01.102 -01.917 -04.267
+01.352 -07.943 -08.485
-04.519 -08.972 +04.583
-04.759 +04.784 +09.201
-01.829 -06.187 +06.989
-00.293 +09.929 +02.538
-08.392 -00.918 -02.734
+03.280 -09.455 +00.622
-04.958 -06.551 +06.713
-08.011 +09.521 -00.914
-08.690 +00.762 +03.205
-02.104 -01.903 +07.659
+01.756 -03.497 -09.195
-00.946 +06.394 -08.412
+08.821 -09.962 +04.154
+00.121 -01.189 -08.611
-04.966 +01.375 +00.947
+06.702 -08.204 -09.912
-08.323 +00.203 +00.767
-04.955 -08.563 +09.729
-01.380 -03.402 +08.557
+01.706 +08.389 -08.569
+02.283 +09.587 +00.034
-00.442 -05.167 -06.868
-06.741 -09.603 -06.124
-06.228 -09.921 -05.285
-07.319 -06.941 +00.307
-03.602 -02.305 +08.666
+04.935 +03.531 +02.942
+04.574 -09.331 +02.607
-04.205 +04.457 +01.681
-09.169 +02.684 -05.403
-00.815 -00.247 +08.303
-06.016 -00.938 +09.891
+01.938 -02.495 +05.682
-04.239 +00.130 +07.838
-02.239 -02.293 +09.056
+03.933 +03.216 +07.757
+01.934 -03.038 +00.425
-06.982 -09.090 +07.761
-08.800 +04.015 +02.402
-00.515 -08.802 -09.999
+07.323 +02.248 +08.872
+00.073 +01.728 -00.705
+06.504 -04.791 -06.520
+00.688 +09.894 -06.809
-07.242 -07.937 +06.331
-03.495 -08.137 +00.769
+07.068 +06.811 -07.515
+09.483 -06.846 +07.740
+04.850 -03.351 -02.304
-08.204 -04.991 -05.824
-01.076 +07.637 +02.227
+07.504 -04.498 -05.700
-01.227 +07.610 -00.224
-06.850 +01.637 -09.923
+05.577 +00.838 -04.730
-03.344 -04.174 +05.322
-05.260 -09.763 +05.113
+08.070 -08.886 -04.902
-04.847 +04.656 +06.609
+02.781 +00.057 -06.858
+00.753 -06.730 -07.673
-09.097 +00.832 -06.425
-03.427 -03.790 +08.907
+05.259 -08.250 -09.527
+03.625 -05.943 -07.345
-04.864 -05.602 +02.128
+01.792 +07.351 +05.745
-00.391 +09.735 -02.783
-01.643 -04.979 -05.031
+03.336 -07.866 -04.182
+00.198 +05.451 -06.639
-02.825 -02.081 +08.060
+00.941 +01.666 +02.878
-05.416 +07.913 -03.468
+06.577 -05.886 +02.370
-03.176 +03.739 -07.656
+03.992 +02.902 +05.765
-07.564 -05.763 -03.159
-00.081 -00.722 +02.884
+00.157 -05.505 +04.453
-01.080 -05.940 -05.914
+03.192 +07.831 -03.867
+04.915 +04.992 +07.477
+06.247 -05.845 -01.375
-05.886 -06.499 +01.095
-04.761 +01.622 +04.933
+06.785 +08.502 +09.252
+06.323 -00.318 +03.293
+07.764 -02.097 +05.696
-02.857 -07.522 +04.870
-03.134 -01.590 +05.474
-07.442 +08.904 -04.275
+06.849 +04.290 +08.109
-07.086 +06.840 +02.540
-03.331 -03.477 -08.712
-07.576 +04.607 +00.973
-09.698 -05.149 -06.866
-07.266 +07.506 -00.450
+05.863 +06.389 -09.231
+02.388 -08.381 +09.740
-07.847 -06.666 -00.080
+07.741 -09.062 +05.022
-00.160 -06.525 +05.887
+06.092 +09.700 -09.833
-01.524 +02.142 -00.045
+07.949 -00.952 +08.514
-03.918 -03.968 +03.851
-03.665 +09.168 -04.781
+09.639 +03.133 -00.437
-05.280 +03.008 -00.941
-06.700 +08.375 +00.027
+06.680 +04.358 +02.553
-03.274 +00.328 +06.119
+06.268 +09.649 -06.465
-05.676 +04.896 +04.664
+05.703 +05.474 -01.571
-00.115 +07.867 +05.956
-06.178 -03.183 -02.221
-06.745 -05.138 -04.459
+03.437 +08.413 -07.343
-07.402 +01.045 -04.577
+02.483 +04.583 -06.589
+07.296 +08.298 -00.586
-06.170 -03.245 +03.085
+04.259 -07.684 +07.523
+01.581 +03.882 -04.373
+09.123 +06.076 -06.578
+00.858 +08.013 -01.592
+02.013 +07.343 -06.190
-00.563 -05.678 -02.034
+05.085 +01.094 +07.989
-01.605 +08.587 +05.816
-01.502 -04.218 -05.671
+03.941 +09.713 +08.642
+09.852 +04.453 +07.690
+01.630 -08.505 -09.827
-07.207 -07.580 +09.229
+07.484 +09.014 -07.732
-01.144 +00.918 -06.492
+04.728 +09.106 +04.391
-07.447 -09.265 +00.323
-04.245 +04.720 +00.600
+08.225 -09.390 +07.185
-09.205 -03.156 +09.256
+06.229 -09.768 +05.413
+06.433 +04.180 +03.270
+03.617 +03.266 -01.059
+01.843 -00.961 -06.767
-06.984 +06.743 -09.999
+04.899 +05.095 -08.589
-00.697 +03.822 -07.377
+05.924 -05.268 +00.868
+08.423 -06.407 -04.156
-00.829 -09.376 -04.442
+03.720 +02.580 -03.761
-06.088 +06.670 +01.755
-04.692 -05.848 +02.533
+00.381 -04.066 -08.448
+07.236 -08.106 -01.090
-04.752 -06.923 -06.337
+00.932 -05.949 -00.488
+09.016 +02.258 +09.460
-09.636 +05.183 +03.136
+06.202 +05.654 +02.023
-02.052 +05.050 +04.518
-08.580 -09.060 +07.279
-07.824 -07.209 +00.283
+05.909 -05.598 +04.767
-05.480 +05.565 +07.892
+03.837 +00.679 +03.580
-04.926 -02.451 -07.244
-06.884 +04.928 -04.812
-00.860 +06.464 +03.283
+03.080 +01.845 -02.327
-04.004 -04.512 -01.727
-05.497 +05.356 -00.898
-00.277 +00.247 -07.628
-04.805 -08.114 -04.691
+01.921 -03.755 -03.597
+01.292 -04.197 +09.980
+00.274 +08.799 -00.480
+02.058 -02.865 -00.717
+02.276 +00.627 -06.054
+09.933 +08.805 +03.576
-00.527 +07.343 +01.119
-04.387 +01.463 +06.042
+07.837 -08.874 -02.216
-07.288 +03.460 +01.039
-04.255 -03.855 +04.569
+08.134 +09.164 +06.938
-09.713 -09.068 -07.666
+07.003 -04.961 +06.842
+07.405 -08.826 +09.926
-04.960 +07.555 -04.710
+04.138 +05.932 -03.804
+08.116 +08.227 -09.568
-03.318 -08.407 +08.747
-08.974 -06.121 +01.505
-04.228 +00.710 +02.755
-09.179 +07.258 +05.065
-06.141 -09.011 +04.800
+08.757 +00.122 +04.372
+08.097 +08.666 -06.464
+03.613 +00.436 -09.726
-01.136 -08.904 +00.223
-09.367 -04.874 +00.541
+00.478 +08.238 -03.811
-04.464 -03.789 +09.129
-04.679 -01.947 -04.377
+08.083 -04.558 -03.874
-00.330 -08.882 +07.667
+08.769 +00.168 -07.745
+02.459 +03.454 -08.749
+05.411 +01.875 -02.310
-05.707 -08.655 +02.373
+07.065 +04.029 +04.252
+05.103 +03.147 +08.553
+02.404 -09.739 -03.850
-01.564 -00.608 -08.959
+02.829 +08.081 -09.846
-09.604 +07.272 -01.057
+09.863 +04.074 -09.403
-09.654 +02.893 +06.844
+06.687 +09.149 -02.674
-02.608 -07.358 +00.653
+04.975 +01.052 +05.631
+00.563 -09.304 -01.957
+00.401 +08.056 +07.589
-08.131 -01.861 -09.657
-09.102 -01.463 -08.491
-08.298 -05.286 -05.809
-06.139 +04.868 -00.873
+09.195 -05.688 +00.128
-04.741 -05.627 -00.110
+02.819 +06.438 -00.179
+05.008 -00.389 +05.836
-01.655 +09.769 +08.491
+01.709 +08.415 +00.834
-05.425 -00.783 -02.658
-04.511 +09.586 -05.092
-00.262 +08.840 -03.558
+04.994 +05.116 -01.165
-08.908 +04.096 -07.697
-08.319 -08.636 +08.288
-03.771 +06.366 +06.778
+08.548 -04.422 -07.116
-01.918 +05.620 +00.976
+07.904 -01.562 -00.887
-09.371 +06.562 +08.998
+05.222 +07.813 +08.269
-03.743 +02.887 +08.181
-02.713 +02.330 -09.992
-02.851 +05.053 +07.317
+09.240 -00.837 +03.318
-05.130 -08.837 -06.431
+03.267 +05.508 +06.075
+09.466 +08.599 -00.341
-01.195 +07.242 +07.371
-08.061 +00.006 +08.053
-08.726 -02.499 -04.422
+06.581 -02.225 -04.909
-06.899 +06.100 -00.433
-05.602 +09.259 -09.239
+04.058 -04.715 +08.256
-00.411 +00.647 +05.946
-02.988 -09.751 +01.306
+04.322 -07.254 +04.486
+00.464 -03.054 -09.731
-05.072 +04.207 +05.728
-07.034 +08.257 +08.532
-04.870 -04.398 -04.158
-09.009 +00.804 -05.061
+03.944 -04.526 +07.734
-04.836 -06.144 +00.943
+01.600 -08.985 +05.675
+07.459 +04.309 -06.248
-00.108 -05.082 -03.898
-03.012 -06.147 +07.954
-05.049 -04.992 -04.587
+04.743 -05.103 +01.445
-06.382 +02.610 +02.901
-00.298 +00.165 +00.778
+06.107 -06.866 -02.542
+06.487 -02.782 -04.735
+08.905 +00.752 +01.002
+07.025 +04.216 +09.013
-07.844 +03.519 -09.490
-09.740 -09.317 +01.640
+00.189 +01.722 +04.255
-06.693 +00.523 -05.694
-05.182 -09.850 +04.936
-07.124 +07.741 -08.581
-03.733 -01.178 +00.206
+05.591 -02.419 +04.208
+04.802 +08.024 -03.814
-08.373 +07.318 +02.961
+05.072 +03.802 -09.307
-08.697 +00.001 -00.062
+03.874 -00.153 -01.048
-03.542 +08.030 -07.868
+02.940 -09.983 -00.973
+04.684 -02.851 -00.643
-01.773 +08.045 +00.647
-07.333 -06.767 +05.629
+04.609 -06.150 +00.176
-00.122 +01.386 +09.237
+01.368 +04.903 +01.317
-00.317 +07.479 -02.556
+08.686 +03.186 +04.368
-06.679 +08.260 -08.400
+07.308 +03.255 +09.914
+04.269 +01.345 -09.609
-01.889 -04.472 -03.286
-09.201 +09.613 -00.867
-02.468 +06.801 +05.529
+00.144 -02.332 -03.534
-01.469 +08.251 -01.637
-07.075 +05.895 +09.584
+07.210 -09.801 -07.396
-06.146 +09.035 -08.828
+01.728 +06.775 -04.546
+06.797 +06.434 -07.872
-08.974 +05.559 +02.626
-01.373 -06.818 -06.901
+00.039 -02.063 -05.693
-09.547 -09.441 +00.713
+09.593 -06.952 -05.222
-01.935 -04.948 +06.793
+04.458 -09.594 -04.038
+06.439 -09.954 +09.486
-06.490 -02.431 -00.081
-04.750 +08.504 +07.901
-09.144 +06.211 +07.348
-08.052 -01.520 +04.499
+08.893 -05.980 -04.855
-02.060 +00.255 -07.171
+09.532 +09.488 -03.915
+04.163 -06.623 -08.655
+09.424 +06.266 +02.875
+03.280 -06.999 -00.123
+03.924 -08.758 -02.481
-04.424 -07.263 +08.541
+08.411 -01.955 +07.366
-05.873 -09.661 +03.477
-04.417 +09.858 +06.580
+05.920 +05.524 -01.363
+08.436 +00.988 -06.860
-04.834 -02.387 -06.615
-01.100 -03.992 +04.255
+09.417 -05.099 +02.354
+01.629 -02.660 +07.238
-03.956 +03.520 +05.740
+02.686 +05.935 +07.296
+00.105 -05.741 +05.805
+07.292 -07.106 -07.956
-07.106 -00.977 +07.736
+05.304 +04.892 -04.840
+07.207 -08.392 -09.562
-00.210 -05.358 +04.380
-09.391 +01.301 +01.026
-04.671 -02.848 -02.918
-04.428 +05.834 +05.032
-06.691 +04.889 +08.531
+03.605 -09.079 +03.888
-07.477 -06.466 -03.711
-00.167 -03.275 +05.509
+06.124 -06.160 -06.472
-07.205 -02.974 -07.450
+01.609 -06.592 -00.805
-02.581 -04.824 +06.329
+09.221 +00.108 +03.466
-06.971 -04.693 -09.770
-01.239 +03.021 +02.314
-00.804 +00.607 +05.995
-09.518 -01.474 +06.805
+02.143 -00.591 -01.824
-04.422 +04.772 -00.794
-00.496 -02.708 -05.916
+05.569 -03.865 -01.032
+03.210 +01.909 +04.254
-04.983 +02.354 -05.424
+09.255 -02.110 -02.023
+03.658 -00.232 -06.317
+01.087 -07.381 -01.008
-04.227 +00.210 +00.628
+03.779 +00.015 +04.926
-04.473 -04.396 +03.773
+01.640 +09.961 -08.493
+08.973 -01.595 +01.261
+03.760 -00.063 -08.817
+03.923 +03.479 +06.733
+02.753 +05.478 -04.007
+03.167 +00.383 +04.256
+00.061 -05.632 +06.918
+08.810 -02.937 +02.284
-05.575 -01.428 +08.982
+06.641 -03.752 +05.250
+05.671 -07.434 +06.869
-02.217 +06.889 +02.048
+07.773 +06.349 -05.943
-02.862 -08.290 +06.359
+07.207 -00.765 +00.519
+00.652 +04.266 +03.207
+05.044 -05.867 +02.850
-07.022 -05.806 -01.816
+08.847 -07.402 +06.601
-07.610 +03.959 +01.746
-06.906 +02.028 +02.342
+08.624 +05.019 -09.421
-08.904 -05.333 +06.247
+02.262 -05.497 +06.539
-06.428 -05.538 +06.246
+07.177 +09.791 -02.659
+01.644 +09.735 -07.945
+04.763 -08.303 -01.966
+01.688 +09.149 -05.998
+08.311 -00.357 -09.197
-06.949 -01.802 -08.180
+06.578 -07.441 +05.878
-08.812 -08.334 +07.864
+05.414 -01.965 +09.288
+09.519 +00.043 -07.809
+02.826 +00.012 +00.878
+03.593 -03.571 -00.097
+03.926 -06.288 -06.789
+04.920 -09.510 +06.090
+03.866 +03.991 +01.966
-09.048 +03.676 +09.887
+02.771 -09.852 +06.879
-01.440 -00.303 +01.254
-08.636 +09.416 +01.069
-08.936 -08.445 -04.654
-04.996 -05.358 +02.753
+06.977 -02.859 -03.392
-02.856 -08.809 -04.776
-05.050 -05.129 -08.962
-05.951 +09.892 -04.177
-00.862 -02.482 -09.550
-06.692 -03.058 -03.027
-09.542 -03.119 -03.499
-07.860 +07.518 -04.059
+00.552 +05.341 +05.490
+05.400 +06.228 -08.926
+09.019 +07.941 +09.793
+05.354 +00.979 -09.480
+09.442 -01.155 +04.292
-03.186 +03.989 -00.985
-08.090 -07.717 -03.504
+08.151 +06.972 +00.274
+04.064 -09.440 +03.278
-08.667 -09.038 +06.623
+01.355 +02.785 +00.057
-04.800 -00.260 -04.582
-02.681 -04.804 +06.707
+03.086 -03.223 +04.365
-04.906 -00.637 +06.837
+03.937 +03.612 -07.506
+01.101 -00.260 -00.045
-05.362 +00.614 -00.078
+05.928 -09.189 -01.692
-01.222 +07.712 +07.954
-02.979 -00.142 +08.152
-04.445 -00.875 +09.018
-02.760 -05.013 -00.277
-04.427 -04.258 +00.177
-09.558 +02.761 +04.561
-07.098 +05.533 +07.327
+02.135 +07.995 -03.741
-08.674 -09.555 +05.337
-02.274 -09.553 +09.180
+03.710 -02.887 -03.520
+09.343 -09.306 +04.043
+08.085 -00.645 -07.367
+00.825 -08.106 +08.186
-07.764 -07.217 +00.632
-07.365 -01.159 +07.296
+07.654 +03.087 -06.981
+06.121 -06.466 -03.915
-08.545 -06.591 +03.467
-09.315 +03.676 -03.019
+09.536 +08.655 +03.978
-01.152 +08.277 -04.393
-03.968 -05.113 +07.846
+03.568 +08.745 -00.435
+01.275 -01.002 -09.331
+02.826 -05.391 -03.807
-00.487 -05.688 -03.633
+00.906 +00.476 -05.681
+06.763 -02.783 -09.236
+00.274 -08.724 -02.282
-07.088 +00.834 +09.033
-07.280 +00.482 -02.729
+05.261 +04.265 +07.451
-05.287 -08.655 -09.124
+03.456 -09.928 -00.219
+06.521 -06.737 -03.221
+01.833 +08.437 +00.562
+04.902 -07.701 -06.182
-07.504 +03.636 -07.205
-03.133 +06.666 -09.836
+05.813 -09.830 -09.224
-04.913 -00.352 +04.294
+09.699 -03.145 +06.111
-02.432 +08.704 +08.738
-07.975 +04.860 -04.442
+00.398 -03.667 +03.873
+09.780 +09.346 -08.505
-04.175 -08.942 -07.491
-02.899 +01.525 -09.723
+08.548 +01.822 +04.129
+04.894 +01.054 +09.866
-08.771 +05.604 +07.849
-06.918 +06.264 +01.557
+05.925 -06.703 +06.270
+00.308 -00.358 -09.955
-03.492 -06.839 +02.388
-02.338 -02.329 -05.445
+02.825 -01.620 -06.216
+06.748 -00.509 +06.378
-02.365 +06.984 +04.908
-06.478 +09.199 -05.567
-08.384 +05.868 +07.423
+05.191 +01.221 -02.181
+07.678 -07.470 -04.643
+04.956 +07.765 -04.038
-07.539 -05.990 -00.856
-01.676 -03.496 +02.219
-07.246 -05.802 +08.812
-02.479 -09.653 -03.170
+02.476 +01.771 -09.211
-06.134 +08.858 +03.182
+00.029 +02.689 -07.986
+02.768 +00.451 +04.938
-01.039 -04.943 +07.435
-04.274 +06.829 -08.452
-00.941 +07.678 -04.458
+02.937 +00.995 +09.395
+08.219 -07.637 -08.348
+09.299 +04.427 -07.120
+00.069 +08.717 +00.094
-09.594 +05.580 -06.694
+07.889 -08.790 +00.143
-07.871 +09.822 -07.468
-00.113 +05.850 -01.361
+06.810 -06.960 -07.739
+02.511 -02.375 -08.139
-00.447 +02.065 +02.057
+09.441 +01.939 -03.644
+05.483 +00.430 -09.405
+02.243 -08.142 -06.652
+00.030 +08.626 +06.275
-03.668 +05.041 +03.881
-02.666 -01.824 -09.944
+02.282 -04.207 +06.503
+03.670 +05.373 +08.645
-08.824 +05.995 +05.342
-00.689 -07.544 -01.704
-00.200 +04.657 +03.842
-09.219 -09.628 -00.155
+06.286 +00.267 +04.751
-07.252 -00.937 -02.338
+07.212 +06.670 +03.381
-08.257 +02.963 -01.646
-05.833 +06.543 +06.813
-00.497 +05.472 +00.217
+05.353 -01.143 +08.814
-07.847 -03.755 +03.631
+04.384 -05.196 +05.504
+08.673 +06.656 -05.188
-09.258 +07.932 -04.746
-00.983 +01.534 -04.695
-03.583 -09.663 -01.487
+05.242 -07.813 -05.736
+03.404 -08.718 +07.966
-03.427 +06.664 -06.784
+08.842 -02.282 -00.331
-08.522 -04.878 +07.194
+09.238 -03.555 +05.172
-04.456 +05.311 +03.342
+08.497 +02.353 +07.498
+03.274 -04.054 +03.417
+00.124 +08.747 -01.666
+00.913 +02.817 -08.638
-00.624 -00.809 +00.277
-08.301 -07.385 +08.612
+08.545 -05.186 -09.680
+00.547 +02.976 -04.693
-08.032 +03.002 +00.491
-07.672 +01.715 +04.194
-02.738 +08.854 -02.853
-08.152 -02.874 -04.753
-01.775 +03.987 -08.019
+05.511 -04.966 +05.542
-07.434 +02.551 +06.395
+09.212 -09.390 -05.811
+01.959 -00.184 +00.892
+02.329 +07.643 -04.409
+09.963 +00.898 +03.536
+00.937 +03.073 +08.094
-03.215 -02.052 +06.159
-05.487 +07.970 -07.386
+08.377 +09.943 -05.900
-05.667 -00.182 +00.685
+03.181 -06.238 +09.187
-07.614 +08.718 +02.761
+05.244 +04.393 -02.483
+05.155 +01.851 +04.775
-03.810 +01.839 -08.019
-03.054 +06.863 +09.007
+03.073 +09.865 -02.137
-04.266 +06.666 +09.584
-02.047 +03.433 +07.608
-06.779 -05.877 +07.504
+08.646 +03.725 +08.760
-08.648 +02.401 +01.747
+02.019 -07.710 -06.299
-05.088 +04.158 -03.837
-04.961 +03.104 -04.545
-08.571 -06.789 -06.103
+01.379 +03.401 +01.109
+02.091 -06.515 +05.063
-08.929 +06.295 -03.175
-04.042 +06.036 -08.040
+06.151 +07.009 +05.043
+09.392 -06.932 -02.222
+02.849 -04.231 +04.527
+00.900 +08.994 +07.351
-08.910 -03.834 -01.144
-05.307 +07.835 +03.834
+00.068 +05.157 -06.261
-05.230 +09.691 -03.917
-05.537 -04.400 +03.357
+01.017 -01.697 +07.247
+09.172 -02.740 +06.979
-08.863 +00.759 -05.008
+01.780 +00.622 -00.150
-01.765 -03.445 -05.020
+02.497 +09.383 +05.001
+01.227 +06.340 -06.747
+03.506 -03.124 +04.533
-06.558 +09.339 +02.625
+05.443 -06.479 +02.172
+00.097 -04.905 +01.626
+04.958 -04.202 -06.712
-06.286 +06.909 -02.188
-00.892 +06.925 -00.199
+03.045 +03.712 -01.123
+09.504 -03.408 +01.435
-00.817 -06.972 -07.731
-06.507 +06.657 +04.767
-06.251 +02.145 -06.832
+09.888 -07.628 +01.262
+04.705 +05.784 +06.711
+02.420 -09.615 -01.970
+08.476 +01.700 +07.705
+03.564 +01.927 +02.230
-02.487 +05.486 -04.142
+04.966 +08.669 +09.476
-07.699 +00.053 +09.752
+06.028 +07.830 -02.241
+09.744 +02.174 -05.781
+06.360 +06.228 -02.040
-08.315 +09.481 +04.199
+09.636 -07.326 +09.148
-01.082 -04.566 +00.809
-00.450 +00.415 +03.973
-04.865 -04.681 -04.673
+00.798 +05.523 -04.418
-08.720 -08.664 -09.963
-02.366 +04.109 +09.936
-08.152 +01.659 -02.641
-09.862 -03.925 +09.960
+02.031 -09.869 +02.224
+08.148 -00.127 -01.968
-06.570 +09.818 +07.987
+01.292 -07.717 -07.852
-05.384 +04.502 +06.388
-08.336 -04.980 -02.223
-03.176 +00.185 -05.529
+05.112 +04.957 +06.407
-05.742 +01.726 -08.697
-01.114 -02.751 -02.354
-00.126 -04.201 -00.106
+09.216 -03.133 +07.129
-05.711 +00.928 -09.060
-09.221 +04.065 +03.646
+02.556 -06.725 -09.843
-07.948 -04.033 +05.933
+02.061 +03.669 +07.522
+02.459 +08.722 +08.020
+04.613 +06.417 -03.059
-01.297 -04.368 +08.608
-05.773 -05.651 +03.127
+04.551 -08.075 +09.240
-04.001 +01.075 +06.507
-01.912 +09.968 -03.701
+05.608 -02.054 -00.249
-02.356 -00.668 -02.435
-09.659 -08.388 -07.565
+07.843 -05.590 -01.161
+02.033 -05.262 +00.078
+06.044 -00.163 +05.988
+04.543 -08.916 -06.595
-02.355 -03.916 +02.870
-08.348 +00.182 +03.609
+06.448 +05.120 +09.615
+00.024 +05.173 -07.586
+06.103 -04.766 +01.666
-02.681 -07.038 -05.236
+08.130 +09.762 +00.711
+06.452 -03.254 +03.718
+02.717 -03.318 +08.645
-09.786 +08.580 +04.692
-02.795 +09.711 -07.030
-07.931 -01.127 +03.899
-09.076 +07.678 +02.845
-02.515 -02.657 +05.053
+01.782 +06.081 -05.093
+01.763 -06.931 +01.822
-02.764 +01.982 -03.980
+08.051 -08.373 +09.654
+01.261 +05.477 +02.210
+00.781 -01.494 +07.062
+05.766 +09.707 -02.385
-09.382 +02.299 -05.964
+09.182 -02.972 -02.905
+00.722 +03.921 -05.712
+07.369 -01.512 +09.723
+06.874 -07.233 -02.562
+08.181 +01.977 +04.905
+08.492 +04.400 +01.999
-03.836 +00.566 -05.436
+07.888 +07.361 +00.661
-08.946 +07.913 -04.015
+09.602 -01.125 +09.601
-03.578 +03.338 -03.832
-08.537 -03.461 +06.449
+00.287 -09.561 -00.229
-08.081 +07.002 -01.625
-04.773 -04.065 +00.526
-07.288 +09.707 -00.262
-02.848 -00.033 -08.976
-05.132 +09.584 +00.549
-04.673 +07.229 +05.562
-04.723 -03.738 +00.168
+06.832 -00.959 +07.934
-08.111 +01.697 -07.772
-08.687 -09.871 -03.686
+08.416 -00.701 +05.892
+08.056 +05.103 +02.226
-02.373 -06.277 +04.074
+03.706 -09.312 +04.796
-02.323 -03.563 -08.883
-05.405 +07.670 -03.492
-09.695 +02.672 +07.755
+07.949 -06.859 +08.647
+05.439 -06.053 +08.161
+08.602 +03.815 +05.118
+03.354 +03.841 -07.236
-07.930 -00.001 -03.783
+00.367 -04.733 +03.308
-04.769 +06.814 +05.327
+07.721 -05.951 -00.148
-07.822 -01.505 -03.944
+00.522 +08.355 -04.521
-00.553 -06.180 +04.962
+01.421 +06.205 -04.809
+05.510 -06.205 +05.931
-03.208 -03.977 +00.503
-02.976 +06.090 +06.716
+05.193 +05.356 +02.978
+05.087 +02.899 +06.848
-05.718 -05.198 -05.377
-03.062 +02.135 +07.973
+00.979 -07.870 -08.166
-07.139 -03.760 -01.684
+01.282 +01.281 +04.366
-04.942 +02.625 +02.624
+09.040 -04.288 +02.717
+05.090 -03.124 +09.449
+03.820 -07.238 -05.821
-08.470 -03.647 -09.422
-07.385 -00.242 -01.295
+01.568 +07.849 +03.957
-07.213 -06.032 +00.500
-07.483 +07.619 +04.379
-05.046 -07.449 +06.301
-06.420 +06.992 +04.801
+07.425 +01.273 -00.702
-01.203 -08.966 -09.163
-07.565 -01.502 +00.546
-04.631 +09.334 -06.634
-02.384 +07.166 -07.258
-04.205 -03.299 -03.679
+00.801 -00.970 +09.095
+03.056 +09.642 +04.083
+00.439 +04.649 +00.648
+00.213 -01.384 -07.849
-09.328 +03.090 -07.324
+09.225 +07.320 -05.846
-06.075 +03.806 -02.192
-05.038 +02.054 +02.909
+08.113 -03.958 -04.972
-03.094 +09.122 +07.231
-03.943 -09.236 -00.436
+00.317 +09.374 -05.293
+06.886 +03.843 +07.437
+04.900 +08.842 -03.338
-06.587 +07.772 -07.002
+06.825 -09.246 +06.624
-03.551 -00.714 -06.821
+02.672 -06.048 -08.234
-07.356 +02.895 +01.928
-07.775 +08.935 -00.260
+05.298 +02.677 +00.640
-01.273 -08.886 +02.899
-04.176 +01.134 -04.705
-06.576 +08.193 +03.796
-08.575 +08.161 -01.099
+09.852 -06.189 +05.773
+00.103 -03.537 -03.724
-05.885 -05.979 +07.519
-06.889 -08.851 +00.580
-02.787 -03.943 +01.415
+05.862 -07.950 -02.063
+09.824 -01.154 +07.548
+05.053 -03.151 +09.880
-08.053 +06.174 +04.507
-05.454 -03.835 +09.873
+06.656 -05.714 -07.306
+00.065 -03.770 +02.791
-02.903 +05.067 +00.086
-04.913 -04.841 +01.921
+07.911 +05.294 -06.561
+00.066 -03.106 -01.209
-06.118 -01.020 +06.741
+09.297 +04.311 +00.690
-04.568 +06.921 -06.085
-00.784 -05.401 -05.506
-00.146 -07.005 +00.383
+08.582 -03.573 +09.032
+04.211 +05.595 -09.301
-07.379 +09.528 -04.444
+02.464 -08.837 +01.280
+06.369 +02.855 -07.515
+03.933 +09.552 +01.321
+03.177 +06.545 +04.014
+04.955 -03.262 -01.203
+04.231 +01.054 -07.116
+00.088 +00.558 -03.209
-01.314 +01.863 +09.992
-04.392 +08.983 +06.576
+08.551 -02.474 -08.382
-06.090 -06.801 +00.934
+09.077 -02.969 -08.701
-00.231 -04.903 -09.851
-02.810 -09.718 -08.637
-07.575 +00.315 +05.813
+00.528 -08.645 -03.074
+06.159 -08.921 -02.790
-09.237 +05.404 +06.649
+03.947 +09.969 +09.998
+07.674 -00.443 +02.286
+05.229 +07.152 +03.103
+02.098 -02.998 +07.000
+08.356 +07.145 +00.862
-07.268 -07.884 +05.722
+07.642 +07.497 +07.217
+00.948 +00.519 -04.544
-03.513 +00.859 -02.839
+06.698 +01.157 +02.129
+09.599 -01.297 +03.902
+06.032 -09.653 -08.606
-09.534 +07.750 +04.807
-06.444 -05.493 +03.683
+05.187 -09.502 +06.754
+07.434 -08.830 +06.401
-06.948 +05.313 -03.010
-03.799 -04.108 +07.280
-07.532 +05.214 +08.100
-03.390 +03.076 +04.457
-07.352 +01.270 -06.643
+09.536 -08.084 +02.531
+08.824 +06.526 +07.735
-09.262 -03.639 -06.798
+00.896 +07.879 +08.455
+06.741 +08.469 +04.832
+07.636 -08.521 +04.147
+00.024 +01.819 +02.875
+09.389 +04.597 -00.580
-04.039 +01.423 -07.415
+02.324 +09.599 -09.666
+04.004 +03.621 -05.537
-06.910 -07.532 -01.076
+00.735 +02.006 +08.856
+03.074 -06.426 +00.869
-08.133 +08.700 +08.135
+02.604 +07.222 +07.959
+03.333 +02.218 -05.516
-06.628 +09.165 -06.371
+06.148 -05.708 -05.028
+08.054 -04.375 -00.102
+06.582 -02.550 -01.339
+00.580 +06.626 -05.937
-05.656 +07.680 +04.478
-03.964 +02.929 +01.505
+00.465 +08.122 +08.152
-04.274 -06.419 +05.108
+02.747 -08.793 +00.974
+02.372 +08.419 +07.535
-00.406 +02.548 +01.199
-01.902 +01.479 -01.088
-03.738 +02.326 -05.117
+04.966 +01.301 -07.011
+02.401 -09.134 -03.122
+08.747 +09.967 +09.700
-09.913 -00.363 +01.893
-02.036 +07.416 +09.111
-04.646 +05.309 +04.561
+02.884 -01.790 -08.696
-05.666 +04.309 -05.510
-02.343 -07.488 +09.851
+06.809 +06.313 +03.565
+06.452 -08.120 +06.374
+04.780 -06.482 +07.064
+01.161 +03.618 -06.438
-05.692 -07.691 -05.483
-09.104 -00.870 +09.067
+03.777 +03.320 +00.230
-01.708 +03.668 +03.802
-01.970 -02.309 +06.324
-09.253 +02.994 +05.713
+04.346 -04.230 +02.414
-05.793 -03.326 +09.341
-00.912 +06.787 +05.365
-06.396 -06.633 +00.430
+06.646 -03.396 -00.903
+07.217 -01.663 -02.365
-00.391 -07.104 +07.809
+03.174 -02.542 -09.585
-06.622 -04.238 +02.030
+01.083 +09.042 +02.468
-09.143 -02.084 +01.070
-07.616 +04.833 -01.049
-09.587 -08.769 -02.052
-06.631 +07.087 -04.336
-06.085 -04.769 -03.216
-01.592 -07.978 -01.069
+07.621 -01.131 +07.494
+03.477 +09.663 +09.401
-06.312 -07.944 +02.867
-09.245 -07.034 -09.182
-08.845 -01.277 -09.765
-02.300 +01.588 -01.793
-09.058 -07.001 +06.503
-06.642 -05.080 +04.833
-04.042 +05.705 -01.308
+03.743 +05.047 +02.491
-03.339 +00.749 -06.216
+05.121 +02.918 +02.083
+00.792 -08.654 -05.279
+00.433 -06.136 -06.073
-01.591 -00.396 +03.162
+01.411 -00.994 -05.385
-03.343 +04.153 -01.720
-01.703 -00.780 -05.595
-06.201 +00.050 -06.422
+06.491 -08.208 +01.594
+03.421 -08.907 +09.447
+01.677 -05.915 -04.880
-07.210 +00.986 +02.530
-03.252 -02.745 -04.138
-05.840 +08.097 -06.728
+07.200 +04.010 -07.152
-07.771 +05.247 -00.188
+00.160 +03.822 -01.521
+03.235 +04.988 +05.546
-06.667 -09.544 -04.402
-01.997 -02.949 -03.796
-01.037 -00.671 +05.680
+05.011 -01.784 -04.509
-09.084 -02.496 -03.067
-08.568 -07.738 +01.691
+08.967 -07.895 +00.559
-03.095 +01.542 +09.793
+02.479 +04.368 +02.281
+00.543 -08.252 -05.628
-00.243 -09.899 +09.376
-08.187 -05.461 -09.978
-03.974 +01.029 +09.197
+05.020 +04.316 -09.587
-04.101 +01.953 +03.179
-09.723 +01.719 +08.535
+04.255 +00.138 -01.971
+01.724 -00.859 -01.724
+02.783 +06.146 +05.705
+03.658 +09.920 +01.325
-08.899 +04.066 -04.475
+05.545 -02.646 +09.114
+01.718 +03.880 -07.562
+06.226 +07.494 +06.093
-01.569 -08.235 +07.993
-05.611 +03.411 -02.330
+09.409 -00.736 +05.911
-08.865 -02.691 +00.774
-05.527 +06.341 -03.605
+04.656 +02.085 -06.223
-06.013 +09.067 -05.595
+04.915 -08.847 -06.263
+02.767 +02.167 +01.076
-09.008 -07.441 -09.329
+01.501 +07.193 +00.045
+02.118 -04.993 +06.833
-01.093 +02.763 -05.338
-01.115 -02.633 -09.605
-01.664 +02.263 +01.612
+09.603 +04.825 +00.836
-07.114 -00.649 -01.927
+09.728 +02.958 -07.697
-06.951 +09.732 +00.044
-01.600 +05.724 +01.663
-03.597 -01.745 +01.284
+01.117 -09.389 +05.309
-05.214 +08.800 -04.311
-06.868 -03.146 +08.599
+05.376 -04.857 +01.497
-08.627 +06.151 +06.396
+08.748 -06.253 +08.559
+00.455 -07.608 +08.181
+07.372 +02.473 -01.476
+05.545 +06.009 -03.974
-07.594 -01.517 +07.649
-05.140 -00.274 +03.674
+07.337 -02.070 -00.211
-02.182 +09.311 -01.177
+04.602 -07.527 +01.322
+03.490 +04.845 -00.155
-02.825 -03.601 -08.016
-04.839 -02.190 +04.616
-02.131 +06.245 -01.627
-03.286 -01.320 +07.973
-02.801 -04.140 -01.724
-01.860 -09.825 +03.412
+04.765 +07.701 -01.630
+01.201 -03.424 +02.661
-07.833 +05.431 -04.997
+03.574 +08.799 -09.249
+04.399 +02.558 -03.301
-00.311 +05.609 -04.983
+09.009 -01.014 -06.848
+06.653 +01.168 +00.560
+03.132 +08.308 -07.553
+05.005 +08.463 -05.896
+05.079 -01.202 +07.513
-07.347 +03.595 +05.900
+00.115 +02.155 +01.235
+08.547 -03.750 -02.898
-04.515 -02.897 -08.968
+08.426 +06.918 -04.505
-02.350 +07.344 +04.164
-02.983 +04.227 -02.854
-05.969 -07.070 -07.917
-04.619 +08.970 +06.927
+03.547 +07.540 +06.644
+07.933 +07.356 -09.960
-06.682 +09.212 -04.432
-02.613 +05.657 +00.163
+06.610 +08.464 +07.352
+02.108 +07.402 +03.102
+04.845 +03.424 -08.081
+08.551 +03.344 -03.319
-02.228 -02.137 -04.952
-08.092 -05.559 -05.839
+02.998 -06.791 +08.746
-03.210 -09.599 -00.112
-01.768 -00.409 +06.000
+05.954 -03.863 -09.600
-04.392 -07.533 +09.128
-07.569 -00.141 -07.216
+00.413 -01.133 +03.113
+08.185 -00.757 -07.195
-09.649 -01.718 -01.247
+07.920 +03.190 -02.830
+02.335 -04.439 +05.270
-07.089 -09.759 +01.004
-06.239 +03.133 +08.059
+03.423 -07.443 +08.090
-04.345 +05.714 +05.075
+00.871 +08.914 +07.305
-05.067 -02.535 -02.103
-00.645 -09.043 +05.307
-01.834 +07.337 +05.355
+06.712 -04.984 +06.098
+08.506 -08.295 +03.174
+09.445 +06.869 -09.244
+06.400 +07.384 +07.034
+06.104 +05.607 -07.829
+06.869 +07.941 -04.557
-08.675 -00.281 -06.976
+06.168 -07.328 +08.116
+05.307 +00.409 +05.717
-06.141 +00.947 +05.695
-06.956 -01.135 -03.795
+09.960 -08.663 -03.699
-06.323 -02.666 -06.359
-09.667 +02.636 +03.237
-06.009 -06.089 -04.960
+08.011 +06.889 -01.890
-06.056 -01.217 -00.015
+05.822 +01.666 -00.087
-04.302 +07.944 +01.857
+07.451 +00.630 +05.733
+07.157 -07.607 -03.955
+07.606 +06.635 +00.814
-05.627 +04.534 +09.921
+02.519 +08.352 +04.037
+01.946 +03.754 +08.875
-08.290 -09.473 +01.341
+07.455 -02.956 -02.187
+00.676 +07.603 -00.432
-09.974 -08.913 +02.441
+03.195 -02.786 -03.112
-01.033 +00.407 -04.587
-05.091 +01.718 -01.206
+01.414 +07.442 +04.747
+03.600 -05.343 -05.147
-03.633 -08.784 -07.541
+08.543 +05.282 +02.956
-02.866 -03.901 +08.837
-07.404 -04.986 +09.569
-04.290 -04.208 +04.353
-09.600 +09.373 +07.214
+09.655 -00.402 -05.055
+06.072 -09.945 -00.402
+06.725 +07.966 +02.032
+02.001 -08.387 +08.418
-08.996 -05.668 +05.370
-02.009 -03.959 -04.456
+00.570 +06.991 +01.423
-09.255 +06.199 -06.251
-00.011 +01.678 +01.219
+03.724 -08.349 +05.911
-05.435 +01.174 -09.573
-05.074 +02.824 -03.964
-03.986 -04.526 +06.583
-05.599 -05.619 -05.621
-02.263 -00.074 -05.830
-08.337 +08.415 -02.214
+00.735 -01.049 -01.454
+05.321 -05.459 -08.022
-00.039 +03.288 +05.692
-00.059 +00.274 -01.305
+03.833 +04.545 -02.064
-04.646 +01.877 -05.266
+01.928 +00.538 -09.090
+05.862 +04.599 +01.354
-02.104 +08.743 +08.592
-05.150 +05.633 -01.624
-06.753 -08.737 -04.189
-07.812 +05.980 +02.485
-06.565 -03.233 +01.108
-07.706 -00.787 -02.537
-09.596 -05.216 +04.440
-06.688 -06.853 -07.530
-07.852 -06.143 +05.819
-02.296 +03.124 -07.698
+00.364 -09.439 -05.699
+01.431 +06.430 -04.907
-00.758 -05.484 +06.442
+05.665 +00.824 -02.389
-07.171 +00.221 -05.126
-07.010 -01.681 -09.519
-07.878 +05.628 -08.069
+07.119 -09.270 +02.353
+02.403 -04.931 +03.593
-04.939 +09.988 +07.519
-01.658 +00.473 +02.651
-02.455 +03.644 +09.392
+07.819 -07.596 -07.676
-02.908 -00.167 +01.950
+01.092 -06.244 +09.215
-09.357 -06.202 -00.254
-06.925 -04.460 +00.470
+00.171 -00.315 +08.313
-07.847 -00.605 +08.265
+00.551 -04.970 -00.830
+08.371 -08.834 -06.719
+02.204 +03.002 +07.310
+02.220 -09.915 -05.519
+04.640 +06.163 +09.552
-08.296 -01.767 -02.783
+08.793 +03.372 +07.871
-01.113 -03.214 +07.589
-01.483 +03.785 +07.266
+05.759 -03.408 +01.990
-04.198 -00.657 -07.511
+06.794 -05.631 -09.839
-03.281 +07.734 +09.016
+09.324 -09.423 +01.897
+02.085 +02.424 -05.723
+08.659 +09.035 +03.855
-02.411 +02.518 +04.470
+07.053 +06.771 +00.877
-05.612 +05.644 -09.307
-09.599 +07.081 +04.488
-08.628 -06.227 +08.586
+04.561 +03.119 -01.443
-01.715 +01.627 +05.846
+03.952 +07.400 +06.000
+03.303 +01.479 -04.707
-07.708 -06.654 -01.098
+06.061 -03.002 -03.337
-04.814 -07.900 -08.000
-02.399 +02.828 -07.036
-09.035 +06.814 +06.518
-01.713 +06.140 +04.344
+06.215 +09.942 -04.414
-06.785 +03.029 +01.367
-02.308 +05.379 +08.364
-06.682 -07.470 +02.022
-00.415 +04.076 +08.047
+01.913 +05.584 +07.360
-04.646 -09.747 +08.491
-05.513 +01.650 -03.109
+08.008 -09.979 +01.205
+08.620 +09.589 -03.570
+04.435 -01.426 +04.022
-05.399 -08.432 -09.025
+04.654 -05.820 -04.793
-08.917 +01.799 +09.741
+08.463 -08.372 +01.221
+09.599 -04.566 -09.797
+03.617 +00.644 +04.761
+09.705 -06.238 +04.117
-01.670 +03.974 -01.318
+01.112 +09.455 +02.130
+06.382 +09.544 -04.192
-07.628 +03.658 +00.032
-08.510 -01.779 -06.691
-08.799 -03.116 +04.495
+02.414 +08.163 -03.345
-01.052 +04.135 -02.518
+02.529 +00.671 +07.341
+05.367 +05.531 -08.609
-08.426 -09.581 -03.904
-03.461 -07.985 +01.470
+05.851 -05.318 +05.482
+02.371 -01.409 -05.214
+02.432 +03.808 +07.950
+09.807 -00.948 -07.966
+09.604 -08.504 -05.036
+00.498 +03.847 +04.551
+08.892 +01.114 -00.511
-03.219 -00.511 +08.312
-05.991 -02.008 -08.617
+01.832 -02.770 -02.019
-07.803 +01.877 -04.389
-04.728 +05.084 +04.318
+07.121 +07.964 -08.285
+01.898 +05.494 +00.316
+05.010 +07.543 +02.226
-01.850 +03.711 -02.758
-06.771 +01.355 +06.516
-09.993 +02.466 -08.323
-06.376 +00.182 +04.921
+05.929 +02.409 +02.868
+09.758 -09.295 -06.698
+02.823 -01.987 -01.344
+08.997 -00.832 -05.992
-05.512 +03.004 -05.249
-05.423 +01.820 -02.169
+06.863 +05.029 +09.687
-06.972 -00.855 +06.440
-04.062 -05.437 -06.482
-09.828 -08.226 +09.862
-05.807 -08.374 +09.763
+09.814 -09.580 -05.667
-08.061 +02.643 +07.041
-00.563 -04.772 -07.607
+05.102 +01.583 -01.269
+04.209 -01.440 -03.140
+06.347 -09.810 -01.907
-03.661 +08.407 +09.222
+03.028 -04.770 -01.454
+04.831 +01.942 -03.288
-00.772 -08.962 -02.315
-02.912 +01.167 -08.775
-08.565 -05.895 -07.368
-04.387 -04.436 +03.412
-08.412 +01.094 +09.782
-08.664 -04.112 -03.817
-05.529 +00.948 -06.607
+00.575 +08.383 -03.811
-04.541 -09.514 +00.839
+04.456 +01.912 +05.475
+01.986 +02.296 -03.633
+02.136 +03.635 +06.029
+01.628 +02.905 +06.331
-00.060 -06.543 +00.805
+09.224 -08.125 +04.930
-03.549 +00.718 +09.132
+02.567 +03.856 +00.455
-06.247 +01.592 -03.173
+02.601 +03.185 -00.981
-08.068 -07.156 -08.849
+07.906 -06.556 +00.523
+01.038 -02.329 +04.835
+08.502 -07.977 +06.424
+05.374 -00.665 +03.521
-02.395 +09.773 -05.311
-09.489 +05.754 +02.374
+00.739 -07.136 -01.880
+02.886 +05.725 +02.370
-05.989 -09.193 -02.714
+00.877 -04.757 +02.198
-02.348 -00.558 -01.594
-06.585 +06.217 -03.238
-05.860 -02.197 +07.504
+09.691 -04.112 +00.425
-09.819 -05.967 -05.002
-06.603 -06.021 +08.435
+02.679 +02.533 +08.441
+00.804 -09.814 -06.306
-05.661 -05.117 +04.598
-02.099 +06.616 +08.020
+03.593 +02.640 -07.046
+06.822 -06.497 +05.171
+06.903 +09.614 -01.182
+07.756 -03.102 +09.971
+09.034 +09.432 +07.248
-03.651 -05.313 +08.837
+06.442 +07.065 +06.791
-02.668 -01.379 +04.868
-00.624 +07.128 -09.909
+05.590 +02.263 +08.075
+00.976 +09.233 -03.996
+08.043 +04.431 +09.936
-01.012 -04.485 -00.140
-07.199 +04.279 -01.224
-05.357 +00.608 -08.589
-05.754 +02.903 +07.633
+02.084 +02.505 -01.389
-01.381 +07.124 +02.907
+01.086 +04.084 +07.095
-01.623 +05.184 -00.997
-09.029 -07.329 -08.150
+07.307 +03.071 +06.274
-06.792 +01.473 -03.819
+01.929 -03.380 +08.835
+04.044 +05.253 +05.155
+01.995 +03.102 -09.308
-05.825 -04.342 -07.626
-06.819 -04.076 +00.873
+06.767 -06.617 -02.046
+06.933 +09.201 +05.366
+00.663 -05.842 -00.359
+01.456 -01.638 -04.555
+01.621 +04.418 -00.454
-09.640 -04.683 -04.783
-02.673 -09.546 -01.885
-07.481 +04.818 -05.470
-07.857 +03.007 -09.277
-03.231 -00.236 +00.929
+08.260 +05.347 -09.945
+09.221 -06.003 +05.262
-01.806 -06.451 -02.491
-06.585 +01.145 -08.844
+07.090 +04.733 +08.977
-00.005 -06.013 +07.991
+04.167 +00.908 -03.919
+09.561 -09.698 +01.128
+07.937 -01.146 +02.866
+03.524 -04.342 +06.869
-09.171 +09.743 -09.982
-04.120 -04.920 -02.624
+04.773 -04.461 +04.351
-00.680 +03.904 +01.450
-07.962 +07.475 -09.093
+05.289 +03.627 -03.465
+09.452 +06.741 +00.705
-09.393 -06.384 -02.930
-07.019 -00.090 -02.986
-03.523 -05.951 -01.478
-05.243 -09.658 -05.938
-00.607 -06.493 +04.410
-04.278 -01.540 -06.066
-06.433 -00.696 +03.393
+05.883 -05.914 +03.406
-07.231 +02.767 +07.144
+04.753 +05.946 +05.574
+09.820 +03.678 -08.373
-07.705 +03.923 +08.892
+01.709 -09.858 +02.393
+05.961 -09.843 -09.150
-05.752 -03.868 +01.355
+08.257 +07.888 +01.115
+09.098 -01.500 +07.648
+06.467 -06.737 +08.374
-09.214 +03.973 -07.961
-01.662 -00.298 +08.598
-04.089 +09.566 +01.287
-05.182 -00.841 +08.813
+07.879 -00.294 -07.776
+00.647 +05.941 -04.459
+02.361 -06.045 +00.123
+00.733 +04.823 -09.239
-02.007 +05.177 -06.080
+06.655 -05.384 -08.304
-03.906 -08.422 -00.192
-04.493 -02.503 +00.507
+05.680 -05.462 -04.631
+01.791 -08.765 -02.671
-00.893 -09.756 -06.603
+04.651 +00.748 -04.167
+04.416 +05.529 -00.240
-01.191 -08.237 +00.952
+06.808 +07.455 +03.457
-09.989 +07.051 -08.779
+05.374 -09.525 -06.731
+05.247 +06.063 +03.257
-05.713 -02.732 -09.013
+07.399 +09.636 -07.474
-09.277 -05.190 +09.159
-07.807 -08.298 -06.274
-04.890 -09.104 +06.219
+08.337 -00.204 +05.240
+02.710 +08.453 +08.613
-04.138 +01.856 +05.850
+02.843 +07.153 -01.681
-03.877 -05.951 -03.371
-08.994 +09.345 +09.032
+08.675 +04.263 -08.615
-05.366 +02.776 +05.308
+07.354 +06.056 +00.875
-07.044 +00.909 -03.215
-06.396 +00.100 -04.551
-08.725 -03.966 +09.350
+00.474 +08.729 -09.437
-09.712 -01.928 +01.391
-03.466 -00.787 +07.908
-03.427 -07.592 +07.988
+01.063 +01.802 -08.784
+07.742 +03.328 -06.096
-08.897 -03.780 +06.364
+06.285 +05.725 +04.319
+09.418 +09.918 -04.579
+02.872 +02.405 +06.578
-05.853 +03.578 +09.232
+03.233 +01.176 +05.993
-07.194 -01.180 -01.199
+06.300 +01.254 -00.434
-03.682 -02.619 +03.267
+06.624 +02.524 -06.471
-03.391 -05.486 -02.841
+02.713 +01.443 +01.475
+07.768 -06.918 -07.047
+02.966 -04.990 +02.847
-06.768 +01.527 -02.281
-00.587 +01.201 +08.367
+00.986 -01.910 +06.859
-06.587 +07.202 -00.539
+05.740 +03.498 -02.061
+06.399 -07.113 -06.641
+09.692 -00.098 +06.677
-06.666 +07.620 -04.572
+05.730 +06.311 -08.061
+08.600 -00.029 +09.867
+09.990 -01.585 -03.780
-02.977 -01.697 -08.877
-02.204 +02.256 +04.598
+06.403 -02.588 -03.595
+02.149 +03.049 -03.443
+05.368 +02.524 +04.084
-01.346 -05.855 -05.693
-00.752 -06.512 -03.948
+06.902 -02.142 -01.945
+02.920 +02.323 +05.895
-06.262 +05.001 -07.081
+06.985 -04.127 -09.914
-02.373 +05.108 +04.949
+03.169 -04.536 -02.439
+03.946 -05.929 +07.207
+07.236 +02.065 +06.626
-02.552 -03.493 -02.190
+04.498 -03.396 -00.863
-01.774 -04.493 +08.581
-09.976 +08.669 -04.263
+09.606 -02.291 -09.678
+05.083 -08.439 -06.946
+04.137 +08.708 +07.600
+09.071 +09.905 -05.010
-04.223 +03.529 -09.613
-04.935 -05.038 +00.662
-05.218 -06.741 -01.649
-00.563 +04.262 +03.116
-06.953 +06.216 -04.590
+06.703 -08.747 +08.788
-04.712 +04.225 -06.281
+03.512 +05.649 +02.960
-07.438 +03.512 +02.926
+03.438 +01.215 +06.607
+04.180 +06.500 +02.001
+01.631 +04.045 -06.380
-03.646 +07.156 +05.064
-00.223 -05.102 -07.562
+03.798 +08.120 +00.440
+00.827 -07.342 -04.257
-03.809 -04.715 -00.147
-07.335 +08.115 +06.827
-03.264 +03.383 +02.293
+04.914 +05.282 +07.829
-07.389 +03.970 +06.380
-00.292 -05.889 -02.673
+05.512 +07.524 +04.234
-01.742 +05.280 +09.832
-09.808 +09.250 +05.041
-05.266 -04.988 +04.318
-07.746 +05.713 -04.182
-03.005 +05.469 -09.844
-02.395 +03.849 +06.115
-02.476 -06.983 -03.317
-01.730 +03.109 -09.519
-03.565 +01.443 +08.031
+03.901 +05.989 -00.709
-06.287 -01.820 +03.910
-06.701 +02.374 +02.268
+07.511 -06.132 -05.042
+01.073 -08.902 +05.062
+09.622 +05.054 -06.488
-07.349 +05.633 -00.100
+06.740 -07.591 -06.649
+04.173 +00.607 -04.453
-02.011 +07.123 +06.671
+06.924 -06.266 -01.259
-01.730 +07.036 -06.409
-05.497 +05.730 -04.369
+07.777 -05.476 +05.408
+07.990 -07.985 -07.066
-08.386 -07.856 +02.732
-08.783 +08.858 +05.632
+01.951 -09.020 -07.986
+05.364 -02.188 -04.184
-08.057 -00.881 -02.027
-01.338 -01.517 +01.311
-02.178 -02.584 -09.455
-02.596 -08.443 -05.144
+05.410 -03.094 -07.399
+09.571 -00.813 +08.539
+09.088 +09.697 +03.177
+03.750 -06.945 -01.732
+05.052 -06.833 -05.493
+01.354 -03.681 +01.620
-05.452 -09.651 +05.507
-03.467 -00.208 -03.034
-08.612 +03.001 +06.728
-05.435 +09.333 -04.661
+01.275 -01.658 -01.780
-06.587 +02.132 +06.705
-09.492 +08.690 -09.440
-06.783 +04.073 -03.865
+02.012 -07.750 -06.856
+04.713 -04.942 -07.692
-06.156 -08.091 -07.159
-03.635 -04.453 +04.414
-01.248 +07.283 -09.336
-05.925 -00.784 +01.347
-09.764 -04.705 +06.465
+08.975 +09.561 -02.233
+01.806 +00.958 -03.011
+03.826 -03.486 +08.645
+00.712 -09.829 +07.886
-06.936 +01.746 +07.068
+02.268 +08.708 -04.481
+00.366 -06.931 +02.708
+03.487 +04.713 +09.430
-06.286 +02.522 +06.115
+06.277 -04.395 -08.312
+07.122 +03.692 -00.351
-01.256 +01.020 -08.958
+03.221 +00.827 +01.057
-03.238 -04.776 +06.897
+06.376 -02.989 +01.013
+09.811 -08.737 -04.534
+01.344 +03.946 -06.474
+02.519 -07.688 +08.320
-06.471 -09.012 -03.072
+01.450 +02.414 -05.844
-01.812 +04.560 -07.163
-00.489 -04.334 +04.204
+09.797 +05.599 +08.580
+03.427 +03.845 +01.122
+09.865 -00.425 -00.348
+02.591 -01.400 -01.994
+06.541 +08.960 -04.359
+06.774 -03.598 -04.595
-01.431 +02.423 +03.709
+07.364 -02.012 -01.744
+02.036 -09.909 +07.093
+01.274 +02.291 +05.089
-09.149 -07.140 +04.092
-00.320 -00.715 +01.869
-00.004 -09.483 +06.566
-08.464 -08.547 +06.190
-06.829 -08.912 +09.510
-08.784 +01.322 -03.699
+09.050 -05.485 +00.883
-03.037 -06.161 -09.323
-08.456 +03.549 -07.426
-07.462 +00.738 -02.162
+08.850 +03.310 +03.437
+08.471 -02.470 +06.635
-02.295 +06.252 +07.444
+09.720 -08.659 +05.115
+05.494 -04.963 +02.307
-09.917 +04.451 +02.797
+04.019 -00.867 -02.414
+04.620 -00.063 -08.655
-01.525 -05.759 +07.182
-09.908 +03.798 +09.896
-04.740 +06.363 +07.111
-02.207 +05.836 +00.826
+04.951 -03.664 -02.418
+00.257 +05.177 -01.565
-03.360 -09.801 -08.631
+02.714 -07.980 +02.681
+04.503 -07.745 -07.182
-07.443 -02.516 +05.914
-00.313 +03.708 -07.278
+03.795 -05.143 -08.281
-07.133 -05.791 +09.597
+07.606 +05.525 -02.954
+09.573 -01.819 +06.994
-03.605 -02.861 +07.638
+08.646 -08.556 -01.331
-08.176 -01.661 +06.832
-03.259 -05.468 +06.054
-03.425 +08.070 +05.132
+04.541 -07.448 +05.228
+07.217 -01.186 -06.082
-06.583 -09.250 +08.528
-07.516 -01.571 +01.195
-06.577 -02.458 -06.162
-08.905 -09.723 +01.087
-02.420 +08.282 +02.128
-03.613 +02.827 -03.015
+00.124 -06.166 -05.232
-05.881 +06.700 +04.801
-03.085 -01.296 -00.926
+04.056 -06.344 -06.619
+03.971 -04.288 +00.645
+05.115 +04.933 -08.512
+07.360 +09.116 -08.442
-05.043 -09.919 -00.059
+00.470 -08.612 +02.057
+06.100 +09.700 -07.452
-06.508 -01.141 -05.163
-03.361 -04.699 -01.219
+02.811 -03.836 +04.743
-08.290 +03.459 +04.609
-03.787 -03.029 +07.595
-09.865 +00.626 -02.508
-06.444 -02.128 -08.706
-00.869 -00.152 +02.001
+07.006 -01.281 +07.605
-03.407 +03.469 -09.812
+00.234 +00.061 +06.991
+09.449 -01.286 +04.847
-08.964 +00.927 +09.603
-05.261 -04.367 +07.485
+03.314 +02.931 -03.481
-02.217 +06.544 -00.100
-04.027 -09.338 +05.867
-08.204 +04.033 -09.963
+02.140 +02.677 +07.066
+07.213 -04.783 +01.258
+05.412 +09.327 +06.114
+01.973 -03.202 -04.526
-06.149 +08.450 -08.164
-00.446 +03.386 -04.299
-03.904 +05.256 +00.349
+08.063 +01.034 +02.732
-05.799 -07.568 -02.017
+00.353 +02.241 +05.269
+01.937 -03.953 -07.848
-07.752 +03.245 -05.005
+08.000 +04.617 +09.827
-06.967 -07.023 +04.071
+07.285 +00.822 -04.195
+04.069 +00.052 -04.472
-03.913 -03.051 -06.738
+06.638 -02.242 -06.162
+02.258 -06.413 +04.810
-09.910 -05.499 +00.836
-05.762 +07.348 -03.876
+08.713 -09.926 +03.270
+08.018 -03.889 +07.684
+06.858 -04.492 -09.049
+04.434 -03.208 -04.810
-06.993 -04.601 +00.990
+08.983 -03.554 -05.839
+00.483 +04.615 +07.108
-07.501 -03.916 +00.075
-04.829 -07.044 +05.341
-09.769 +02.064 +01.425
+00.435 -01.325 -09.269
+05.277 -09.977 -03.016
+06.754 +06.463 +06.302
-08.313 -00.716 +03.487
+01.746 -01.398 -04.440
-09.302 -05.033 -01.407
-02.331 -02.803 +00.055
-09.356 +04.716 +00.203
+07.793 -04.486 +04.695
+07.045 -03.875 -00.752
+09.505 +09.680 -02.149
+04.568 -05.636 -09.539
+07.418 -05.559 +01.038
-00.759 +06.323 +07.103
+08.865 +02.745 +07.874
-06.039 -01.299 -01.690
-05.944 -05.447 -02.038
-07.681 -03.062 -00.301
+08.288 -03.228 +01.836
-05.626 -00.083 -01.853
+07.622 -00.452 +07.571
-08.883 -00.466 +09.373
-08.183 +08.661 -04.219
-06.155 +01.957 -08.400
-03.586 +01.606 -05.331
-09.038 +00.975 +02.558
-05.485 -06.677 +07.211
+00.142 +05.531 -06.286
+07.741 -04.621 -00.436
+02.228 -07.380 +02.170
-02.229 -07.204 -07.174
-03.961 +04.617 -06.150
+04.924 -07.966 +05.172
-03.766 -09.955 -07.946
+00.372 +05.914 -04.548
-02.086 +03.792 -07.442
+05.553 -07.675 +06.832
-03.268 +05.772 +07.607
+03.173 +04.800 +01.161
+03.698 +00.016 -00.861
-04.793 -02.688 +01.987
-00.338 +06.629 +08.854
+05.351 -00.476 +09.245
-07.809 +06.176 -03.446
+09.466 -07.573 -02.995
+04.045 -04.380 -06.036
-06.504 +02.124 -02.664
+04.139 +02.156 -04.120
-02.329 -04.632 +03.759
+00.968 +02.078 +03.432
+00.811 -03.341 +06.115
-06.538 +05.516 -01.176
+05.650 -05.471 +00.777
+05.532 +02.527 -07.703
-02.597 -08.369 +00.728
+05.990 -07.298 +03.042
+05.982 -09.151 -02.160
-06.322 -08.827 +04.055
-03.849 +02.833 +09.937
-06.953 -05.688 +04.580
-07.532 +03.909 +06.306
-08.732 +06.643 -01.779
-04.049 +01.797 +09.260
+08.775 -04.488 -01.265
-00.546 -03.342 +06.729
-06.695 -06.492 +05.302
+07.666 +00.606 -02.858
-03.266 -03.864 -04.312
-03.054 +07.740 -00.332
+06.709 -03.455 +07.772
+03.051 +08.320 -07.459
-00.874 -01.660 -08.525
-07.899 -06.429 +08.770
+03.393 -03.131 -03.607
+08.586 -04.675 -08.633
-09.731 +09.605 +05.686
-03.562 +02.849 -07.232
+04.923 -00.977 +04.807
+08.297 +03.561 -09.481
+00.999 -09.456 +02.594
-00.240 +01.780 -09.331
+06.165 +08.318 -09.271
+07.217 -04.341 +07.229
+05.969 +09.640 +06.760
+01.568 -09.270 +05.932
+09.572 +01.375 +07.572
-07.930 +09.465 +01.588
-00.512 +01.132 -03.388
+03.075 -08.188 +09.708
+08.200 +02.481 -08.055
+09.631 +08.435 +02.962
+00.974 +02.558 +05.243
+08.948 +05.438 -05.557
+08.840 -01.123 -02.079
+06.794 -02.031 +06.244
-02.651 +09.295 +04.219
-00.384 +09.876 -04.834
+02.741 +03.019 -02.249
-06.150 -00.313 +09.570
-08.983 -06.505 -06.764
-04.803 -04.924 +04.179
+03.599 -07.655 -07.707
+03.631 -03.024 +06.587
+01.348 -07.970 +08.928
-02.430 -03.074 -05.331
+09.702 -02.929 +05.295
-07.964 -01.277 -02.601
+00.249 -04.502 +01.168
-05.199 +00.559 -02.305
+07.951 +04.346 -02.558
-00.582 -03.972 -06.303
-07.579 +05.393 +00.376
-01.472 -03.668 +03.872
-01.421 -07.040 +07.231
-07.886 +02.191 +06.008
+08.991 -02.252 -06.656
-03.965 +07.736 -03.080
-08.777 +08.823 +08.615
-01.400 -09.800 +03.160
-09.021 -07.011 +09.924
-06.496 +05.427 -01.269
+07.146 +00.862 -07.303
-05.469 +01.484 -00.151
-00.765 -05.218 +04.431
+01.801 +07.262 +06.406
-03.364 +08.053 +06.408
-01.363 -04.675 -04.634
-05.867 +05.247 -06.022
+08.823 +09.085 -05.095
+03.167 +09.899 +09.896
-04.367 +05.693 +05.476
-09.235 -08.005 +01.041
+03.238 -09.566 -06.746
-07.467 -05.617 -08.915
+02.190 -00.952 +01.769
-06.735 -01.810 +08.505
-00.536 -00.811 -04.991
+03.212 -05.177 +04.895
+07.592 +03.205 +01.859
+05.339 +08.070 +00.951
+09.555 +06.041 -02.983
-02.136 -08.955 +01.945
+02.914 -01.406 +05.629
-09.840 +06.849 +03.287
-05.466 -06.776 +07.844
-09.742 -00.381 -04.512
+06.480 +05.902 -08.420
+08.033 -01.297 -06.771
-01.351 +04.223 -05.551
+03.324 +05.835 +02.147
+01.770 -01.370 -04.069
-05.330 +09.571 +02.026
+06.530 +01.245 +06.216
+08.835 -09.618 +02.076
-03.565 -09.001 -02.697
+03.045 -09.068 -05.386
-05.612 +08.884 +03.481
-01.741 +09.517 -04.036
-02.571 +01.361 -00.128
+06.182 -05.683 -09.654
+00.835 -03.599 -06.784
+07.574 +08.969 +02.259
-06.714 -06.630 -01.197
+03.728 +04.427 -03.946
+01.897 +03.459 -05.821
+09.212 -07.529 -00.754
+08.914 +06.779 -06.579
+02.947 +06.529 -07.263
+03.459 +01.456 -07.483
+08.812 +04.367 -03.403
+04.418 -01.050 -04.033
-04.662 -03.788 +05.828
+02.853 +05.953 -02.039
+03.524 -07.014 -02.759
-08.932 +09.654 +07.831
-00.389 +04.992 +09.156
+05.915 +09.749 +07.544
+06.234 +03.462 +08.033
+00.023 -09.364 +06.510
-06.025 -06.139 +08.109
-09.034 +02.549 -00.497
-05.050 +08.388 +08.556
-05.676 +00.994 -07.009
-07.348 +08.644 +00.344
+01.783 +03.891 +03.045
+03.451 +09.161 -09.392
-08.314 -05.974 -05.416
+07.736 -07.667 +07.060
-09.585 +06.606 -01.848
-05.427 -09.047 -02.048
+08.068 -00.583 +00.053
+00.649 -06.023 +09.558
-08.917 -07.240 +00.845
-09.003 -01.489 +00.902
+09.522 -03.295 +08.317
-02.358 +09.742 -06.491
-04.540 -00.758 -08.671
-06.145 -04.180 -02.975
-04.404 +09.490 +05.848
+08.819 -02.999 +03.880
-06.773 +01.136 -07.017
+01.286 -03.670 -03.586
-04.480 +04.024 -01.744
+08.339 +09.599 -02.586
-09.561 -04.057 +01.931
+01.075 +09.778 +07.583
+00.014 +05.298 -09.017
+05.323 +04.506 +06.723
-01.489 +00.464 +01.411
+04.990 +06.009 -02.872
+05.492 +03.229 -02.319
+03.507 -03.002 -07.328
+00.649 +05.262 +05.630
+08.699 -00.573 +01.815
-03.484 -02.130 +00.692
-09.581 +05.880 -03.344
-00.872 +00.348 -01.343
+05.497 -05.457 +08.839
-05.558 +00.782 +04.995
+05.448 -01.498 +01.656
-07.232 +07.706 -08.088
+06.073 -06.327 +00.325
-08.975 +08.749 -09.389
-09.542 +01.721 +06.612
+09.475 +01.812 +05.328
+09.800 +07.350 -04.308
-06.749 -06.603 +09.414
+02.053 -03.654 +08.229
+03.285 -09.215 -01.803
+01.032 +08.218 +04.892
+08.759 +01.011 -01.243
-08.859 -03.243 +08.377
+09.514 +02.148 +09.462
+05.880 -01.888 -04.545
+09.600 +04.926 -06.235
-09.075 -02.040 +09.586
+04.091 +04.135 -08.349
-02.550 +03.848 +09.406
+07.670 -03.468 -09.414
+09.333 -00.267 -01.073
+01.135 -02.005 -01.918
+04.834 -00.425 -09.320
-09.817 +05.843 -07.330
+06.134 -03.225 -01.019
+06.901 +05.453 -08.845
-03.857 +03.255 -01.301
+07.238 +00.591 -04.777
-05.857 +07.590 +07.323
-05.603 +08.412 -00.155
+09.309 +01.021 +01.737
-07.446 -07.798 +06.710
-02.104 -06.056 -02.469
+03.327 -00.524 -01.889
+03.303 +00.857 -00.021
+05.047 +00.528 -01.433
+08.536 +01.811 +07.218
+07.737 -09.486 -01.942
-01.630 -03.377 +03.270
-05.684 -04.822 +06.378
+00.011 -04.454 -05.419
-09.427 -06.432 -07.886
+09.146 +08.172 -09.503
-00.139 +01.523 -04.694
-01.037 +07.336 -08.010
-04.851 +06.810 -03.829
+01.530 +05.777 -00.095
-08.957 +08.697 -00.170
-08.270 -06.022 -06.416
+03.366 -02.761 -03.593
-08.094 -00.949 -03.283
-03.614 +04.148 -05.403
-02.335 -08.133 +08.446
-02.116 +02.227 +00.165
+09.258 +04.362 -05.553
-06.467 -06.454 +03.044
-08.735 +08.598 -06.945
+06.487 -07.426 +02.068
-03.059 +00.644 -01.636
-05.729 +06.212 -09.394
+06.133 -01.435 -05.493
+05.470 -05.490 -06.973
-09.417 -06.640 -02.229
-02.894 +04.263 +05.552
-01.239 +06.221 +01.544
-04.210 -05.461 +08.930
-08.340 +05.978 -00.921
-07.798 -04.804 +07.239
+07.733 -03.605 +00.586
+04.928 -08.215 +09.901
+02.701 -08.852 +02.614
-04.658 -04.209 +06.992
-09.609 -00.718 -09.803
-06.557 +00.250 -01.843
+07.178 -06.943 +01.265
+08.498 +02.155 +07.489
-08.524 -03.012 -00.357
-06.406 -02.202 -08.540
+02.613 -02.990 -05.191
-01.125 -00.835 +05.411
-08.170 +08.508 -09.548
+06.177 -08.242 +00.961
-04.350 -02.455 -06.991
+02.286 -05.009 +02.302
+00.747 +08.297 -02.565
-06.973 -01.280 -05.545
+03.139 +08.419 +03.185
+02.975 -09.249 -04.146
-05.980 +05.107 -01.786
-04.906 +05.673 +01.801
+07.609 +05.795 -03.087
-00.044 -05.757 -00.047
+08.011 -00.572 -04.591
-07.789 -02.914 -03.423
-03.488 +03.775 +06.020
-01.275 +09.806 +02.114
-00.180 -07.402 +09.741
+04.388 -02.817 -08.356
+08.046 -05.915 +05.575
+08.407 +01.351 -02.941
+01.408 -08.211 -04.252
+04.795 +00.994 -00.224
+00.881 +09.143 -06.142
-02.197 +04.729 -05.310
+00.267 -07.253 +00.333
-06.096 +07.982 -09.894
-05.514 -06.248 +07.941
+02.498 +07.558 -09.661
-06.147 +04.993 -07.546
-06.948 +02.710 +05.575
-02.269 -03.177 +04.910
+05.570 +08.230 -05.918
+01.659 -08.733 -06.613
-05.950 +07.148 -01.061
-07.575 +05.613 -06.140
-06.318 +05.041 +01.942
+02.832 +01.073 +02.383
-03.777 -07.517 -03.994
-05.069 +00.627 -02.722
-06.581 +02.773 +03.359
+06.247 +00.998 -01.981
+04.060 -07.623 -00.115
-07.880 -00.200 -08.546
+01.257 +08.829 +02.573
+05.988 -01.323 +03.430
+08.503 +07.676 +03.343
-07.482 -00.702 -00.126
-01.430 +03.093 -05.690
+00.188 -08.136 -04.313
-08.709 +07.266 -05.981
+02.354 -02.834 -09.978
+01.019 -00.139 -04.968
-07.781 -01.826 -09.750
-04.446 -08.746 -02.271
+00.562 -05.903 +08.156
-05.588 +04.138 +07.203
+07.399 +02.982 +04.352
-02.756 -05.329 +02.598
-08.684 +05.268 -05.211
+01.697 +01.098 -08.433
-07.578 -01.778 +07.071
+00.706 -08.773 -09.541
+01.084 -03.745 +06.629
+01.222 -08.797 -05.343
+03.918 +01.125 -02.535
-01.554 +01.332 +03.949
+09.788 -04.760 -08.601
-06.623 -00.928 -02.236
-00.002 -00.538 +04.086
-06.899 -05.900 -00.696
+07.411 -09.722 +07.494
-06.045 +03.634 -05.917
-00.549 -06.788 -00.049
+00.301 +07.619 -08.397
+01.416 -01.335 +05.480
+02.594 +08.880 -01.510
+09.587 -06.102 +07.185
+00.422 +08.775 +08.541
-00.010 -03.896 -06.224
-04.277 -02.356 +06.558
+08.376 +00.758 +05.640
-01.383 +02.462 -09.632
+08.240 -09.549 +08.067
+03.575 -09.975 -08.571
+06.736 -08.779 +05.931
-02.898 +04.726 -02.868
+06.508 -05.540 -06.853
+02.067 -03.298 -05.076
+07.209 -04.480 +06.911
+00.398 +02.896 +08.547
+08.875 -05.803 +04.599
+00.751 -09.081 -00.990
-09.479 +05.093 +09.418
-05.373 +07.005 +02.357
+01.881 -03.474 +08.092
+04.944 +02.063 -06.793
+04.227 +03.727 +09.298
+00.585 +03.613 +05.668
-04.621 +03.016 +03.443
-05.001 -07.481 -02.138
+08.199 -09.790 -04.702
+01.805 -04.480 +03.683
-05.324 +02.947 +04.110
+02.035 -02.195 -08.559
+08.510 +00.245 -04.687
-05.152 +02.470 -09.567
+07.613 -09.776 +05.323
-03.781 +09.481 -00.479
-05.102 -09.344 +08.477
+02.157 -09.338 +06.122
-02.110 +08.355 +00.245
+08.448 -08.221 -00.828
-03.257 +01.655 +00.997
+08.569 -09.338 -09.498
-06.224 +05.473 -04.653
-09.104 -08.357 -05.392
+09.736 +09.384 +09.854
+07.838 +08.257 -09.588
+05.015 -01.717 +09.173
-02.670 -09.765 +09.644
+02.095 +09.737 -09.563
+02.608 -07.459 -04.823
+08.827 -05.073 -07.243
-01.580 +02.924 +06.564
-09.975 -01.659 -03.832
-03.338 -06.030 +06.093
+04.932 +00.907 +05.390
-04.174 -00.552 -05.559
+00.927 -01.951 +04.929
-09.533 -08.046 -03.733
+04.567 +06.786 +08.926
-03.465 +00.321 +07.464
-06.762 +04.388 +05.533
+03.295 +01.449 +05.972
+07.637 -03.038 -09.118
+09.594 +02.182 -06.215
-05.095 +06.626 -06.241
+09.777 +07.886 -00.756
+06.613 -03.155 -04.096
-07.638 -05.436 +02.694
-09.586 +08.381 +07.126
+09.161 -02.821 -02.432
+08.804 +03.100 +05.042
-06.658 -02.419 +01.516
-00.439 +02.568 -09.404
+01.432 -02.122 -03.639
+03.333 +06.716 -02.445
-06.302 +00.781 +06.027
-05.796 +00.648 -04.847
-04.500 -00.998 +00.674
+05.703 -03.139 -05.844
+06.724 -04.714 -01.955
-02.881 +06.439 -03.211
-09.856 +04.769 +05.153
+02.790 +03.407 -01.735
+01.135 +01.077 +06.117
-06.454 -09.535 +01.279
-04.694 -02.215 +02.532
-01.066 +06.247 -08.110
+09.799 +07.408 -02.283
-04.560 +01.973 -07.504
-08.597 +08.661 +01.209
-04.021 -08.056 -04.507
-00.430 +01.518 -06.506
-01.975 +00.914 -08.177
-01.851 -02.048 +02.561
+05.088 +03.532 -04.609
-07.122 -06.622 +02.427
+07.241 +03.284 -03.356
+04.976 +06.510 -02.584
+04.704 +09.879 -06.371
+05.648 -08.192 -00.851
+06.161 +05.460 -09.324
+05.340 +00.859 -05.822
+08.341 +04.096 +09.629
-04.088 -06.243 +00.761
+05.496 +05.177 +08.765
+03.920 +09.071 +00.708
+00.192 +01.997 +03.749
+03.955 +01.969 -02.868
-05.537 +01.035 -02.397
+06.935 +03.119 +07.157
-09.353 -01.308 +03.573
-04.734 +03.816 +07.677
+06.470 -08.978 +09.537
+06.566 +09.618 -09.139
+09.933 -00.623 -01.493
-05.025 -01.087 -06.989
+00.769 -05.197 -08.642
+01.918 -01.211 +03.481
+02.904 +06.108 -05.915
-03.389 -07.612 +09.841
+09.025 -02.814 -03.712
+01.880 -09.561 +04.234
-07.389 -06.192 +08.952
+03.238 +01.912 +08.225
+03.548 -08.635 -03.351
-09.474 +00.311 -02.207
+00.608 -02.140 -09.728
-02.963 +02.289 -00.422
+08.435 -04.174 +05.449
-00.055 +09.815 -05.709
+08.477 -08.583 -03.395
+02.493 -01.291 -09.348
+00.756 -04.718 -01.661
+08.209 +01.284 +03.557
-04.998 +03.899 +08.007
-01.572 +04.148 -02.967
-06.446 -00.011 +04.789
-02.444 -05.989 -07.517
-01.298 -03.733 -07.417
+07.726 -05.968 +02.878
-01.009 -00.109 -01.580
-00.323 -07.728 +05.457
+09.194 -00.814 -03.277
-05.740 -04.551 -08.346
-06.759 +03.182 -05.289
+04.728 -04.587 -05.004
+01.107 -06.630 +05.455
-03.842 -04.999 -06.082
+04.178 +08.416 -02.825
-02.734 -04.847 -03.578
+05.195 +05.411 -04.125
+06.026 -08.998 -01.543
-04.708 +00.011 +05.207
-03.452 +08.693 +03.783
+09.308 +04.294 -05.349
+08.563 -07.909 -00.530
+09.357 +09.237 +02.689
+08.666 +03.194 -07.328
+00.757 -09.717 +01.494
+07.772 -09.765 -00.841
-07.964 +04.355 +08.224
-01.765 +03.621 -03.374
-03.232 +09.841 +06.717
+06.831 +00.517 -00.599
+09.938 -04.769 +02.057
+00.823 +03.798 -04.911
-04.671 -07.109 -00.510
+05.126 +04.108 +01.822
-03.873 +07.042 +01.414
+04.506 -07.891 +00.440
+03.283 +06.001 -09.022
-06.441 +07.225 +09.604
-03.957 -05.308 -06.501
+04.172 +08.411 +02.388
-09.619 -07.691 +09.613
+05.908 -01.026 +02.767
-02.468 +08.774 -09.955
+00.059 +04.269 +01.985
+05.318 -01.328 +01.234
+07.346 -01.736 +06.811
+00.210 +02.453 -02.134
-07.608 -06.731 +08.681
+00.510 -01.812 -05.660
-08.903 +03.666 +06.205
+07.226 -06.894 -04.616
-09.693 +01.061 +00.749
-08.805 +07.906 +07.106
-04.943 -06.906 -04.996
-08.509 +03.229 +03.717
+03.534 -09.048 -05.291
-05.123 +02.317 -00.695
-00.586 +00.489 -07.684
-08.027 -06.624 -05.643
+06.168 -04.431 -01.358
-07.665 +07.579 -08.278
-01.765 -02.168 +09.218
+05.398 -08.980 -05.662
+01.304 +04.740 +07.404
-01.093 +00.891 +06.044
-02.107 -05.612 -09.441
+00.765 +07.931 -09.480
+02.889 -03.865 +04.995
-05.333 -09.512 +09.395
-01.672 -01.147 +06.056
-01.812 -08.423 +00.771
+05.748 -08.672 -08.195
+07.487 -05.992 -08.259
-06.799 +07.008 +04.156
+03.445 +06.246 -09.810
+03.224 -01.726 +01.476
-01.701 +07.157 -03.313
-05.153 +08.814 +06.850
+01.480 -00.548 -06.442
+00.630 -00.880 +02.888
-03.886 -00.670 +08.433
+07.274 +06.827 +08.298
+02.363 +03.165 +07.055
-06.454 +03.088 -09.026
-07.286 +07.140 +08.553
+01.927 -01.725 +09.687
+09.288 +01.508 -03.258
-08.765 +08.707 +00.801
-08.325 +05.807 -03.749
-09.571 +00.674 +00.321
-06.325 +08.695 -02.646
-07.890 -05.644 -02.233
+08.424 -02.804 -02.328
-03.190 +05.445 -09.082
-02.602 -06.715 -07.282
-07.089 +02.586 +09.183
+02.236 +09.060 +04.869
-08.531 -06.938 -09.863
-05.187 +06.083 -01.862
+09.768 -09.594 +02.967
+01.732 -08.317 +02.682
-04.653 +04.526 -04.084
+01.369 +01.612 +04.301
-04.872 +08.238 -05.251
+08.747 -05.374 -05.715
-07.347 -06.015 +00.103
-07.949 +04.922 +05.913
+00.615 -06.236 -01.051
+07.006 +06.567 +00.815
-04.097 +04.476 +02.767
-04.416 +08.495 -01.991
+01.959 -02.007 -01.094
+06.963 +01.724 +04.382
+00.716 +02.571 +02.895
+07.964 -08.494 +08.406
-07.454 -01.228 +08.313
-00.381 +01.860 -04.407
+09.103 +01.002 -08.534
+03.078 -08.131 +07.909
+01.452 -03.089 -02.735
+05.133 -01.550 +02.998
+02.394 +08.282 -03.160
+04.211 +04.132 +00.415
+07.198 +08.725 +06.769
+04.035 -05.928 +05.573
+05.472 -08.930 -06.553
-05.712 +01.526 -08.050
+01.108 -07.538 -05.666
+02.277 -04.948 -01.207
-05.205 +03.869 -09.168
-06.164 +05.423 +06.499
-04.352 +07.876 +06.945
+09.051 -01.022 +01.000
+03.016 -04.047 -09.213
-08.307 -04.359 +06.746
-02.530 +08.318 -02.507
+00.964 -09.927 -08.287
-04.706 -01.146 +03.785
-07.025 -09.956 +08.278
+07.152 +04.862 -08.381
-07.394 -01.588 -04.228
-03.080 +00.784 -07.464
-05.309 +06.584 +03.467
-07.588 -05.463 -09.297
+06.982 +06.799 -07.146
+01.944 -06.447 -02.848
+06.611 -07.964 +05.665
+05.709 -03.561 -04.346
+00.391 +01.815 +06.898
+01.384 +01.231 -05.122
+09.830 +07.013 -09.268
+02.235 -01.558 +04.934
-03.009 +06.976 +05.397
+06.336 -04.791 -04.762
+07.062 -01.444 +02.905
-01.863 -09.120 -04.360
+04.565 -09.154 -07.230
-06.878 +00.900 -05.217
+05.382 -04.923 +08.175
+08.274 -03.874 +06.454
+04.714 -08.870 -00.041
-01.115 +06.516 +06.608
-05.772 +04.727 -09.113
-03.463 +05.934 -07.931
+02.683 +01.756 +01.040
+07.373 +09.583 +05.241
+09.958 +05.591 -02.515
-06.329 +07.039 -01.445
-06.482 -09.662 -01.198
-09.861 +07.211 +03.458
+08.158 -02.727 +02.469
-04.550 -02.122 -08.003
-04.171 -02.793 -02.198
+08.573 +04.757 +02.687
-06.139 -04.812 +00.901
+06.985 -00.577 +06.147
+06.825 +01.738 +04.781
+03.887 -08.029 +09.734
+04.757 +05.233 -05.881
+00.950 -09.531 +04.160
+07.348 +08.755 +00.595
-01.415 +03.537 -04.268
-02.396 -02.835 +03.051
-00.760 -05.309 -07.489
+04.466 +03.416 +07.871
+07.574 -07.015 +06.078
+04.166 -03.249 +04.897
-04.731 -04.351 +05.598
-03.238 -05.232 +01.061
+07.097 +08.767 +02.207
+00.178 -08.679 -09.186
+09.857 +05.952 +08.711
+03.001 +06.612 -03.469
-01.253 -03.778 +08.057
+06.541 -09.931 +02.687
+01.052 +06.798 +08.248
-00.330 +05.875 -09.339
+06.785 -08.375 -02.783
+05.962 +09.302 -09.011
-04.049 +04.231 +04.981
+02.657 -08.644 +09.986
-07.446 -05.996 -00.533
+09.035 -08.537 +02.365
-02.911 +04.593 +02.917
-01.739 -01.189 +05.122
-09.916 +05.456 -09.874
+08.984 -07.739 +03.899
-01.495 -08.536 -03.714
+01.093 -05.247 +08.237
-05.817 -05.964 -08.820
+06.931 -02.402 -02.242
-05.349 -01.478 -08.904
+04.974 +07.559 +04.304
-05.743 +09.832 -09.752
+02.133 +02.805 +00.090
-03.117 +02.441 +06.051
-07.204 -03.888 -04.023
+05.334 -00.464 -09.238
+04.068 +03.107 +00.211
+03.408 -09.545 -03.326
-08.098 +02.190 +03.104
+04.889 +02.952 +00.535
-01.544 +05.253 +04.083
+09.142 -04.800 -03.827
+08.567 -00.436 -06.500
+02.683 -08.127 +05.927
+01.506 +05.250 +08.237
-08.220 -02.330 -03.299
-03.401 -05.840 +05.930
+02.343 +03.551 -01.879
-02.306 -00.320 -03.849
+07.263 -06.300 +04.695
+05.229 -00.116 +05.190
+02.346 +06.719 +00.915
+06.761 +01.810 -07.912
+03.614 +03.064 +03.847
+03.720 -06.560 -05.944
+02.343 +07.517 +00.970
-01.440 +00.765 +08.456
-05.071 -09.758 -04.544
-06.939 +03.883 -02.490
-09.619 -01.625 +08.948
+07.548 -07.227 +01.923
-08.061 -02.283 +00.341
+06.049 +00.848 +00.143
+07.330 -08.304 -02.867
-05.250 -06.601 +00.717
+02.338 +06.792 -08.219
-03.813 +04.958 -09.952
-02.274 -00.347 +03.470
-09.324 -07.721 -07.768
+04.126 -07.148 -00.878
+03.508 -02.127 -09.661
-08.986 -00.328 -02.759
+00.973 -02.285 -05.854
-00.298 +01.483 +09.956
+09.277 +04.815 -03.742
+04.601 -01.061 -07.845
-09.856 +09.290 -00.049
-08.019 -04.096 -00.599
-00.134 +03.949 -07.825
+00.679 -08.718 -06.942
-02.634 +07.341 -08.303
+09.580 +05.341 +01.539
+05.963 -07.363 -04.234
+06.685 -04.230 +09.139
+09.819 +07.277 -01.240
+09.428 -02.145 +06.404
-05.034 -06.163 +06.737
-07.090 -07.655 +02.182
-06.952 +00.606 +03.788
+08.238 +03.142 +03.349
-07.195 +05.765 +03.765
-03.443 +06.489 +09.017
-04.459 -05.477 +08.783
-00.448 -00.435 -05.121
+06.018 -07.549 +00.839
-00.659 +09.106 +01.815
-03.540 -08.553 -06.787
+04.491 -09.926 -07.456
-00.294 +05.580 +01.652
+07.744 -07.484 -06.947
+08.682 -02.886 +01.404
+07.098 -07.472 -07.472
-01.599 +00.970 -04.054
-07.435 +00.951 +05.511
-02.902 -08.933 -00.767
+06.775 -04.661 -00.434
-03.329 -06.447 +07.324
+09.435 -07.100 -01.974
+09.051 +00.203 -04.527
+00.165 -09.313 -06.984
+04.649 -05.416 +03.150
+06.049 -03.948 -06.683
-00.771 -08.553 +04.563
+08.482 -01.129 +06.317
-05.741 -02.702 +00.928
+01.705 +00.782 -05.291
+08.799 +09.155 -09.619
+01.584 -09.610 +01.150
-00.670 -04.805 -05.707
+09.159 +08.497 -03.931
+08.035 -02.489 -00.624
+07.735 +02.683 +08.514
+09.691 +09.046 +00.559
-01.793 +06.538 -02.122
+06.344 +09.722 -00.661
+07.981 +07.600 -03.437
+05.572 +00.850 -01.811
+06.614 +02.076 +02.511
+04.941 +08.359 +04.321
+00.393 +06.446 +03.527
-06.496 +00.059 -09.861
+06.908 -00.741 +00.593
-06.187 +06.933 -02.489
+07.064 -06.763 +06.259
+03.298 -07.939 +07.874
-07.797 +03.993 +09.758
-08.725 +03.607 +09.817
-00.812 +09.054 +02.930
+02.288 -02.667 +01.085
-07.047 -09.161 +02.823
-04.515 +03.417 -05.361
+02.423 -08.047 +06.717
+07.378 -04.858 +07.789
-00.653 +09.024 -08.451
+09.213 -01.778 -07.710
+07.114 -03.428 +00.260
-04.848 +08.298 -09.530
-08.157 +09.080 -04.746
-08.478 +04.283 -04.524
-09.608 -02.733 +02.205
-05.722 -09.264 +08.600
+04.060 +04.702 +06.975
-01.517 -08.626 +07.962
+07.315 +04.110 +01.597
+08.140 +00.330 -09.755
+06.394 +06.960 -08.481
+09.482 +02.203 +03.386
+02.047 +03.500 +03.756
-05.584 +08.756 -08.740
-00.030 -02.391 +09.479
+09.061 -08.921 +02.176
+05.043 -07.447 -08.681
+06.847 -07.368 +08.361
+01.569 +08.896 +00.485
-01.192 -01.084 +07.517
-08.595 -06.075 -07.508
-02.607 +09.998 -00.519
-05.255 +07.725 +04.634
-06.082 +04.732 +00.264
-03.303 -00.809 +04.473
+01.727 -09.150 +02.226
+02.022 +05.368 +01.439
+05.420 +09.683 +00.301
+04.929 -05.522 -05.657
+02.505 -02.781 +06.463
+04.812 +08.179 -00.564
+07.842 +02.570 -07.857
+04.722 +02.788 -08.519
+03.291 -06.838 +04.392
+07.534 -03.642 +02.415
+00.236 -08.043 +03.840
+06.644 -01.654 -00.698
+02.258 +05.350 +07.906
+07.552 -07.603 -03.585
+08.862 -06.006 +09.420
-06.564 +09.350 -06.916
-08.756 +07.107 -00.465
-05.113 +08.833 -06.054
+00.947 +06.169 +05.878
-08.562 -02.281 -07.263
-04.899 -05.970 -06.018
-03.088 -04.310 -09.311
+04.907 -00.511 +03.271
-04.091 -03.872 -05.431
+04.097 +00.428 +02.151
+08.223 -01.739 -08.940
-03.065 -09.186 +04.493
-02.545 -03.539 +05.105
-00.746 +03.456 +02.563
-04.385 +07.817 -04.049
-00.891 +07.625 +06.485
+06.905 +08.670 +06.314
-02.157 -05.789 -06.873
-04.275 -00.083 -09.171
+01.120 -08.890 +00.675
+03.920 -08.435 +07.919
+00.392 -08.435 -03.493
-03.054 +05.059 -09.667
-09.035 -08.651 +01.367
+09.022 +08.424 +00.433
+00.874 -01.392 -07.307
+09.319 -04.171 -08.409
+05.108 +07.664 -07.316
+06.496 +03.517 -03.517
+00.198 -05.853 +07.517
+05.215 -00.892 -09.526
+05.374 -02.195 +03.557
-03.106 -03.611 +04.914
+06.357 -07.830 -05.037
+07.504 +01.184 -03.780
+00.408 -03.025 +04.592
-03.609 +00.372 -05.099
-09.260 -05.936 +04.159
-05.219 +02.839 -09.105
-00.532 -08.323 -05.737
-07.437 +08.996 -03.318
-08.913 -04.443 +02.626
+01.401 -01.810 -02.180
+01.044 -06.776 +09.915
-06.360 +05.388 +03.161
+02.377 -07.593 +07.216
-02.171 -06.080 +09.270
-04.427 +03.242 -05.851
-08.160 -05.820 +04.764
+07.950 +05.307 -03.472
+04.711 +06.729 +01.855
+02.593 -09.064 +09.058
-06.157 -00.206 -00.848
+01.660 +02.389 -01.185
+08.544 +00.657 +05.311
+03.060 +01.203 -09.346
-03.100 +08.666 -00.041
-06.523 +08.419 -04.266
+05.979 -06.717 -04.435
-02.527 +01.320 -04.270
+03.832 +03.101 -03.572
+04.680 +00.023 -09.571
-09.775 -04.118 +03.286
+08.939 +07.007 -00.747
-07.084 -07.683 +08.741
+02.010 -01.925 -04.181
-00.616 +09.969 +03.336
-08.807 -03.714 +01.590
+02.608 +01.916 +05.928
-08.133 -06.055 -08.844
+09.560 +03.713 -00.326
-09.334 -06.862 -06.390
-09.259 -00.274 +04.763
+06.684 +06.580 -04.144
-02.831 +09.930 -09.197
-00.882 -09.115 +02.725
-07.603 +00.261 +04.702
-07.008 -04.788 +07.308
-08.409 +04.828 +05.281
+06.318 -04.053 -09.204
+00.978 -09.409 +00.865
-00.015 +00.667 -06.833
-05.759 +01.884 -00.574
-03.942 +03.150 +05.870
+03.419 +06.183 -05.015
+01.667 +05.072 -01.348
-07.970 -04.975 +06.543
-00.005 +06.970 -08.328
-06.480 +01.880 -04.807
+00.261 +09.541 -00.504
-00.279 +07.522 -00.515
-02.342 -09.789 +01.027
+03.592 -01.118 -04.273
+04.280 -05.965 +06.541
+07.458 -06.252 -03.000
-05.924 -01.411 -00.143
+03.403 +09.079 -05.989
-02.623 -08.691 +05.198
-05.781 -06.156 +05.349
+00.947 +07.951 +07.500
+08.322 +05.102 +00.009
-02.477 +09.926 +03.865
+07.363 -05.957 +06.743
-00.235 -04.320 +02.075
-08.549 -04.476 +09.862
+06.165 -05.175 +04.005
-06.923 -00.644 -03.346
-08.520 +07.285 +02.688
+01.796 +03.988 -08.929
+09.452 +05.569 +03.018
+07.405 +01.769 +00.627
+05.260 +04.784 +03.848
-06.799 -00.654 +07.550
-02.776 +01.578 -00.243
+01.355 +03.572 +07.754
-00.635 +04.194 -02.309
+08.073 -04.888 +04.530
-00.762 +02.051 -09.712
+06.623 -00.726 +00.900
-01.359 +04.349 -09.605
+09.035 -02.742 -02.967
-08.501 -01.644 +02.700
+08.980 -07.577 +03.852
-09.503 -04.223 +06.411
-09.867 +09.071 +02.896
-09.377 -05.048 +07.399
+00.703 +05.303 +02.154
+07.120 +02.103 +07.104
+06.449 +08.575 +03.718
-06.730 -09.984 -08.221
-00.885 +04.415 -01.030
-06.052 +02.118 -01.848
-04.414 +00.262 -00.097
-02.097 -01.935 -09.626
-01.741 +06.294 +07.798
-06.521 -06.129 -01.895
+07.226 -02.767 +02.276
-07.013 -06.739 +06.966
+05.061 -08.947 -05.330
-06.703 -03.461 +09.401
-05.276 +06.718 +01.375
-03.480 -02.183 -05.179
+07.258 +03.808 -06.183
-09.350 -06.340 +02.856
-04.304 -04.059 -09.864
+00.384 +01.143 -08.275
+07.470 +03.996 -08.391
+09.691 -03.208 -03.821
+03.936 +08.748 -01.334
-09.649 -03.680 -04.332
-00.607 -06.876 +05.075
-05.829 +04.093 -08.695
-02.127 -00.378 -06.434
+01.687 +09.559 -02.727
+07.110 +01.628 -06.901
-08.806 +00.962 +03.244
+06.490 -05.204 -06.666
+00.967 -02.703 +09.870
+04.259 +06.151 -03.619
+01.683 -09.785 -02.180
+05.448 -06.388 -03.528
-08.694 +03.778 +07.476
+04.270 -09.266 -04.238
+03.474 -06.434 +06.934
-03.279 -03.139 +07.491
-01.633 +02.159 +04.374
+04.823 -05.897 -08.991
+05.766 +04.267 +01.411
+07.783 -04.849 +05.812
+00.244 -06.469 +06.156
+01.347 +02.719 +05.796
-05.765 +02.274 +05.504
-05.766 +04.477 -05.206
+03.388 -03.505 +01.419
+05.161 -08.073 -09.015
+00.688 -09.600 -03.058
-08.256 +09.129 +05.820
+00.624 +08.149 +03.152
+08.687 -01.697 -07.991
-07.729 -01.379 -09.414
-06.891 +00.668 +07.648
+04.040 -01.569 -02.917
+02.844 +08.867 +04.061
-04.087 +08.056 -00.661
+02.795 -04.208 +00.807
-07.724 +06.034 -07.083
+01.142 +02.313 -02.662
+00.544 -05.257 -06.818
+03.990 +08.642 +00.794
-02.450 -04.376 +05.449
-03.248 +02.282 -08.639
-01.060 +06.477 -09.365
-05.851 -04.667 -09.264
-03.984 +00.209 +08.074
-03.621 -07.281 +08.653
-00.891 -06.025 -08.513
+06.248 +05.857 -04.032
-07.617 -02.380 -03.486
+08.529 +06.578 +02.786
+03.190 +08.343 -03.992
+06.977 +09.747 +09.205
-06.646 -09.926 +07.906
-01.454 +04.066 -08.675
+01.372 +02.568 -07.310
-02.735 -03.432 -08.482
+00.991 -07.197 -02.643
+06.164 -05.959 -04.698
+06.329 +09.799 -07.804
+08.694 -06.976 -01.073
-07.741 +06.046 +06.148
+08.374 -03.690 -00.669
-03.735 +07.104 -01.358
-07.167 +07.922 -06.693
+01.342 +03.946 +00.224
-05.692 +03.904 +08.145
-02.683 +08.772 -00.369
-00.623 -05.869 -03.831
-04.586 +09.622 -00.896
-03.130 +00.328 +01.479
-00.966 +05.697 +04.178
+01.865 +02.026 +06.513
-00.480 -00.326 +03.848
+06.969 -08.566 +01.569
+09.606 +09.131 -09.693
+05.146 -00.045 -03.620
+01.252 -09.648 +05.206
+07.852 -01.085 -00.136
-01.677 +06.392 -02.993
+07.325 -09.066 -06.441
+04.011 +03.013 -03.604
-00.658 -09.272 -04.934
-00.059 -01.750 +04.946
+03.285 -07.340 +02.535
-01.947 +05.593 +01.629
+07.952 -03.414 -02.216
+02.826 -06.930 +05.373
+08.220 -09.466 -05.055
+01.668 -08.207 -07.009
+01.564 -05.184 -00.696
-04.577 +08.198 -08.473
+01.978 -01.845 +07.242
-07.789 +02.958 +00.232
-01.268 -05.608 -05.386
+07.884 -08.544 +08.070
+06.954 -02.960 +06.798
+09.904 +07.794 +09.726
-03.256 +07.975 -09.656
+06.301 -08.278 +00.777
-01.721 +08.440 +02.811
+08.800 +01.551 +08.544
+01.272 -02.676 -07.121
-01.692 -07.667 +07.302
+05.674 +08.911 -04.659
-02.330 -05.741 +05.483
-00.727 -01.093 +09.440
-02.772 +00.458 +01.052
+05.874 +04.909 +01.010
+04.533 -09.700 +01.590
-08.858 +00.955 -07.087
+00.081 -08.137 -03.333
-01.654 +00.649 +06.383
+05.138 +01.372 +02.438
-09.162 -01.498 -08.189
-07.476 -08.914 -03.823
+00.180 +06.245 +00.824
+02.097 -01.682 +03.107
-04.114 -03.758 +07.183
-07.334 +06.308 -03.374
+05.532 -00.633 +05.814
-01.460 -00.737 +03.816
-03.512 +06.931 +05.834
-09.611 -05.818 +07.295
-05.805 -02.499 -07.011
+02.167 +00.994 +03.222
+05.877 -03.434 +04.736
-04.896 -03.262 +04.955
-04.460 +01.980 +05.711
-02.590 +08.563 -05.740
-09.979 +07.460 +06.999
+03.024 +00.661 -04.031
+08.146 -04.704 +04.196
+04.963 -01.925 -09.875
-04.060 -03.833 +09.984
+07.119 -09.334 -00.754
-06.406 +04.976 +06.172
+08.805 +06.090 -01.846
+01.833 -09.031 +03.855
-04.727 +06.630 -03.772
+03.543 +05.726 +00.257
+07.570 -06.303 -04.878
+07.314 +06.503 +01.883
+07.750 -09.842 +05.465
-05.626 +05.160 -07.981
+08.152 +01.591 +07.207
+07.070 -08.272 -08.291
+05.713 +00.024 +09.833
-03.780 -01.127 -02.110
+09.163 +08.876 +08.154
+06.886 -09.815 +03.816
-09.302 -09.084 +00.753
+03.683 +05.586 +06.705
+07.849 -00.890 +08.683
-04.767 +01.172 -02.876
+02.824 +06.600 -02.613
+03.459 -01.040 +04.716
-03.160 +05.122 +01.053
+06.854 -08.774 +08.511
-06.756 +02.598 -05.340
+05.708 -00.626 -05.352
+04.981 -07.224 -09.012
-06.588 -04.663 -05.697
-00.884 -02.402 +00.135
+05.200 +09.537 -07.960
-02.713 -07.711 -00.937
-04.803 -03.749 +06.921
+06.201 -05.985 -03.873
-03.791 -07.174 -00.645
+05.552 +06.939 +02.276
-02.159 +06.297 +09.958
-04.462 +06.257 +03.846
-04.331 -09.624 +09.606
+09.032 +09.961 +04.848
-05.655 -09.284 +00.587
+09.964 +00.658 -02.584
+08.500 -04.573 +00.613
-04.159 -06.719 -01.525
+01.269 +07.980 +01.375
+04.488 -09.992 +02.999
+04.563 -01.454 -04.901
+03.664 -01.019 +02.875
+08.995 +07.351 -09.911
-02.709 +04.760 -00.867
+05.833 +00.283 -01.649
+07.383 +02.337 -08.557
+02.420 -02.786 +09.906
+06.342 -07.521 -09.789
+02.396 -02.484 +07.344
+06.125 +08.152 -08.059
-09.931 +01.762 +05.674
+01.503 +06.732 -08.150
-06.609 +04.990 -01.836
-04.054 +09.282 -08.753
-05.021 -04.088 +03.601
+04.305 -08.953 +03.122
+09.496 -01.476 +05.019
-03.241 -01.224 +02.684
+02.248 +06.909 -02.041
-06.577 +02.674 +07.110
+08.501 +00.515 +09.364
-06.750 +09.473 -08.696
-08.910 +03.839 -09.712
-08.415 +09.396 -00.149
+07.811 +01.829 +09.522
-05.915 -09.072 -09.606
+03.574 -07.695 +09.351
-03.495 +06.062 +09.464
-07.009 +08.134 -09.001
-05.726 -04.022 +05.919
+08.794 +08.289 +06.343
-01.260 -07.050 +00.358
-06.760 -02.446 -05.607
-02.022 +03.151 -08.012
+09.434 -00.301 -08.207
+07.416 -03.608 +06.761
+02.133 -03.746 -01.580
-01.035 -06.213 +00.897
+07.213 +08.437 +02.777
-03.657 -06.560 +06.103
-06.428 -03.372 +01.632
-02.952 +09.236 -05.061
+01.637 -08.628 -01.035
-07.823 -05.452 +02.704
+08.996 -07.637 +03.007
-08.456 -03.749 +05.439
+07.521 +09.282 -08.883
-02.467 -02.773 -04.946
+06.587 -09.465 -00.170
-05.767 -01.990 +02.842
-07.899 -00.357 +04.612
-08.242 +07.953 -05.225
-00.558 -08.477 +06.242
+02.122 +09.345 +03.666
+02.185 +03.040 +08.352
-05.124 -04.691 -03.221
+06.999 +04.986 +02.087
-09.404 -07.274 -03.430
-03.360 -07.585 -09.449
+01.437 +09.133 -07.410
+05.690 +07.054 -05.416
-08.814 -01.316 +02.661
+00.970 +00.041 +01.023
+02.898 +07.732 +09.636
-01.616 +09.462 +09.842
+02.812 +04.140 +02.659
-06.743 +00.156 +03.304
+01.558 -04.849 -00.376
-01.798 -02.945 +04.325
-08.195 +00.261 +08.780
-02.409 -03.879 -05.903
+06.928 +07.404 +06.606
+02.693 -04.401 +09.537
-07.561 -04.622 +00.900
-03.407 +02.868 -04.750
-04.134 -09.523 +09.311
+00.640 -04.302 +03.096
-02.361 -06.470 -09.829
-02.064 +08.469 +09.998
+08.911 -05.913 +06.710
-00.846 +05.086 +02.470
-01.759 +01.363 -08.949
-08.002 +06.889 -05.803
-03.220 -03.577 +01.619
-05.236 -00.668 +06.346
-03.698 -04.192 -01.318
-07.491 +04.248 +02.098
-02.287 -09.867 +09.850
-02.152 +08.845 +05.798
+04.780 -08.680 -09.111
-08.998 +07.586 -05.789
-06.867 +09.050 -03.919
+01.462 -02.341 -06.503
-06.212 +01.374 -09.261
+06.401 -02.632 -05.471
+02.360 +09.694 -05.972
+08.551 +08.808 +04.300
+08.222 +03.786 -07.630
+01.140 -04.247 -04.790
-07.518 +03.523 +06.600
+04.714 -06.954 -04.304
+07.640 -09.499 +00.836
+02.871 -06.698 +02.747
+05.316 -05.366 +04.788
-01.457 -03.478 -08.908
-09.187 +09.867 +06.189
-06.962 +06.753 +09.724
+02.457 +06.689 +06.846
+05.147 -06.180 +01.748
-03.264 +08.085 +00.874
-07.268 +01.651 -04.109
-09.577 -08.001 -04.279
+04.728 +03.151 +05.149
+01.394 +08.186 -00.345
+00.905 -09.546 -06.655
-03.351 +01.354 +01.456
+04.524 +08.800 +09.363
-01.965 +00.383 +03.662
-07.295 -06.922 +06.416
-08.178 +04.368 -00.376
-01.594 -07.624 -08.184
+01.961 -08.223 +06.686
+01.726 +02.858 +00.432
-02.354 +03.592 -00.851
-02.038 +02.617 -07.698
-00.781 -01.473 +07.658
-04.364 -06.595 -04.587
+08.693 -00.193 -03.633
-08.322 -00.762 +03.405
-03.178 +07.144 +08.027
+07.148 -08.503 -04.071
+00.578 +03.698 -02.621
-09.779 -03.811 -04.735
+05.250 +09.193 +04.606
-01.822 +04.176 -05.404
-07.356 -05.718 +07.077
-00.655 -02.579 +00.897
+06.278 -05.922 -04.837
+00.266 +01.552 -08.326
+00.634 +05.991 +05.617
-04.175 +05.223 +06.541
-09.432 -09.821 +02.808
-08.156 +04.354 +00.421
+01.663 +01.443 -02.992
-03.096 +09.044 -07.710
-03.755 -03.875 -08.361
+07.675 +05.101 -03.801
-01.214 +05.139 +01.273
+02.285 +09.730 -03.308
+09.747 +06.026 -01.123
+04.745 -06.236 +06.453
-06.388 -09.670 -07.733
+03.210 +09.070 +07.437
+08.405 +07.999 -06.910
+02.856 -00.860 +06.548
-05.447 -09.812 -09.655
+00.912 -07.820 -05.159
-01.054 -07.589 +03.241
+02.952 -02.785 +08.047
-06.930 +09.623 +00.749
-07.075 +04.895 +01.064
+07.933 +01.756 -05.863
-09.416 +02.564 +02.391
-08.724 +08.471 +03.016
-07.667 -08.574 -08.154
+04.452 +01.572 -06.900
-09.114 -01.169 -04.885
+03.848 +06.192 -07.975
-06.614 -00.742 -04.748
-00.540 -06.432 -07.712
-02.976 +08.190 -06.575
-02.266 +03.565 -08.292
+05.768 -01.637 +02.019
-08.645 -06.113 +04.345
-06.423 +05.689 +07.592
+06.907 -03.237 +02.709
+03.581 -00.985 -08.562
-00.841 -04.209 +04.794
+03.866 -00.589 -02.528
-06.800 +06.437 +05.439
+04.748 +03.284 -05.331
+04.699 -06.754 -01.579
+08.360 +03.782 -09.981
+07.973 +07.961 +09.422
+09.331 -03.375 +08.489
+06.043 -02.708 +02.902
+01.414 +07.320 -07.351
-09.713 -04.622 +00.732
+05.289 +00.303 -07.562
-06.666 -09.605 +02.257
-07.805 +03.891 -05.368
+03.371 -04.259 -08.338
+05.083 +03.949 -01.616
-09.921 -07.556 -04.408
-03.044 +04.347 +00.977
-08.382 -05.979 -06.328
+05.423 -01.345 +08.788
-04.977 +02.574 +04.488
-07.715 -06.079 -08.331
+08.276 +01.063 +06.209
+09.610 -06.487 +05.693
+00.439 -01.156 -04.449
+04.903 +06.750 +05.279
-07.377 -09.496 +02.720
+05.454 -06.593 +07.880
+01.511 -02.592 +06.487
+09.975 -05.205 -06.735
+00.454 -06.321 +03.010
-07.149 +00.424 -01.975
+08.130 +02.688 -05.825
+00.841 -01.889 -03.320
-05.305 +09.575 +09.770
+04.008 +07.046 -03.537
+06.901 -08.972 +08.657
+06.148 +04.709 -07.240
-01.357 +08.843 -05.332
-04.225 +02.191 -02.605
-05.354 +00.686 +00.040
+06.091 +00.071 +05.312
+03.281 -03.323 -09.027
-01.272 -02.412 +09.742
-04.123 -01.699 -07.599
+04.199 +04.124 +00.978
+00.168 +09.876 +02.913
-05.204 +07.207 -00.822
-05.260 -05.678 +06.868
+01.702 +09.833 +00.944
+09.724 +04.473 -08.055
+04.136 +01.047 -00.724
+01.437 -05.739 -06.695
+04.259 -01.486 -09.666
-04.030 -04.470 -09.973
+03.995 +06.282 -05.575
-03.006 +02.240 -01.935
+04.446 -02.994 +06.447
-06.922 +00.174 +04.835
+09.307 +05.318 +08.543
-06.218 +02.567 -07.459
+08.153 -00.251 -09.775
-04.076 -00.845 +05.079
-08.532 -09.041 +06.818
+02.010 -04.697 -04.425
+03.978 +09.980 +06.500
+02.147 +01.754 +03.449
+02.993 +04.836 +04.059
+08.459 -04.917 +05.061
-01.639 -02.066 +03.365
+05.081 -05.806 +06.828
+01.044 +06.808 -07.091
-08.266 +06.773 -07.268
+00.482 +01.811 +01.543
+07.342 +05.810 +09.182
+00.944 -03.115 -06.040
-04.309 -00.530 +04.632
+03.562 +08.097 +07.518
-01.476 -05.691 +02.585
-05.914 +08.280 -05.121
-06.662 -09.523 +03.015
+01.589 +02.110 -09.616
-07.666 +07.390 -09.309
-05.113 +04.711 -05.859
+04.102 +05.962 -07.556
+01.843 +05.939 -07.147
+01.367 +01.427 -08.542
+09.113 -02.111 +01.858
-01.605 -01.496 +04.579
+08.119 +09.327 +04.562
+09.477 +01.511 +05.792
-03.275 +04.816 +08.432
-04.310 -09.433 -00.747
-04.820 +03.546 +01.236
-07.162 -01.477 -02.596
+03.337 -03.402 +08.579
-06.228 -01.367 -03.374
+00.511 +04.239 +08.243
-07.018 +04.410 +00.943
-02.829 -08.983 -02.567
+07.122 -00.183 +03.402
-00.423 -02.094 -00.210
+06.229 -08.116 +09.675
-04.123 -08.214 -00.511
-05.573 -07.545 +01.837
-07.331 +07.612 -04.044
+05.658 -04.686 -02.258
-01.197 -00.960 -05.470
+06.856 +08.958 -08.252
+02.177 +06.831 +09.357
-04.080 +06.883 -07.265
+03.252 +07.166 -03.721
+04.784 -03.864 -06.912
+07.211 -07.043 +06.270
-08.620 -01.975 -01.309
-02.068 +01.834 +06.847
+04.048 +07.752 +08.782
-09.909 +01.720 -02.582
-09.904 -03.550 +03.870
-05.479 -08.324 -07.305
-06.786 -07.281 +02.300
-04.855 -01.595 -05.658
-03.448 -08.601 -03.248
+05.111 +03.385 -06.770
+05.108 -05.747 +05.924
-01.567 -08.960 +02.007
-08.049 -09.788 +06.737
+04.650 +00.989 +01.487
-02.530 -08.446 -09.786
+08.829 -04.007 -08.195
-00.592 -09.989 -08.634
+02.660 -02.280 +06.091
+04.581 +04.114 -06.336
-00.706 +09.905 -03.648
+04.861 +01.737 -07.009
-04.068 +06.174 +07.965
+09.723 +03.107 -06.912
+02.752 +04.579 -09.441
+09.523 +00.702 +06.808
+02.275 -03.671 +04.678
-09.572 +08.270 -04.163
+04.753 -04.741 +06.487
-01.730 -00.450 -04.061
+00.411 +05.066 +02.184
-02.204 -05.925 +06.039
-04.433 +08.219 +04.713
-07.327 +06.605 +07.566
+08.024 -03.328 -01.965
-08.679 +04.277 +08.290
+00.543 +03.414 -02.275
-07.124 +00.223 +09.290
-04.119 +03.734 +02.844
-02.443 -04.735 -01.201
-03.083 -06.475 -05.323
+09.440 +02.014 -04.664
+03.984 +07.981 +09.129
+08.117 -04.264 -07.770
+00.620 +03.190 +08.476
-03.343 -07.876 +08.033
+02.825 +07.021 -06.450
-01.364 +08.865 -06.861
+06.612 -03.810 +04.547
+02.415 -07.186 +07.469
-02.689 +02.881 -03.422
-05.487 -09.783 +09.234
+06.275 +05.232 +05.108
+07.055 +06.291 -06.977
+09.525 -08.215 +06.171
+05.205 -09.421 -01.183
+04.413 -08.755 -03.289
-08.937 +05.825 -07.021
+04.235 +04.441 -07.396
-07.411 +06.845 -00.874
-08.485 -08.876 +05.869
-01.747 -00.538 -03.118
-09.013 -05.179 -08.261
-02.861 -02.993 -01.093
+00.500 +03.704 -05.074
-00.178 +05.083 +01.963
-08.336 -08.273 -03.924
-02.674 +09.307 +01.672
-05.482 +03.793 -03.956
+05.295 -05.171 -03.980
+09.371 +00.747 +08.773
+05.440 +00.831 -02.585
-07.721 +01.873 +06.054
-05.434 -06.269 +08.938
+02.376 -01.058 -09.777
-01.854 -03.050 -08.534
-06.519 +05.018 +03.345
+07.187 +02.526 -03.961
+00.636 +07.245 +05.384
-00.440 +09.063 -00.831
-08.439 -03.873 -07.153
+03.948 +09.619 -05.190
+04.365 +06.773 -01.137
+06.446 -02.242 +05.499
-06.683 -03.644 +04.685
-09.761 +04.360 +00.047
-04.526 -07.596 +02.509
-03.014 +03.608 +01.265
-00.683 -01.378 -02.343
+05.494 +05.667 +09.275
+05.378 -03.909 +02.636
-00.648 +05.950 +00.162
+09.482 -03.459 -06.926
+03.815 -00.205 +03.859
-07.917 +05.938 +06.914
-09.428 +03.869 +00.431
-03.261 +00.560 +04.834
-03.422 -09.921 +07.604
-03.016 -03.732 -02.633
-09.726 +07.116 -00.571
+00.993 +04.836 -08.257
+05.599 +07.988 +07.368
+05.987 -02.531 +06.554
-09.376 +09.531 +06.932
-05.202 +09.682 +07.003
-08.428 +02.556 +01.908
+04.488 +07.492 -06.552
-00.625 -03.680 +07.222
-00.976 +05.853 -09.333
-09.303 +04.903 +03.329
+04.932 -01.334 +03.889
-06.452 -08.077 +04.895
-05.392 -01.122 -08.614
-07.948 +08.784 -02.902
+03.960 +03.284 -03.180
-06.148 -02.050 +07.905
+04.823 -07.158 +06.705
+01.236 -02.579 -00.108
+07.933 +07.548 +07.648
-09.442 -01.762 -09.617
+06.625 -03.894 +07.139
-06.347 -01.600 +08.928
+03.709 +07.387 +05.287
-07.741 -07.934 -09.661
-01.150 +01.982 +02.553
+00.614 +07.268 -06.649
+00.157 +08.311 +07.507
-00.082 +05.446 +00.800
+03.769 -07.346 +08.684
+01.363 -05.756 +03.889
+00.279 -04.585 +02.698
-08.751 -03.198 +07.497
+09.541 +06.907 -05.855
-06.308 -08.711 +01.025
+09.611 -04.801 -05.604
-00.557 -08.058 +01.305
+02.362 -04.884 -04.661
+03.393 +08.018 -09.336
+01.262 +07.674 +05.628
-06.608 +01.188 -05.113
+04.442 -04.991 +08.969
+01.434 -06.147 +01.173
+07.330 -03.395 -08.028
+04.199 +05.801 -02.374
-00.473 +01.013 -06.372
+06.749 +00.949 +04.516
+04.672 +00.489 -05.095
-06.542 -07.226 +03.728
-01.069 -09.183 +08.237
-05.485 +04.051 -07.812
+01.497 +03.998 +09.358
+03.859 -09.257 +00.052
+08.261 -05.115 +05.491
+05.067 +02.581 +00.335
-02.265 +04.062 +03.944
+06.137 +04.046 -00.091
-05.468 +04.772 +07.637
-03.681 -04.855 +05.332
-06.558 -03.210 +03.062
-09.551 +08.864 -00.366
+09.852 -04.742 -07.880
+07.536 +06.240 -03.461
-08.169 +04.812 -02.236
+03.890 +09.803 -09.403
-03.109 +03.160 -03.986
-00.989 +01.224 -06.896
-06.199 +01.084 -08.044
+09.195 +03.974 -04.225
-05.109 -06.889 +08.729
-02.815 +05.056 +05.375
-07.748 -03.850 +03.450
+08.604 -09.130 +02.701
-06.797 -06.299 -04.998
+09.608 +05.061 -03.268
+07.785 +02.255 -07.361
-07.524 -08.689 -01.841
+06.637 -08.511 +07.452
+00.802 +04.640 -06.761
-07.917 -05.996 +07.120
-05.409 -03.613 +07.310
-08.406 -09.568 -08.929
+01.132 +08.194 +03.054
-04.613 +03.307 +01.291
-01.361 +06.822 +02.793
+06.860 -02.597 -00.162
-06.526 +05.761 +03.207
-00.821 +01.458 -04.143
-06.878 +03.264 +01.183
+02.076 +08.357 +05.473
-05.619 -08.048 -05.160
+09.404 +03.832 -02.296
+01.554 +08.555 -06.388
+05.631 -02.525 -00.764
+09.119 -01.490 +02.656
-03.993 +06.453 +09.843
+03.081 -04.092 -02.937
+06.690 +03.394 -08.657
-07.129 +01.783 +06.848
+01.549 +06.778 +06.489
+06.054 +03.843 -01.333
-00.377 +07.667 -03.557
-02.429 -05.966 -00.480
-06.648 +01.890 +09.223
-00.144 +08.869 +08.319
-09.144 -05.060 -09.581
+03.418 -03.242 -02.436
-06.968 -02.410 +09.292
+03.913 -09.562 +00.781
+01.536 +06.174 +09.708
+05.334 +07.664 +08.633
+02.799 +04.531 -03.124
+04.439 -06.371 +02.085
+05.555 -09.956 +03.349
+02.508 +05.981 +09.058
+05.973 -07.443 +05.514
+02.518 +01.394 -03.602
+06.686 +04.287 -04.143
+00.064 +03.340 -02.475
+02.402 +09.763 -03.735
+03.714 +04.779 -09.802
+04.570 +05.009 -07.647
-04.018 -09.411 +00.810
+07.699 -09.505 +06.263
-01.797 +05.659 +01.411
-01.289 -02.942 -03.431
-04.990 -07.893 +08.652
-05.180 +03.681 -00.811
-08.628 +05.402 +00.777
-06.957 +05.169 -01.687
-05.367 -00.584 +04.831
-04.120 -07.538 -01.796
-05.661 +03.418 +06.470
-05.631 +04.322 -02.357
+04.870 +08.775 +02.407
-09.150 +01.646 -09.696
+08.891 -09.714 -07.637
-08.681 +00.610 -01.139
+00.152 -04.746 +02.908
+07.529 +07.914 -00.696
-07.679 -08.471 +01.295
+07.176 +04.817 -09.558
+01.091 +01.329 -00.330
-03.462 -06.566 -03.704
+05.419 +03.449 -05.459
+00.235 -07.231 -01.155
-02.516 +04.124 -06.331
+05.136 +09.707 -08.648
-08.247 -03.947 +05.994
+00.119 +05.397 -04.505
+03.090 +08.365 +03.912
+08.258 -09.751 -04.068
+08.683 -05.936 -02.129
-09.754 +07.900 -02.992
+05.921 -00.885 +09.731
+02.874 -09.318 -05.945
-02.448 -04.644 -03.913
+06.295 +08.097 -05.367
+05.227 +01.768 +08.981
-06.609 -03.886 +05.829
+01.369 +00.998 +02.073
-09.649 +06.721 -03.782
-09.047 +08.756 +00.677
+09.507 +02.371 -01.447
+03.382 -07.723 +04.942
-05.385 -02.492 -06.212
-01.945 -00.661 -07.469
-01.479 +06.619 +06.443
+04.093 +02.672 -00.137
+01.349 +08.602 +07.341
-06.539 -06.365 +01.900
-07.542 -09.769 -06.524
-04.121 +07.848 +09.357
-06.220 +02.223 -01.174
-02.802 -07.061 +05.731
-09.858 -04.636 -03.415
-04.862 +01.749 +07.744
+07.726 +08.801 -00.866
-02.767 +09.268 -04.476
-04.212 -09.689 -09.381
-06.174 +03.009 -03.790
+03.956 +05.610 -06.340
-01.232 -07.868 +07.923
+05.561 -08.292 -08.726
+01.884 -00.749 +00.892
+09.004 -05.646 -07.853
-01.239 -09.204 -05.043
-06.866 +04.731 -00.999
+06.907 -01.940 -04.666
-02.593 -07.890 +06.066
-00.104 +07.462 +07.636
-05.865 -06.785 +04.908
+02.625 -01.697 -03.401
+05.841 +04.633 -08.439
+05.887 +06.578 +09.957
+05.814 -08.027 -06.919
+08.229 +01.675 -07.306
+03.742 +07.184 +04.223
-02.845 -04.819 +03.466
-05.114 +03.542 +07.887
+07.855 +02.184 -03.505
-03.444 -07.161 -04.303
-00.232 +04.203 +08.739
-03.258 -00.058 +08.474
-07.644 -02.460 -03.533
+07.457 -06.789 -06.306
+01.199 -09.510 +03.505
+06.012 -03.206 +03.551
-00.275 -02.335 -01.038
-07.778 +01.726 +02.273
+01.906 +05.041 -09.857
-08.718 +06.154 -05.637
+06.771 +09.760 -02.022
+00.280 -06.413 -09.989
+01.670 +01.932 +07.432
-04.827 +02.871 -05.837
-08.717 -09.723 +07.464
+03.649 +01.040 -04.784
+02.745 +07.834 +04.919
+07.908 -09.604 -03.690
-08.311 +06.313 +07.453
-04.135 +06.614 -00.056
-09.905 +08.479 -07.706
+04.576 -04.734 -02.470
-02.553 -06.033 +03.002
+04.903 -07.433 -05.282
-09.684 +09.851 +04.379
-08.500 +00.626 +00.870
+08.057 +03.185 +02.003
+09.159 -00.636 +09.279
+00.157 +00.356 +06.235
+06.743 +00.774 +04.759
+07.865 -05.526 -02.570
-03.841 -01.982 -08.077
-07.130 +00.564 +01.728
-01.553 +06.780 +05.006
-06.852 +01.668 -05.369
+03.061 -01.673 -05.741
+03.386 -06.286 -02.742
-01.125 -09.184 +07.754
+08.167 +02.539 +05.575
+09.221 -07.337 +09.776
-09.220 +01.373 +08.969
+00.608 +09.269 -09.741
+02.016 -02.324 -09.925
-03.890 +00.024 -03.809
-08.718 -09.848 +06.582
-01.967 -06.195 +02.234
+09.345 -02.948 -02.395
-00.743 -04.624 -01.698
-04.010 -07.278 -02.459
+04.231 +03.350 +06.948
+03.635 -03.943 +05.986
+05.022 -05.708 -03.737
+01.497 -06.732 -04.372
+05.685 +01.168 +09.756
-02.564 +00.786 -03.538
-01.169 +00.314 +06.919
+05.214 -08.676 +09.182
-03.957 -06.248 -08.508
-01.514 -09.961 +01.322
+03.893 +08.984 +03.148
-09.683 +01.311 +04.732
-03.642 -00.165 +07.807
+03.334 +09.256 +00.710
-04.839 +05.088 +05.314
-06.391 -05.217 +02.566
-04.895 +01.136 -01.387
-01.802 +03.694 +01.862
-04.528 -00.985 -05.858
+02.365 -09.051 -05.868
-07.143 -03.674 +02.999
-02.227 +06.161 -07.887
-09.560 +09.042 -01.264
-04.501 -05.287 -02.200
+03.969 +03.564 -04.785
+05.849 -06.095 -00.329
-05.353 +09.215 -08.275
-09.616 +07.998 -04.225
+07.223 -09.889 +07.118
+03.099 -08.460 -04.288
-09.624 +07.321 -09.183
+03.312 -02.229 +01.256
-09.678 +04.625 -02.347
-07.615 +07.922 +04.808
+07.745 -01.594 +09.083
-08.467 +06.728 -01.468
-09.582 +05.965 -01.276
+03.667 +00.809 +06.590
-00.844 -09.081 -03.272
-02.757 +01.689 +03.215
-08.397 +04.635 -04.107
-07.168 +01.031 -03.244
-01.558 -03.310 +06.427
-07.333 +04.347 -09.701
+00.521 -04.554 -08.417
-03.222 -00.360 -08.662
+04.473 -00.736 -03.340
+06.116 +05.280 +03.660
+09.846 -04.215 +00.605
-00.305 -06.121 +00.442
-06.655 +06.467 -02.390
+06.259 +07.734 +01.461
-07.958 +01.306 -02.507
-09.192 -02.986 -02.427
-00.949 -00.490 -09.074
+02.400 +05.821 -06.229
+05.789 +05.478 +06.225
-07.986 -09.127 +03.273
+08.456 +00.859 -03.390
+08.361 -00.176 -09.122
+03.937 +09.911 +01.208
-00.953 -03.997 -03.919
+05.586 +04.776 +08.129
-04.491 +00.133 -02.398
+00.049 +02.250 -03.105
-06.932 -03.577 -05.478
-00.924 -01.844 +02.379
-09.886 -00.653 -05.412
+09.328 +03.054 +06.096
+08.737 -07.118 -00.419
-04.328 +02.942 -03.753
+04.681 +00.100 +09.096
-01.078 -04.081 +09.460
-00.558 -03.288 -00.570
+01.807 +03.802 +00.834
-00.987 +07.147 -08.367
-02.406 -08.386 +03.863
-08.680 -07.077 -01.387
-04.629 +06.124 +06.676
-04.990 -07.686 +07.770
-08.078 +04.577 +04.252
-03.176 +01.603 +05.848
-04.174 -03.174 +06.360
+04.912 -09.795 -09.221
+05.228 -01.802 +09.119
-04.513 +01.618 -07.835
+03.140 -02.859 +05.454
+01.327 +06.607 +03.482
-02.399 -01.629 +03.522
-01.288 +03.360 -04.973
-00.400 -05.142 -01.367
-02.563 -01.646 +09.148
+09.586 +09.900 -02.399
+01.262 +02.785 -06.308
-03.122 -03.028 -04.756
+02.478 -05.992 -02.958
-08.798 -07.980 +05.621
-00.008 +02.710 -04.462
+03.834 -01.803 +02.600
+06.358 +07.212 +07.434
+03.054 +00.365 -03.701
-05.406 +07.538 -02.470
+05.390 -09.785 -07.007
-02.314 +04.437 +07.015
-03.067 +01.741 -04.716
-08.205 +06.094 -01.271
-03.884 -05.530 -09.919
+04.418 +09.349 +06.202
-06.786 +03.633 -05.271
+01.034 +07.827 +09.925
-09.106 -01.002 -04.522
-00.365 -06.578 -09.987
+03.950 -04.415 -04.927
-04.978 +01.163 +04.353
+01.459 -06.087 +01.774
-01.166 -01.658 -00.824
-05.786 -05.362 +03.108
+03.879 -01.036 -07.274
+03.917 -04.163 +03.717
+04.231 +04.111 -09.330
+02.333 -03.712 +01.341
-06.335 -03.572 -07.913
+07.160 -00.698 -09.696
-06.265 -02.566 +06.194
+02.849 -02.882 -07.249
+06.905 -08.982 +03.493
+03.759 +02.160 +00.651
-04.845 -00.447 -09.802
-01.434 +01.322 -05.704
+05.501 -00.258 +04.049
-07.942 -02.173 -07.167
-06.209 -06.973 +03.837
+01.852 +03.713 -01.387
+08.940 +04.118 +08.209
+00.657 +06.950 +02.528
-00.539 -06.244 +01.044
+08.343 +08.040 -06.640
+07.645 +04.197 -04.386
-05.453 +06.849 -04.452
+04.890 -02.609 -08.611
-07.328 +09.819 +09.981
+03.745 -02.827 +09.723
-09.133 -07.924 +00.521
-03.074 -07.308 -02.107
+07.145 -06.504 +07.095
+00.559 -09.057 +07.883
+06.007 -03.397 +06.921
+02.936 +02.759 +06.801
+00.330 -03.672 -00.630
+01.772 -03.847 +00.900
-01.915 +08.538 -00.972
-02.648 -06.329 +02.300
-07.620 +07.750 -02.038
+03.439 +05.273 -07.668
-00.354 -03.642 -00.143
-04.110 +04.061 -04.744
-05.945 +06.788 +04.071
-07.800 +02.135 +05.918
+01.420 +07.460 +01.633
-07.310 +03.367 +01.342
-00.873 +07.415 -06.860
-04.909 +05.781 +03.837
+06.084 +04.160 +09.846
-03.852 +02.409 -03.918
-08.081 -07.663 -07.877
-02.329 -03.801 -06.312
+00.044 +03.648 +01.892
-05.909 +08.114 +09.196
-07.955 -01.350 -04.136
+00.338 -07.290 +06.578
-05.011 -07.424 -03.694
+05.721 -08.815 +00.124
+09.906 -08.334 -04.387
+04.559 -06.584 -05.363
-06.691 +01.290 -00.447
+04.116 +03.349 -03.487
-07.213 -08.937 +06.553
+01.608 +08.699 +03.932
+06.473 +03.333 -05.204
+02.310 -00.226 +04.283
+09.864 -00.846 -01.269
+04.636 -05.981 -08.958
-01.785 +00.093 -08.974
-02.855 -09.633 -08.745
-02.046 -01.712 +07.284
+03.822 -02.466 -06.059
-07.352 -04.573 +02.779
+07.548 -04.537 -06.855
+05.051 +05.230 +03.337
+05.049 -04.033 -06.187
-04.712 +04.580 +01.060
+09.646 +09.292 -01.285
-04.993 -02.028 +03.830
+02.733 -02.031 +06.828
-02.676 +08.216 +01.041
-07.757 +06.454 +07.378
-06.614 +01.952 -09.538
+00.287 -08.895 -09.670
+00.180 -00.263 +01.129
-06.856 +01.223 -08.962
-05.173 -08.668 -00.241
-07.039 -03.873 +02.704
-06.299 +01.586 -02.477
+00.700 -01.652 -06.545
+06.601 +07.211 +02.570
+07.046 +07.970 +03.792
+04.248 +06.965 -08.378
-00.661 -01.849 -01.045
+03.187 +01.637 +06.840
-08.924 +00.757 -01.095
-06.627 +09.133 -06.318
-02.194 -04.918 +09.213
+01.953 -03.951 -00.124
-07.259 +09.325 -04.941
-09.550 +04.730 -06.480
+08.491 -09.750 -02.761
-02.829 -05.112 -02.802
-05.548 -07.330 +02.769
-04.469 -09.246 -02.712
-07.883 -01.794 -07.685
+01.366 +07.281 -08.627
-06.947 -02.699 +05.057
+08.285 +09.867 -07.252
-00.185 -07.870 +06.160
-00.528 -06.130 +01.618
-06.568 +04.215 +04.294
-09.846 -09.377 -00.067
+02.891 -06.320 -00.156
+07.720 +02.609 +00.491
+08.117 +07.990 -00.426
-01.354 +08.932 -02.351
-01.665 -06.022 -01.193
-02.619 +02.630 -06.455
-05.025 -09.971 -06.532
+00.553 -01.830 +04.637
-04.397 -06.799 +03.776
+06.873 +01.303 -08.305
+01.712 +05.898 -02.558
-02.957 +09.156 +05.715
+01.972 +04.416 -04.638
+00.202 -08.042 -00.640
-07.774 +04.981 +07.813
-00.749 +03.334 +06.465
-05.329 +07.884 +01.596
-05.200 +09.831 -07.816
-04.264 +05.881 +08.824
+03.587 -08.873 -02.706
-04.458 +06.601 -03.764
-01.928 -01.824 -09.582
-00.085 -00.882 -05.319
-00.432 -02.545 +05.654
-05.866 -08.094 -02.475
+02.677 -07.048 +08.642
-07.002 +03.016 -01.668
+05.934 +00.601 +03.062
-06.627 -02.957 -06.728
+04.477 -07.696 -04.267
-03.581 +02.560 -08.519
-06.919 -03.064 -03.678
-03.169 +09.920 -04.729
-03.780 +04.896 +08.750
+08.287 -04.345 -04.020
+07.311 +04.455 -08.121
+06.981 +09.374 -05.834
-05.288 -08.911 -08.791
+08.007 +06.763 +00.134
